date,ETr,ETo,ea,sph,wind,pair,temp,rs
2016-08-13 08:00:00,0.0582,0.0414,1.062,0.0065,3.2798,101.27,18.68,0.0
2016-08-13 09:00:00,0.0459,0.0323,1.0681,0.0066,3.1164,101.262,17.38,0.0
2016-08-13 10:00:00,0.0351,0.0236,1.071,0.0066,2.6703,101.263,16.8,0.0
2016-08-13 11:00:00,0.0241,0.015,1.074,0.0066,2.2299,101.264,16.22,0.0
2016-08-13 12:00:00,0.0128,0.0065,1.0768,0.0066,1.8031,101.265,15.64,0.0
2016-08-13 13:00:00,0.0128,0.006,1.0822,0.0067,1.5803,101.275,16.93,0.0
2016-08-13 14:00:00,0.0443,0.0292,1.0875,0.0067,1.3612,101.285,18.23,88.962
2016-08-13 15:00:00,0.224,0.1846,1.0928,0.0067,1.1423,101.294,19.53,289.34
2016-08-13 16:00:00,0.3909,0.3268,1.0823,0.0067,1.3728,101.316,23.46,469.08
2016-08-13 17:00:00,0.5609,0.4694,1.0718,0.0066,1.6145,101.338,27.39,624.136
2016-08-13 18:00:00,0.7323,0.6113,1.0614,0.0065,1.8619,101.36,31.32,766.297
2016-08-13 19:00:00,0.8577,0.7227,1.0389,0.0064,1.831,101.251,34.1,894.085
2016-08-13 20:00:00,0.9632,0.8115,1.0165,0.0063,1.9038,101.143,36.88,971.96
2016-08-13 21:00:00,1.0032,0.8353,0.9941,0.0061,2.0479,101.035,39.66,963.687
2016-08-13 22:00:00,0.9927,0.8002,0.9777,0.006,2.5187,100.985,40.44,880.297
2016-08-13 23:00:00,0.936,0.7193,0.9613,0.0059,3.0269,100.933,41.23,735.927
2016-08-14 00:00:00,0.8267,0.5868,0.945,0.0058,3.5757,100.883,42.01,522.176
2016-08-14 01:00:00,0.674,0.4411,0.9269,0.0057,3.8836,100.844,38.97,340.488
2016-08-14 02:00:00,0.5302,0.3069,0.909,0.0056,4.1917,100.804,35.92,166.528
2016-08-14 03:00:00,0.2275,0.1615,0.891,0.0055,4.5002,100.764,32.87,0.0
2016-08-14 04:00:00,0.1864,0.1332,0.9045,0.0056,4.238,100.808,29.78,0.0
2016-08-14 05:00:00,0.1484,0.1066,0.9179,0.0057,3.9741,100.852,26.68,0.0
2016-08-14 06:00:00,0.1141,0.0821,0.9314,0.0058,3.7201,100.895,23.58,0.0
2016-08-14 07:00:00,0.0969,0.0692,0.9386,0.0058,3.4613,100.954,22.23,0.0
2016-08-14 08:00:00,0.0808,0.0572,0.9458,0.0058,3.214,101.012,20.87,0.0
2016-08-14 09:00:00,0.0665,0.0466,0.9531,0.0059,3.0057,101.071,19.52,0.0
2016-08-14 10:00:00,0.0542,0.037,0.9583,0.0059,2.7009,101.045,18.63,0.0
2016-08-14 11:00:00,0.0428,0.0284,0.9636,0.006,2.4216,101.02,17.75,0.0
2016-08-14 12:00:00,0.0319,0.0203,0.9688,0.006,2.1559,100.994,16.86,0.0
2016-08-14 13:00:00,0.031,0.0187,0.9762,0.006,1.8561,101.045,18.3,0.0
2016-08-14 14:00:00,0.0602,0.0401,0.9836,0.0061,1.5781,101.096,19.73,87.219
2016-08-14 15:00:00,0.25,0.1989,0.991,0.0061,1.322,101.146,21.16,286.64
2016-08-14 16:00:00,0.4248,0.3452,0.9912,0.0061,1.6458,101.134,24.84,466.2
2016-08-14 17:00:00,0.6015,0.4908,0.9914,0.0061,1.9615,101.121,28.53,621.091
2016-08-14 18:00:00,0.7794,0.635,0.9916,0.0061,2.2871,101.109,32.21,762.054
2016-08-14 19:00:00,0.9387,0.7621,0.9674,0.006,2.6255,101.028,34.79,889.339
2016-08-14 20:00:00,1.076,0.8659,0.9433,0.0058,2.9908,100.946,37.36,966.76
2016-08-14 21:00:00,1.1481,0.9061,0.9192,0.0057,3.3734,100.864,39.94,957.363
2016-08-14 22:00:00,1.1386,0.8726,0.9401,0.0058,3.8749,100.853,40.41,874.063
2016-08-14 23:00:00,1.0792,0.7924,0.9609,0.0059,4.3774,100.842,40.87,730.065
2016-08-15 00:00:00,0.967,0.6621,0.9817,0.0061,4.8889,100.831,41.34,519.216
2016-08-15 01:00:00,0.7716,0.4942,0.9439,0.0058,4.8947,100.811,38.25,337.36
2016-08-15 02:00:00,0.5929,0.3417,0.9061,0.0056,4.9288,100.791,35.16,163.124
2016-08-15 03:00:00,0.2348,0.1702,0.8682,0.0054,4.9712,100.771,32.07,0.0
2016-08-15 04:00:00,0.1872,0.1358,0.8826,0.0055,4.5167,100.844,28.97,0.0
2016-08-15 05:00:00,0.1445,0.1045,0.8971,0.0055,4.0608,100.917,25.88,0.0
2016-08-15 06:00:00,0.1067,0.0768,0.9115,0.0056,3.631,100.989,22.78,0.0
2016-08-15 07:00:00,0.0918,0.0661,0.9214,0.0057,3.5182,101.007,21.3,0.0
2016-08-15 08:00:00,0.0779,0.056,0.9312,0.0058,3.4209,101.025,19.81,0.0
2016-08-15 09:00:00,0.0647,0.0465,0.941,0.0058,3.3307,101.044,18.33,0.0
2016-08-15 10:00:00,0.0535,0.0381,0.9503,0.0059,3.189,101.064,17.15,0.0
2016-08-15 11:00:00,0.0432,0.0304,0.9597,0.0059,3.0675,101.086,15.97,0.0
2016-08-15 12:00:00,0.0334,0.0232,0.969,0.006,2.9574,101.106,14.79,0.0
2016-08-15 13:00:00,0.0386,0.0265,0.9811,0.0061,2.8045,101.123,16.08,0.0
2016-08-15 14:00:00,0.0667,0.0485,0.993,0.0061,2.6542,101.141,17.36,86.981
2016-08-15 15:00:00,0.2807,0.211,1.0051,0.0062,2.5307,101.158,18.64,288.621
2016-08-15 16:00:00,0.4478,0.3504,1.0129,0.0062,2.6907,101.208,22.03,470.936
2016-08-15 17:00:00,0.6171,0.4904,1.0206,0.0063,2.8663,101.258,25.42,628.222
2016-08-15 18:00:00,0.7854,0.6283,1.0284,0.0063,3.0458,101.308,28.81,769.8
2016-08-15 19:00:00,0.9234,0.7442,1.0034,0.0062,3.1304,101.23,31.11,898.53
2016-08-15 20:00:00,1.0367,0.8362,0.9785,0.006,3.2268,101.151,33.42,976.743
2016-08-15 21:00:00,1.0826,0.864,0.9536,0.0059,3.3432,101.071,35.72,967.573
2016-08-15 22:00:00,1.0452,0.8167,0.9286,0.0057,3.5526,101.004,36.33,882.926
2016-08-15 23:00:00,0.9594,0.7232,0.9037,0.0056,3.7707,100.937,36.95,736.798
2016-08-16 00:00:00,0.8201,0.5794,0.8788,0.0054,3.9803,100.869,37.57,525.584
2016-08-16 01:00:00,0.667,0.435,0.8644,0.0053,4.3574,100.902,34.54,340.248
2016-08-16 02:00:00,0.5228,0.3028,0.8501,0.0053,4.7348,100.935,31.51,162.56
2016-08-16 03:00:00,0.1993,0.1481,0.8358,0.0052,5.111,100.968,28.47,0.0
2016-08-16 04:00:00,0.1567,0.1165,0.8649,0.0053,4.6952,101.04,25.49,0.0
2016-08-16 05:00:00,0.118,0.0876,0.8942,0.0055,4.2696,101.113,22.52,0.0
2016-08-16 06:00:00,0.0835,0.0615,0.9236,0.0057,3.8552,101.186,19.54,0.0
2016-08-16 07:00:00,0.0679,0.0494,0.9376,0.0058,3.5544,101.179,18.26,0.0
2016-08-16 08:00:00,0.0533,0.0382,0.9515,0.0059,3.2626,101.172,16.98,0.0
2016-08-16 09:00:00,0.0398,0.0278,0.9655,0.006,2.9808,101.164,15.7,0.0
2016-08-16 10:00:00,0.0315,0.0214,0.9736,0.006,2.7518,101.132,14.97,0.0
2016-08-16 11:00:00,0.0235,0.0153,0.9816,0.0061,2.5229,101.099,14.24,0.0
2016-08-16 12:00:00,0.0158,0.0094,0.9896,0.0061,2.2849,101.066,13.52,0.0
2016-08-16 13:00:00,0.0147,0.008,0.999,0.0062,1.8853,101.087,14.78,0.0
2016-08-16 14:00:00,0.0389,0.0261,1.0084,0.0062,1.4968,101.107,16.04,84.714
2016-08-16 15:00:00,0.2063,0.1712,1.0178,0.0063,1.1309,101.128,17.31,286.275
2016-08-16 16:00:00,0.3776,0.3138,1.0288,0.0064,1.5799,101.159,21.11,468.643
2016-08-16 17:00:00,0.5601,0.4611,1.0399,0.0064,2.0815,101.191,24.9,625.939
2016-08-16 18:00:00,0.7493,0.6101,1.0509,0.0065,2.5916,101.223,28.7,767.078
2016-08-16 19:00:00,0.8902,0.7287,1.0168,0.0063,2.6612,101.123,31.4,895.539
2016-08-16 20:00:00,1.0034,0.8219,0.9828,0.0061,2.7212,101.023,34.11,973.409
2016-08-16 21:00:00,1.0442,0.8469,0.9489,0.0059,2.7911,100.924,36.81,962.577
2016-08-16 22:00:00,1.005,0.798,0.9136,0.0057,2.9781,100.872,37.6,877.908
2016-08-16 23:00:00,0.9147,0.7007,0.8785,0.0054,3.1694,100.821,38.38,731.904
2016-08-17 00:00:00,0.7692,0.5509,0.8432,0.0052,3.3659,100.77,39.17,519.472
2016-08-17 01:00:00,0.6086,0.4008,0.8003,0.005,3.5971,100.772,36.07,335.024
2016-08-17 02:00:00,0.4611,0.2647,0.7572,0.0047,3.8389,100.773,32.97,158.06
2016-08-17 03:00:00,0.192,0.1361,0.7142,0.0044,4.0697,100.775,29.88,0.0
2016-08-17 04:00:00,0.1597,0.1142,0.7428,0.0046,3.9111,100.826,27.01,0.0
2016-08-17 05:00:00,0.1297,0.0934,0.7714,0.0048,3.7647,100.876,24.14,0.0
2016-08-17 06:00:00,0.1015,0.0735,0.8,0.0049,3.6111,100.927,21.28,0.0
2016-08-17 07:00:00,0.0873,0.0631,0.8203,0.0051,3.4658,100.924,19.97,0.0
2016-08-17 08:00:00,0.074,0.0532,0.8406,0.0052,3.33,100.921,18.66,0.0
2016-08-17 09:00:00,0.0612,0.0438,0.8609,0.0053,3.1951,100.918,17.35,0.0
2016-08-17 10:00:00,0.0519,0.0368,0.8757,0.0054,3.0464,100.921,16.46,0.0
2016-08-17 11:00:00,0.0431,0.0301,0.8906,0.0055,2.9069,100.924,15.57,0.0
2016-08-17 12:00:00,0.035,0.0241,0.9054,0.0056,2.796,100.927,14.67,0.0
2016-08-17 13:00:00,0.0321,0.0206,0.9219,0.0057,2.2064,100.951,16.17,0.0
2016-08-17 14:00:00,0.0522,0.0352,0.9384,0.0058,1.6822,100.974,17.67,80.311
2016-08-17 15:00:00,0.2287,0.1835,0.955,0.0059,1.2841,100.997,19.17,279.563
2016-08-17 16:00:00,0.379,0.3162,0.9803,0.0061,1.3155,100.997,22.89,459.172
2016-08-17 17:00:00,0.5307,0.449,1.0056,0.0062,1.386,100.997,26.61,614.065
2016-08-17 18:00:00,0.683,0.5808,1.0309,0.0064,1.49,100.998,30.33,756.378
2016-08-17 19:00:00,0.8142,0.694,1.0068,0.0062,1.5852,100.904,33.01,883.212
2016-08-17 20:00:00,0.9171,0.7804,0.9826,0.0061,1.6808,100.81,35.7,959.973
2016-08-17 21:00:00,0.9486,0.799,0.9586,0.0059,1.7853,100.716,38.38,950.201
2016-08-17 22:00:00,0.9353,0.7624,0.9523,0.0059,2.2488,100.663,39.14,866.144
2016-08-17 23:00:00,0.8783,0.6815,0.9461,0.0059,2.7714,100.612,39.89,721.391
2016-08-18 00:00:00,0.7626,0.5435,0.9398,0.0058,3.3266,100.56,40.65,500.336
2016-08-18 01:00:00,0.6192,0.4052,0.9715,0.006,3.7009,100.565,37.6,321.408
2016-08-18 02:00:00,0.4836,0.2777,1.0033,0.0062,4.0976,100.57,34.56,149.64
2016-08-18 03:00:00,0.2058,0.1473,1.035,0.0064,4.5174,100.574,31.51,0.0
2016-08-18 04:00:00,0.1761,0.1282,1.0618,0.0066,4.5796,100.639,28.78,0.0
2016-08-18 05:00:00,0.1463,0.1082,1.0886,0.0068,4.6329,100.703,26.05,0.0
2016-08-18 06:00:00,0.1168,0.0877,1.1155,0.0069,4.6971,100.768,23.31,0.0
2016-08-18 07:00:00,0.0932,0.0687,1.1295,0.007,4.1017,100.788,21.92,0.0
2016-08-18 08:00:00,0.0706,0.0507,1.1435,0.0071,3.5069,100.809,20.52,0.0
2016-08-18 09:00:00,0.0493,0.034,1.1575,0.0072,2.9229,100.829,19.12,0.0
2016-08-18 10:00:00,0.0402,0.0273,1.1637,0.0072,2.7922,100.839,18.18,0.0
2016-08-18 11:00:00,0.0318,0.0212,1.1699,0.0072,2.6829,100.849,17.24,0.0
2016-08-18 12:00:00,0.0241,0.0156,1.176,0.0073,2.5979,100.858,16.3,0.0
2016-08-18 13:00:00,0.0261,0.0163,1.1889,0.0074,2.2737,100.891,17.61,0.0
2016-08-18 14:00:00,0.0519,0.0356,1.2017,0.0074,1.9689,100.924,18.92,77.51
2016-08-18 15:00:00,0.2408,0.1907,1.2146,0.0075,1.6974,100.958,20.23,275.393
2016-08-18 16:00:00,0.3915,0.3228,1.2156,0.0075,1.692,101.001,23.35,453.866
2016-08-18 17:00:00,0.5383,0.4516,1.2165,0.0075,1.695,101.045,26.47,607.747
2016-08-18 18:00:00,0.6803,0.5766,1.2176,0.0075,1.6896,101.089,29.59,749.576
2016-08-18 19:00:00,0.8063,0.6876,1.2037,0.0074,1.695,101.018,32.26,875.459
2016-08-18 20:00:00,0.9037,0.7711,1.1898,0.0074,1.7275,100.947,34.93,951.468
2016-08-18 21:00:00,0.9312,0.7888,1.176,0.0073,1.7657,100.876,37.6,942.649
2016-08-18 22:00:00,0.9021,0.7443,1.1547,0.0072,2.0879,100.796,38.47,858.753
2016-08-18 23:00:00,0.8239,0.6525,1.1335,0.007,2.4219,100.718,39.35,714.537
2016-08-19 00:00:00,0.6812,0.4997,1.1123,0.0069,2.7536,100.638,40.22,494.336
2016-08-19 01:00:00,0.5647,0.3755,1.1165,0.0069,3.3212,100.638,37.38,316.264
2016-08-19 02:00:00,0.4525,0.2604,1.1207,0.007,3.9031,100.639,34.53,145.212
2016-08-19 03:00:00,0.2021,0.1445,1.1249,0.007,4.4938,100.64,31.69,0.0
2016-08-19 04:00:00,0.1714,0.1241,1.1434,0.0071,4.4727,100.707,29.04,0.0
2016-08-19 05:00:00,0.1418,0.104,1.1619,0.0072,4.463,100.775,26.4,0.0
2016-08-19 06:00:00,0.1128,0.0837,1.1805,0.0073,4.4465,100.842,23.75,0.0
2016-08-19 07:00:00,0.0896,0.0653,1.19,0.0074,3.9033,100.839,22.33,0.0
2016-08-19 08:00:00,0.0678,0.0481,1.1996,0.0074,3.3707,100.836,20.91,0.0
2016-08-19 09:00:00,0.0471,0.0321,1.2091,0.0075,2.83,100.832,19.5,0.0
2016-08-19 10:00:00,0.0398,0.027,1.2145,0.0075,2.8186,100.853,18.53,0.0
2016-08-19 11:00:00,0.033,0.0222,1.2199,0.0076,2.8313,100.874,17.57,0.0
2016-08-19 12:00:00,0.0262,0.0174,1.2253,0.0076,2.8505,100.895,16.6,0.0
2016-08-19 13:00:00,0.0337,0.0225,1.2184,0.0075,2.7294,100.958,17.88,0.0
2016-08-19 14:00:00,0.0627,0.0449,1.2115,0.0075,2.6152,101.021,19.16,75.368
2016-08-19 15:00:00,0.2767,0.2086,1.2045,0.0074,2.5032,101.083,20.43,273.349
2016-08-19 16:00:00,0.4499,0.3501,1.197,0.0074,2.8873,101.139,23.29,452.024
2016-08-19 17:00:00,0.6247,0.4905,1.1894,0.0073,3.271,101.195,26.15,606.078
2016-08-19 18:00:00,0.8024,0.6312,1.1818,0.0073,3.6582,101.25,29.0,749.019
2016-08-19 19:00:00,0.9251,0.7389,1.1674,0.0072,3.4928,101.136,31.26,874.947
2016-08-19 20:00:00,1.0161,0.8188,1.1529,0.0071,3.3203,101.023,33.52,950.85
2016-08-19 21:00:00,1.0392,0.8358,1.1385,0.007,3.1651,100.91,35.77,942.761
2016-08-19 22:00:00,1.0395,0.8078,1.1265,0.007,3.7881,100.871,36.47,858.361
2016-08-19 23:00:00,0.9958,0.7372,1.1144,0.0069,4.4282,100.832,37.17,713.474
2016-08-20 00:00:00,0.8956,0.6132,1.1024,0.0068,5.0629,100.794,37.87,493.968
2016-08-20 01:00:00,0.7318,0.4663,1.0952,0.0068,5.3301,100.797,35.26,314.712
2016-08-20 02:00:00,0.5772,0.3306,1.0879,0.0067,5.6011,100.801,32.65,142.392
2016-08-20 03:00:00,0.2184,0.1646,1.0807,0.0067,5.8753,100.805,30.04,0.0
2016-08-20 04:00:00,0.1727,0.131,1.1041,0.0068,5.5456,100.887,27.03,0.0
2016-08-20 05:00:00,0.1308,0.0996,1.1276,0.007,5.206,100.969,24.01,0.0
2016-08-20 06:00:00,0.0929,0.0708,1.1511,0.0071,4.8764,101.051,21.0,0.0
2016-08-20 07:00:00,0.0719,0.0534,1.1613,0.0072,4.1548,101.07,19.76,0.0
2016-08-20 08:00:00,0.0516,0.0369,1.1717,0.0072,3.4333,101.09,18.53,0.0
2016-08-20 09:00:00,0.032,0.0214,1.182,0.0073,2.7215,101.109,17.3,0.0
2016-08-20 10:00:00,0.0256,0.0168,1.1885,0.0073,2.73,101.099,16.37,0.0
2016-08-20 11:00:00,0.0191,0.0122,1.1951,0.0074,2.7407,101.089,15.43,0.0
2016-08-20 12:00:00,0.0127,0.0076,1.2016,0.0074,2.7436,101.079,14.5,0.0
2016-08-20 13:00:00,0.0175,0.0106,1.2004,0.0074,2.4019,101.155,15.92,0.0
2016-08-20 14:00:00,0.0428,0.0298,1.1992,0.0074,2.0999,101.232,17.33,73.118
2016-08-20 15:00:00,0.2286,0.181,1.198,0.0074,1.8524,101.309,18.75,270.982
2016-08-20 16:00:00,0.3958,0.319,1.19,0.0073,2.2675,101.304,21.74,449.658
2016-08-20 17:00:00,0.5692,0.4583,1.182,0.0073,2.7361,101.298,24.74,603.699
2016-08-20 18:00:00,0.7491,0.5996,1.174,0.0072,3.2339,101.293,27.73,745.946
2016-08-20 19:00:00,0.8834,0.7139,1.1589,0.0072,3.1871,101.229,30.32,871.525
2016-08-20 20:00:00,0.9888,0.8017,1.1439,0.0071,3.1506,101.166,32.91,947.052
2016-08-20 21:00:00,1.0254,0.8258,1.1289,0.007,3.1133,101.103,35.5,936.701
2016-08-20 22:00:00,1.0535,0.8116,1.1258,0.007,4.0734,101.012,36.13,852.323
2016-08-20 23:00:00,1.0367,0.7556,1.1227,0.0069,5.0273,100.922,36.77,707.703
2016-08-21 00:00:00,0.9685,0.6509,1.1196,0.0069,5.9937,100.832,37.4,489.808
2016-08-21 01:00:00,0.7841,0.4939,1.1038,0.0068,6.08,100.832,34.81,310.704
2016-08-21 02:00:00,0.6117,0.3493,1.0879,0.0067,6.1723,100.832,32.21,138.424
2016-08-21 03:00:00,0.2208,0.1686,1.072,0.0066,6.2709,100.832,29.62,0.0
2016-08-21 04:00:00,0.1676,0.1276,1.0924,0.0068,5.5836,100.89,26.48,0.0
2016-08-21 05:00:00,0.1204,0.091,1.1129,0.0069,4.9001,100.948,23.35,0.0
2016-08-21 06:00:00,0.079,0.0588,1.1334,0.007,4.2227,101.007,20.22,0.0
2016-08-21 07:00:00,0.0613,0.0446,1.1457,0.0071,3.693,101.013,19.08,0.0
2016-08-21 08:00:00,0.0445,0.0312,1.1578,0.0072,3.1636,101.02,17.95,0.0
2016-08-21 09:00:00,0.0283,0.0186,1.1701,0.0072,2.6349,101.026,16.81,0.0
2016-08-21 10:00:00,0.0209,0.0132,1.1778,0.0073,2.5025,101.023,16.02,0.0
2016-08-21 11:00:00,0.0141,0.0082,1.1856,0.0073,2.3858,101.02,15.23,0.0
2016-08-21 12:00:00,0.0077,0.0036,1.1933,0.0074,2.275,101.017,14.45,0.0
2016-08-21 13:00:00,0.0179,0.011,1.1881,0.0073,2.4655,101.076,15.71,0.0
2016-08-21 14:00:00,0.0479,0.0346,1.183,0.0073,2.6639,101.134,16.97,71.648
2016-08-21 15:00:00,0.2306,0.1691,1.1777,0.0073,2.8647,101.192,18.24,269.158
2016-08-21 16:00:00,0.4187,0.3268,1.1749,0.0073,3.1341,101.209,21.03,448.183
2016-08-21 17:00:00,0.5823,0.4598,1.1721,0.0072,3.397,101.224,23.82,602.491
2016-08-21 18:00:00,0.7479,0.5927,1.1692,0.0072,3.6752,101.24,26.62,743.507
2016-08-21 19:00:00,0.8698,0.7,1.1542,0.0071,3.4422,101.144,28.98,868.804
2016-08-21 20:00:00,0.9594,0.7794,1.1392,0.007,3.1993,101.049,31.34,944.001
2016-08-21 21:00:00,0.9751,0.7913,1.1243,0.007,2.9695,100.953,33.71,927.941
2016-08-21 22:00:00,0.9903,0.771,1.1202,0.0069,3.8141,100.932,34.38,843.826
2016-08-21 23:00:00,0.9616,0.7095,1.1162,0.0069,4.6493,100.912,35.05,699.885
2016-08-22 00:00:00,0.8816,0.5993,1.1122,0.0069,5.4931,100.892,35.72,482.256
2016-08-22 01:00:00,0.6903,0.4393,1.0903,0.0067,5.4321,100.909,33.1,304.544
2016-08-22 02:00:00,0.5133,0.2928,1.0686,0.0066,5.3821,100.927,30.47,133.484
2016-08-22 03:00:00,0.1828,0.1373,1.0468,0.0065,5.3413,100.944,27.84,0.0
2016-08-22 04:00:00,0.1432,0.1077,1.0719,0.0066,4.97,100.989,25.1,0.0
2016-08-22 05:00:00,0.1073,0.0806,1.0972,0.0068,4.6021,101.035,22.37,0.0
2016-08-22 06:00:00,0.0747,0.0558,1.1224,0.0069,4.2386,101.081,19.63,0.0
2016-08-22 07:00:00,0.058,0.0424,1.1353,0.007,3.7477,101.1,18.5,0.0
2016-08-22 08:00:00,0.0422,0.0298,1.1483,0.0071,3.2574,101.12,17.38,0.0
2016-08-22 09:00:00,0.0271,0.018,1.1612,0.0072,2.7665,101.138,16.25,0.0
2016-08-22 10:00:00,0.0209,0.0131,1.168,0.0072,2.4901,101.151,15.94,0.0
2016-08-22 11:00:00,0.0148,0.0085,1.1748,0.0073,2.2251,101.163,15.63,0.0
2016-08-22 12:00:00,0.0088,0.004,1.1815,0.0073,1.9761,101.176,15.32,0.0
2016-08-22 13:00:00,0.015,0.0084,1.188,0.0073,2.0553,101.23,16.33,0.0
2016-08-22 14:00:00,0.0422,0.0293,1.1945,0.0074,2.1276,101.284,17.34,68.552
2016-08-22 15:00:00,0.1984,0.1489,1.2009,0.0074,2.2023,101.339,18.35,254.321
2016-08-22 16:00:00,0.3635,0.2957,1.2071,0.0074,2.08,101.281,21.07,425.011
2016-08-22 17:00:00,0.4939,0.4115,1.2133,0.0075,1.9521,101.224,23.78,572.088
2016-08-22 18:00:00,0.6398,0.5432,1.2196,0.0075,1.8289,101.166,26.5,740.479
2016-08-22 19:00:00,0.8026,0.6703,1.196,0.0074,2.3454,101.124,29.3,865.423
2016-08-22 20:00:00,0.9467,0.776,1.1724,0.0072,2.8872,101.081,32.09,940.236
2016-08-22 21:00:00,1.0353,0.8257,1.1489,0.0071,3.4428,101.039,34.89,929.089
2016-08-22 22:00:00,1.0633,0.8128,1.1367,0.007,4.3392,101.006,35.84,844.316
2016-08-22 23:00:00,1.0516,0.7607,1.1244,0.007,5.2627,100.973,36.8,699.521
2016-08-23 00:00:00,0.989,0.6598,1.1122,0.0069,6.1914,100.941,37.76,481.424
2016-08-23 01:00:00,0.7679,0.4824,1.0877,0.0067,5.9289,100.978,34.85,302.608
2016-08-23 02:00:00,0.5631,0.3194,1.0631,0.0066,5.6687,101.015,31.94,130.372
2016-08-23 03:00:00,0.1995,0.1493,1.0385,0.0064,5.4324,101.051,29.03,0.0
2016-08-23 04:00:00,0.1572,0.1176,1.0621,0.0066,4.9808,101.132,26.29,0.0
2016-08-23 05:00:00,0.1186,0.0883,1.0857,0.0067,4.52,101.213,23.54,0.0
2016-08-23 06:00:00,0.084,0.062,1.1094,0.0068,4.0703,101.295,20.8,0.0
2016-08-23 07:00:00,0.0659,0.0478,1.1236,0.0069,3.625,101.312,19.56,0.0
2016-08-23 08:00:00,0.0491,0.0346,1.1377,0.007,3.1971,101.329,18.32,0.0
2016-08-23 09:00:00,0.0332,0.0224,1.1519,0.0071,2.7702,101.347,17.08,0.0
2016-08-23 10:00:00,0.0269,0.0177,1.1599,0.0071,2.6771,101.376,16.4,0.0
2016-08-23 11:00:00,0.0209,0.0133,1.1679,0.0072,2.5962,101.406,15.71,0.0
2016-08-23 12:00:00,0.0151,0.0091,1.1759,0.0072,2.5072,101.436,15.03,0.0
2016-08-23 13:00:00,0.0142,0.0078,1.1785,0.0073,2.0518,101.494,16.09,0.0
2016-08-23 14:00:00,0.0327,0.0216,1.1812,0.0073,1.5997,101.553,17.15,67.126
2016-08-23 15:00:00,0.1663,0.1352,1.1838,0.0073,1.1545,101.611,18.2,264.621
2016-08-23 16:00:00,0.367,0.3027,1.1772,0.0072,1.7935,101.63,21.37,443.776
2016-08-23 17:00:00,0.5479,0.4458,1.1706,0.0072,2.4446,101.649,24.53,598.166
2016-08-23 18:00:00,0.7357,0.5905,1.164,0.0072,3.1013,101.668,27.7,737.249
2016-08-23 19:00:00,0.8931,0.7146,1.1279,0.0069,3.4232,101.597,30.26,861.77
2016-08-23 20:00:00,1.0301,0.8165,1.0919,0.0067,3.7933,101.527,32.82,936.177
2016-08-23 21:00:00,1.1123,0.8644,1.0559,0.0065,4.1819,101.456,35.38,928.746
2016-08-23 22:00:00,1.0834,0.8226,1.0255,0.0063,4.417,101.424,36.14,843.446
2016-08-23 23:00:00,1.0075,0.7361,0.995,0.0061,4.6559,101.391,36.9,697.998
2016-08-24 00:00:00,0.8713,0.5928,0.9645,0.0059,4.888,101.359,37.66,477.44
2016-08-24 01:00:00,0.6823,0.4325,0.9764,0.006,4.9287,101.337,34.65,298.664
2016-08-24 02:00:00,0.2627,0.195,0.9883,0.0061,4.97,101.316,31.64,126.356
2016-08-24 03:00:00,0.1883,0.1393,1.0002,0.0062,5.0106,101.293,28.63,0.0
2016-08-24 04:00:00,0.1501,0.1108,1.0195,0.0063,4.5921,101.416,26.05,0.0
2016-08-24 05:00:00,0.1155,0.085,1.0387,0.0064,4.1943,101.539,23.46,0.0
2016-08-24 06:00:00,0.0842,0.0615,1.0579,0.0065,3.8006,101.662,20.88,0.0
2016-08-24 07:00:00,0.0693,0.05,1.0651,0.0065,3.5301,101.64,19.64,0.0
2016-08-24 08:00:00,0.0553,0.0393,1.0723,0.0066,3.27,101.617,18.4,0.0
2016-08-24 09:00:00,0.0419,0.0292,1.0794,0.0066,3.0003,101.594,17.16,0.0
2016-08-24 10:00:00,0.0329,0.0223,1.0827,0.0067,2.7906,101.634,16.29,0.0
2016-08-24 11:00:00,0.0243,0.0158,1.0861,0.0067,2.5816,101.673,15.42,0.0
2016-08-24 12:00:00,0.0161,0.0097,1.0895,0.0067,2.3726,101.713,14.55,0.0
2016-08-24 13:00:00,0.0124,0.0064,1.0849,0.0067,1.8777,101.702,15.34,0.0
2016-08-24 14:00:00,0.0294,0.0191,1.0803,0.0066,1.4515,101.691,16.12,67.279
2016-08-24 15:00:00,0.1635,0.1329,1.0757,0.0066,1.1511,101.68,16.9,268.545
2016-08-24 16:00:00,0.3649,0.3013,1.0337,0.0063,1.6672,101.681,20.63,452.007
2016-08-24 17:00:00,0.5601,0.4537,0.9915,0.0061,2.3602,101.681,24.36,610.05
2016-08-24 18:00:00,0.7712,0.6128,0.9494,0.0058,3.1257,101.681,28.08,754.228
2016-08-24 19:00:00,0.9458,0.7457,0.8705,0.0053,3.6136,101.592,30.63,881.748
2016-08-24 20:00:00,1.1001,0.857,0.7916,0.0049,4.1048,101.502,33.18,957.777
2016-08-24 21:00:00,1.1929,0.9086,0.7129,0.0044,4.5894,101.411,35.72,947.374
2016-08-24 22:00:00,1.1675,0.8673,0.669,0.0041,4.8961,101.345,36.28,859.794
2016-08-24 23:00:00,1.0948,0.7811,0.6251,0.0038,5.2033,101.277,36.83,710.689
2016-08-25 00:00:00,0.9642,0.6399,0.5813,0.0036,5.5109,101.21,37.39,485.632
2016-08-25 01:00:00,0.7405,0.4606,0.6157,0.0038,5.2757,101.197,34.1,302.28
2016-08-25 02:00:00,0.2736,0.2041,0.6501,0.004,5.06,101.185,30.82,125.448
2016-08-25 03:00:00,0.1928,0.1426,0.6845,0.0042,4.8481,101.173,27.54,0.0
2016-08-25 04:00:00,0.1549,0.1144,0.71,0.0044,4.4101,101.217,24.87,0.0
2016-08-25 05:00:00,0.1206,0.0886,0.7354,0.0045,3.9761,101.262,22.21,0.0
2016-08-25 06:00:00,0.0901,0.0656,0.761,0.0047,3.5698,101.306,19.54,0.0
2016-08-25 07:00:00,0.0753,0.0542,0.7761,0.0048,3.3008,101.271,18.3,0.0
2016-08-25 08:00:00,0.0612,0.0434,0.7912,0.0049,3.0321,101.237,17.05,0.0
2016-08-25 09:00:00,0.0479,0.0333,0.8063,0.005,2.7621,101.202,15.81,0.0
2016-08-25 10:00:00,0.0402,0.0277,0.8178,0.005,2.6961,101.216,14.8,0.0
2016-08-25 11:00:00,0.0327,0.0222,0.8294,0.0051,2.6207,101.231,13.79,0.0
2016-08-25 12:00:00,0.0255,0.017,0.841,0.0052,2.5536,101.245,12.78,0.0
2016-08-25 13:00:00,0.0217,0.0132,0.853,0.0053,2.0359,101.288,13.86,0.0
2016-08-25 14:00:00,0.0343,0.0225,0.865,0.0053,1.5209,101.332,14.94,64.778
2016-08-25 15:00:00,0.1576,0.1269,0.8771,0.0054,1.0184,101.375,16.02,265.312
2016-08-25 16:00:00,0.3618,0.2963,0.8846,0.0054,1.6705,101.346,19.78,448.227
2016-08-25 17:00:00,0.554,0.4465,0.892,0.0055,2.3953,101.318,23.55,605.767
2016-08-25 18:00:00,0.7586,0.6016,0.8994,0.0055,3.1538,101.29,27.31,747.969
2016-08-25 19:00:00,0.8803,0.709,0.8664,0.0053,2.9822,101.217,29.91,874.568
2016-08-25 20:00:00,0.9724,0.7903,0.8334,0.0051,2.8214,101.145,32.5,949.849
2016-08-25 21:00:00,0.9719,0.7868,0.8005,0.0049,2.6519,101.072,35.09,917.084
2016-08-25 22:00:00,0.9874,0.7656,0.7806,0.0048,3.4241,100.984,35.69,831.721
2016-08-25 23:00:00,0.9582,0.7023,0.7609,0.0047,4.1993,100.896,36.29,686.651
2016-08-26 00:00:00,0.8883,0.6004,0.7411,0.0046,4.9763,100.808,36.89,484.768
2016-08-26 01:00:00,0.6805,0.4288,0.768,0.0048,4.9363,100.801,33.35,300.2
2016-08-26 02:00:00,0.248,0.1853,0.7948,0.0049,4.8964,100.793,29.81,122.072
2016-08-26 03:00:00,0.1709,0.1273,0.8216,0.0051,4.8564,100.786,26.27,0.0
2016-08-26 04:00:00,0.1346,0.1002,0.856,0.0053,4.4745,100.858,23.62,0.0
2016-08-26 05:00:00,0.1017,0.0755,0.8904,0.0055,4.1024,100.93,20.97,0.0
2016-08-26 06:00:00,0.0717,0.0527,0.9248,0.0057,3.7211,101.002,18.32,0.0
2016-08-26 07:00:00,0.057,0.0413,0.9512,0.0059,3.4528,101.04,17.12,0.0
2016-08-26 08:00:00,0.043,0.0305,0.9776,0.006,3.1757,101.077,15.92,0.0
2016-08-26 09:00:00,0.0298,0.0205,1.004,0.0062,2.9091,101.115,14.71,0.0
2016-08-26 10:00:00,0.0219,0.0142,1.0194,0.0063,2.5931,101.14,14.24,0.0
2016-08-26 11:00:00,0.0142,0.0083,1.0349,0.0064,2.2884,101.165,13.77,0.0
2016-08-26 12:00:00,0.0066,0.0026,1.0504,0.0065,1.986,101.189,13.3,0.0
2016-08-26 13:00:00,0.004,0.0005,1.0624,0.0066,1.7006,101.233,13.91,0.0
2016-08-26 14:00:00,0.0206,0.0131,1.0744,0.0066,1.4209,101.275,14.52,62.833
2016-08-26 15:00:00,0.1464,0.1211,1.0863,0.0067,1.1528,101.318,15.13,263.216
2016-08-26 16:00:00,0.333,0.2786,1.0993,0.0068,1.7456,101.346,18.48,446.338
2016-08-26 17:00:00,0.5056,0.417,1.1124,0.0069,2.3675,101.373,21.83,604.005
2016-08-26 18:00:00,0.6877,0.5591,1.1255,0.0069,2.9947,101.4,25.18,747.235
2016-08-26 19:00:00,0.8039,0.6648,1.0871,0.0067,2.6559,101.362,27.71,873.842
2016-08-26 20:00:00,0.8867,0.7422,1.0488,0.0065,2.3362,101.324,30.23,948.929
2016-08-26 21:00:00,0.8923,0.7501,1.0105,0.0062,2.0304,101.285,32.75,936.189
2016-08-26 22:00:00,0.8722,0.71,0.9706,0.006,2.4737,101.201,33.55,848.426
2016-08-26 23:00:00,0.8081,0.6268,0.9307,0.0057,2.9438,101.116,34.35,699.578
2016-08-27 00:00:00,0.6883,0.4894,0.8909,0.0055,3.4393,101.032,35.16,474.08
2016-08-27 01:00:00,0.5159,0.3373,0.9284,0.0057,3.5588,101.04,32.19,292.024
2016-08-27 02:00:00,0.2003,0.1442,0.9659,0.006,3.6792,101.049,29.23,116.208
2016-08-27 03:00:00,0.1353,0.0966,1.0035,0.0062,3.8042,101.057,26.27,0.0
2016-08-27 04:00:00,0.1103,0.0793,1.0333,0.0064,3.7271,101.122,23.87,0.0
2016-08-27 05:00:00,0.0864,0.0624,1.0633,0.0066,3.6502,101.186,21.48,0.0
2016-08-27 06:00:00,0.0635,0.0459,1.0932,0.0067,3.5734,101.25,19.08,0.0
2016-08-27 07:00:00,0.0509,0.0366,1.1125,0.0069,3.4458,101.272,17.88,0.0
2016-08-27 08:00:00,0.039,0.0276,1.1318,0.007,3.3183,101.294,16.68,0.0
2016-08-27 09:00:00,0.0274,0.0189,1.1511,0.0071,3.1911,101.316,15.47,0.0
2016-08-27 10:00:00,0.0199,0.0132,1.1632,0.0072,3.0662,101.303,14.69,0.0
2016-08-27 11:00:00,0.0127,0.0078,1.1753,0.0072,2.9558,101.291,13.9,0.0
2016-08-27 12:00:00,0.0058,0.0027,1.1873,0.0073,2.8519,101.278,13.11,0.0
2016-08-27 13:00:00,0.0059,0.0023,1.1904,0.0073,2.2922,101.315,14.06,0.0
2016-08-27 14:00:00,0.0212,0.014,1.1934,0.0074,1.751,101.352,15.01,60.459
2016-08-27 15:00:00,0.1483,0.1229,1.1964,0.0074,1.2281,101.388,15.96,261.11
2016-08-27 16:00:00,0.3403,0.2845,1.1945,0.0074,1.7807,101.443,19.54,444.449
2016-08-27 17:00:00,0.5203,0.4282,1.1927,0.0073,2.3816,101.499,23.11,602.256
2016-08-27 18:00:00,0.7107,0.5762,1.1908,0.0073,2.9869,101.555,26.69,745.357
2016-08-27 19:00:00,0.8504,0.692,1.155,0.0071,3.083,101.495,29.08,871.742
2016-08-27 20:00:00,0.9627,0.7824,1.1193,0.0069,3.1674,101.436,31.46,946.532
2016-08-27 21:00:00,1.0064,0.8079,1.0835,0.0067,3.2638,101.376,33.85,931.483
2016-08-27 22:00:00,0.9746,0.763,1.0413,0.0064,3.5328,101.307,34.56,843.553
2016-08-27 23:00:00,0.8971,0.6739,0.9992,0.0062,3.8189,101.237,35.28,694.679
2016-08-28 00:00:00,0.761,0.5287,0.9571,0.0059,4.1203,101.167,35.99,469.296
2016-08-28 01:00:00,0.5799,0.3721,0.9829,0.0061,4.2513,101.184,32.75,287.496
2016-08-28 02:00:00,0.2173,0.1601,1.0088,0.0062,4.3872,101.2,29.51,111.808
2016-08-28 03:00:00,0.1504,0.1108,1.0347,0.0064,4.5464,101.217,26.27,0.0
2016-08-28 04:00:00,0.1167,0.0854,1.0579,0.0065,4.1253,101.298,23.86,0.0
2016-08-28 05:00:00,0.0863,0.0626,1.0811,0.0067,3.7216,101.379,21.46,0.0
2016-08-28 06:00:00,0.0588,0.0419,1.1043,0.0068,3.3249,101.462,19.05,0.0
2016-08-28 07:00:00,0.0479,0.0338,1.1151,0.0069,3.2169,101.472,17.91,0.0
2016-08-28 08:00:00,0.0375,0.0261,1.1258,0.0069,3.1101,101.483,16.77,0.0
2016-08-28 09:00:00,0.0276,0.0188,1.1365,0.007,3.0031,101.495,15.63,0.0
2016-08-28 10:00:00,0.0201,0.0132,1.143,0.007,2.9025,101.504,14.75,0.0
2016-08-28 11:00:00,0.013,0.0079,1.1496,0.0071,2.8102,101.513,13.87,0.0
2016-08-28 12:00:00,0.0064,0.003,1.1562,0.0071,2.7266,101.522,13.0,0.0
2016-08-28 13:00:00,0.0061,0.0024,1.1592,0.0071,2.2299,101.56,13.87,0.0
2016-08-28 14:00:00,0.0207,0.0136,1.1623,0.0071,1.7367,101.599,14.75,58.325
2016-08-28 15:00:00,0.1458,0.1203,1.1653,0.0072,1.2495,101.637,15.62,258.202
2016-08-28 16:00:00,0.3291,0.2777,1.1545,0.0071,1.5554,101.686,19.23,441.191
2016-08-28 17:00:00,0.4944,0.4147,1.1437,0.007,1.88,101.735,22.84,598.661
2016-08-28 18:00:00,0.6649,0.5531,1.1329,0.007,2.2244,101.784,26.46,740.819
2016-08-28 19:00:00,0.7925,0.6636,1.1001,0.0068,2.2038,101.73,29.07,866.553
2016-08-28 20:00:00,0.8913,0.7478,1.0674,0.0066,2.1828,101.676,31.68,940.758
2016-08-28 21:00:00,0.9173,0.7643,1.0347,0.0064,2.1623,101.622,34.29,927.258
2016-08-28 22:00:00,0.9035,0.7273,0.9951,0.0061,2.6537,101.525,35.17,839.102
2016-08-28 23:00:00,0.8431,0.6455,0.9556,0.0059,3.1452,101.428,36.05,690.114
2016-08-29 00:00:00,0.7295,0.5125,0.9161,0.0056,3.6473,101.33,36.92,470.88
2016-08-29 01:00:00,0.5693,0.3654,0.9206,0.0057,3.9568,101.337,33.61,286.84
2016-08-29 02:00:00,0.2272,0.1659,0.9251,0.0057,4.276,101.343,30.29,108.86
2016-08-29 03:00:00,0.1658,0.1219,0.9297,0.0057,4.6029,101.349,26.98,0.0
2016-08-29 04:00:00,0.1311,0.0962,0.95,0.0058,4.2172,101.447,24.44,0.0
2016-08-29 05:00:00,0.0995,0.0726,0.9704,0.006,3.8341,101.545,21.9,0.0
2016-08-29 06:00:00,0.0711,0.0512,0.9908,0.0061,3.4544,101.642,19.37,0.0
2016-08-29 07:00:00,0.0586,0.0418,1.0021,0.0062,3.2712,101.635,18.19,0.0
2016-08-29 08:00:00,0.0466,0.0328,1.0134,0.0062,3.0827,101.628,17.01,0.0
2016-08-29 09:00:00,0.0356,0.0245,1.0247,0.0063,2.91,101.621,15.83,0.0
2016-08-29 10:00:00,0.0283,0.0192,1.0338,0.0064,2.8411,101.615,14.93,0.0
2016-08-29 11:00:00,0.0212,0.014,1.043,0.0064,2.7735,101.609,14.03,0.0
2016-08-29 12:00:00,0.0146,0.0091,1.0521,0.0065,2.7174,101.603,13.13,0.0
2016-08-29 13:00:00,0.0065,0.0023,1.0536,0.0065,1.7891,101.62,14.02,0.0
2016-08-29 14:00:00,0.0091,0.0046,1.0549,0.0065,0.8631,101.637,14.92,57.843
2016-08-29 15:00:00,0.1109,0.1016,1.0563,0.0065,0.1389,101.654,15.82,254.833
2016-08-29 16:00:00,0.3188,0.2729,1.0445,0.0064,1.1206,101.679,19.61,437.13
2016-08-29 17:00:00,0.5309,0.4317,1.0327,0.0063,2.3489,101.704,23.4,593.976
2016-08-29 18:00:00,0.7599,0.5966,1.0209,0.0063,3.5689,101.729,27.2,730.345
2016-08-29 19:00:00,0.9192,0.7206,0.9781,0.006,3.9033,101.666,29.73,854.416
2016-08-29 20:00:00,1.0556,0.8219,0.9355,0.0057,4.2314,101.603,32.26,927.43
2016-08-29 21:00:00,1.1034,0.8386,0.8928,0.0055,4.5569,101.54,34.79,878.121
2016-08-29 22:00:00,1.0757,0.7978,0.8687,0.0053,4.8247,101.435,35.36,794.015
2016-08-29 23:00:00,1.0053,0.7161,0.8446,0.0052,5.1055,101.33,35.93,652.176
2016-08-30 00:00:00,0.9005,0.6016,0.8205,0.0051,5.3874,101.225,36.5,464.952
2016-08-30 01:00:00,0.6768,0.4223,0.8383,0.0052,5.1738,101.243,33.07,281.576
2016-08-30 02:00:00,0.238,0.1779,0.856,0.0053,4.9497,101.261,29.63,104.112
2016-08-30 03:00:00,0.1642,0.1218,0.8737,0.0054,4.7381,101.279,26.19,0.0
2016-08-30 04:00:00,0.1317,0.0977,0.9074,0.0056,4.4083,101.307,23.81,0.0
2016-08-30 05:00:00,0.1022,0.0756,0.9412,0.0058,4.1004,101.336,21.44,0.0
2016-08-30 06:00:00,0.0753,0.0554,0.975,0.006,3.82,101.364,19.06,0.0
2016-08-30 07:00:00,0.0617,0.0448,1.0014,0.0062,3.5375,101.405,18.08,0.0
2016-08-30 08:00:00,0.0486,0.0346,1.0277,0.0063,3.2472,101.446,17.1,0.0
2016-08-30 09:00:00,0.0362,0.0251,1.0542,0.0065,2.9695,101.487,16.12,0.0
2016-08-30 10:00:00,0.0292,0.0198,1.0696,0.0066,2.8722,101.44,15.4,0.0
2016-08-30 11:00:00,0.0223,0.0147,1.085,0.0067,2.7706,101.393,14.68,0.0
2016-08-30 12:00:00,0.0158,0.0099,1.1005,0.0068,2.6848,101.347,13.96,0.0
2016-08-30 13:00:00,0.0128,0.0069,1.1045,0.0068,2.0708,101.383,14.93,0.0
2016-08-30 14:00:00,0.0243,0.0155,1.1085,0.0068,1.4852,101.419,15.91,56.822
2016-08-30 15:00:00,0.1276,0.103,1.1126,0.0068,0.9643,101.454,16.89,226.545
2016-08-30 16:00:00,0.321,0.2649,1.0995,0.0068,1.5485,101.472,20.53,390.144
2016-08-30 17:00:00,0.4989,0.4029,1.0864,0.0067,2.2605,101.49,24.16,530.846
2016-08-30 18:00:00,0.7097,0.5646,1.0734,0.0066,3.007,101.508,27.8,690.808
2016-08-30 19:00:00,0.849,0.6762,1.0272,0.0063,3.2324,101.383,30.09,808.278
2016-08-30 20:00:00,0.9579,0.7581,0.9811,0.006,3.4622,101.259,32.38,877.203
2016-08-30 21:00:00,0.981,0.7585,0.9351,0.0058,3.6954,101.134,34.67,823.613
2016-08-30 22:00:00,0.9543,0.7185,0.9328,0.0058,4.036,101.109,34.96,744.14
2016-08-30 23:00:00,0.887,0.6399,0.9305,0.0057,4.3871,101.085,35.25,610.384
2016-08-31 00:00:00,0.7987,0.542,0.9282,0.0057,4.7277,101.061,35.53,449.36
2016-08-31 01:00:00,0.6034,0.3801,0.9826,0.0061,4.6931,100.995,32.57,270.488
2016-08-31 02:00:00,0.2184,0.1618,1.037,0.0064,4.6605,100.929,29.6,97.268
2016-08-31 03:00:00,0.1522,0.1122,1.0912,0.0068,4.63,100.864,26.63,0.0
2016-08-31 04:00:00,0.1245,0.0912,1.1161,0.0069,4.243,100.951,24.84,0.0
2016-08-31 05:00:00,0.0988,0.0717,1.1409,0.0071,3.8659,101.038,23.05,0.0
2016-08-31 06:00:00,0.0753,0.0539,1.1658,0.0072,3.5102,101.126,21.26,0.0
2016-08-31 07:00:00,0.0627,0.0444,1.1798,0.0073,3.2997,101.115,20.26,0.0
2016-08-31 08:00:00,0.0507,0.0354,1.1937,0.0074,3.0891,101.104,19.26,0.0
2016-08-31 09:00:00,0.0393,0.0268,1.2076,0.0075,2.8786,101.093,18.26,0.0
2016-08-31 10:00:00,0.0325,0.0221,1.2167,0.0075,2.9214,101.072,17.3,0.0
2016-08-31 11:00:00,0.0257,0.0172,1.2258,0.0076,2.9526,101.051,16.35,0.0
2016-08-31 12:00:00,0.0187,0.0122,1.2349,0.0076,2.9856,101.031,15.39,0.0
2016-08-31 13:00:00,0.0186,0.0116,1.236,0.0076,2.5696,101.077,16.1,0.0
2016-08-31 14:00:00,0.032,0.0218,1.2371,0.0076,2.1621,101.124,16.82,51.547
2016-08-31 15:00:00,0.1689,0.1319,1.2382,0.0076,1.7662,101.17,17.53,250.047
2016-08-31 16:00:00,0.3639,0.2952,1.2341,0.0076,2.2558,101.215,20.72,432.335
2016-08-31 17:00:00,0.5397,0.436,1.2299,0.0076,2.7515,101.261,23.92,589.062
2016-08-31 18:00:00,0.7211,0.5781,1.2258,0.0076,3.2556,101.305,27.11,731.048
2016-08-31 19:00:00,0.8664,0.6945,1.183,0.0073,3.5044,101.199,29.28,855.447
2016-08-31 20:00:00,0.9867,0.7868,1.1403,0.007,3.7435,101.093,31.44,928.245
2016-08-31 21:00:00,1.0423,0.8168,1.0978,0.0068,3.994,100.987,33.61,910.782
2016-08-31 22:00:00,1.0225,0.7773,1.073,0.0066,4.5161,101.009,33.87,822.245
2016-08-31 23:00:00,0.9593,0.6966,1.0483,0.0065,5.0383,101.031,34.13,673.52
2016-09-01 00:00:00,0.8543,0.5766,1.0236,0.0063,5.5605,101.052,34.39,465.208
2016-09-01 01:00:00,0.6549,0.4143,1.0302,0.0064,5.452,101.003,31.48,290.352
2016-09-01 02:00:00,0.2198,0.1672,1.0368,0.0064,5.3444,100.954,28.56,101.348
2016-09-01 03:00:00,0.1558,0.1179,1.0434,0.0065,5.2377,100.905,25.65,0.0
2016-09-01 04:00:00,0.1163,0.0871,1.0768,0.0067,4.6094,101.007,23.11,0.0
2016-09-01 05:00:00,0.0807,0.0594,1.1103,0.0069,3.9885,101.11,20.57,0.0
2016-09-01 06:00:00,0.0488,0.0348,1.1438,0.0071,3.3679,101.212,18.02,0.0
2016-09-01 07:00:00,0.0376,0.0263,1.1628,0.0072,3.1603,101.192,17.06,0.0
2016-09-01 08:00:00,0.0271,0.0183,1.1818,0.0073,2.9674,101.172,16.09,0.0
2016-09-01 09:00:00,0.0171,0.0108,1.2008,0.0074,2.7707,101.152,15.12,0.0
2016-09-01 10:00:00,0.011,0.0063,1.1999,0.0074,2.6998,101.185,14.28,0.0
2016-09-01 11:00:00,0.0055,0.0023,1.1991,0.0074,2.6658,101.217,13.45,0.0
2016-09-01 12:00:00,0.0006,-0.0013,1.1983,0.0074,2.6702,101.249,12.62,0.0
2016-09-01 13:00:00,-0.0023,-0.0037,1.2151,0.0075,2.0044,101.266,13.44,0.0
2016-09-01 14:00:00,0.0073,0.0039,1.232,0.0076,1.4187,101.284,14.26,47.541
2016-09-01 15:00:00,0.1207,0.1025,1.2489,0.0077,1.0245,101.301,15.08,239.454
2016-09-01 16:00:00,0.2944,0.2505,1.261,0.0078,1.5803,101.306,18.38,407.433
2016-09-01 17:00:00,0.4848,0.4065,1.2731,0.0079,2.2488,101.311,21.69,605.825
2016-09-01 18:00:00,0.6595,0.5416,1.2851,0.0079,2.9395,101.316,24.99,737.209
2016-09-01 19:00:00,0.7896,0.6458,1.2481,0.0077,3.1495,101.296,27.23,844.297
2016-09-01 20:00:00,0.9002,0.7297,1.211,0.0075,3.3929,101.276,29.47,907.983
2016-09-01 21:00:00,0.9732,0.7765,1.174,0.0072,3.6631,101.256,31.71,913.129
2016-09-01 22:00:00,0.9371,0.7306,1.1362,0.007,3.8901,101.203,32.23,825.985
2016-09-01 23:00:00,0.8343,0.6215,1.0984,0.0068,4.1149,101.15,32.76,650.053
2016-09-02 00:00:00,0.7304,0.5104,1.0607,0.0066,4.3566,101.097,33.29,469.992
2016-09-02 01:00:00,0.5295,0.3448,1.0216,0.0063,4.1801,101.04,30.02,291.44
2016-09-02 02:00:00,0.1762,0.1298,0.9823,0.0061,4.015,100.983,26.76,98.528
2016-09-02 03:00:00,0.1155,0.0837,0.9433,0.0058,3.8516,100.926,23.5,0.0
2016-09-02 04:00:00,0.0928,0.0675,0.9688,0.006,3.7377,101.011,21.3,0.0
2016-09-02 05:00:00,0.0714,0.052,0.9945,0.0061,3.6289,101.097,19.1,0.0
2016-09-02 06:00:00,0.0511,0.0371,1.0203,0.0063,3.5143,101.183,16.9,0.0
2016-09-02 07:00:00,0.0379,0.0265,1.0369,0.0064,3.0654,101.183,16.0,0.0
2016-09-02 08:00:00,0.0253,0.0166,1.0535,0.0065,2.635,101.183,15.1,0.0
2016-09-02 09:00:00,0.0135,0.0077,1.0701,0.0066,2.2338,101.183,14.2,0.0
2016-09-02 10:00:00,0.0093,0.0047,1.0738,0.0066,2.2172,101.204,13.49,0.0
2016-09-02 11:00:00,0.005,0.0017,1.0774,0.0066,2.1916,101.225,12.77,0.0
2016-09-02 12:00:00,0.001,-0.0012,1.0811,0.0067,2.18,101.247,12.05,0.0
2016-09-02 13:00:00,-0.0002,-0.0023,1.1048,0.0068,1.8356,101.224,12.99,0.0
2016-09-02 14:00:00,0.0115,0.0067,1.1285,0.007,1.5233,101.202,13.93,45.142
2016-09-02 15:00:00,0.1242,0.1016,1.1522,0.0071,1.2404,101.18,14.87,232.478
2016-09-02 16:00:00,0.2944,0.2483,1.1764,0.0073,1.54,101.171,18.46,397.212
2016-09-02 17:00:00,0.4725,0.3991,1.2006,0.0074,1.8561,101.163,22.04,591.458
2016-09-02 18:00:00,0.6166,0.5147,1.2249,0.0076,2.1807,101.154,25.63,698.299
2016-09-02 19:00:00,0.7527,0.62,1.1988,0.0074,2.6301,101.071,28.0,799.831
2016-09-02 20:00:00,0.8653,0.7008,1.1727,0.0073,3.0742,100.988,30.37,859.993
2016-09-02 21:00:00,0.9564,0.7587,1.1467,0.0071,3.5309,100.905,32.74,873.191
2016-09-02 22:00:00,0.9587,0.7324,1.128,0.007,4.2526,100.871,33.25,789.179
2016-09-02 23:00:00,0.9,0.6484,1.1093,0.0069,4.9749,100.836,33.76,620.192
2016-09-03 00:00:00,0.8459,0.5685,1.0905,0.0068,5.6974,100.802,34.27,451.688
2016-09-03 01:00:00,0.6356,0.4009,1.0859,0.0067,5.4089,100.775,31.45,278.216
2016-09-03 02:00:00,0.2108,0.1591,1.0812,0.0067,5.1206,100.749,28.62,90.876
2016-09-03 03:00:00,0.1481,0.1105,1.0765,0.0067,4.832,100.722,25.8,0.0
2016-09-03 04:00:00,0.1152,0.0852,1.0904,0.0068,4.3235,100.778,23.57,0.0
2016-09-03 05:00:00,0.0854,0.0622,1.1043,0.0068,3.8297,100.834,21.33,0.0
2016-09-03 06:00:00,0.0585,0.0417,1.1182,0.0069,3.3457,100.891,19.1,0.0
2016-09-03 07:00:00,0.0481,0.0339,1.1227,0.007,3.1968,100.857,18.04,0.0
2016-09-03 08:00:00,0.0382,0.0265,1.1272,0.007,3.0482,100.823,16.99,0.0
2016-09-03 09:00:00,0.0287,0.0194,1.1317,0.007,2.9,100.79,15.93,0.0
2016-09-03 10:00:00,0.0215,0.014,1.1366,0.007,2.7951,100.844,15.07,0.0
2016-09-03 11:00:00,0.0145,0.0089,1.1414,0.0071,2.6809,100.898,14.22,0.0
2016-09-03 12:00:00,0.0079,0.004,1.1462,0.0071,2.5772,100.953,13.36,0.0
2016-09-03 13:00:00,0.0081,0.0037,1.141,0.0071,2.1537,100.927,14.21,0.0
2016-09-03 14:00:00,0.0203,0.013,1.1358,0.007,1.7308,100.902,15.05,48.055
2016-09-03 15:00:00,0.1328,0.1055,1.1306,0.007,1.3167,100.876,15.89,227.924
2016-09-03 16:00:00,0.3123,0.2561,1.1191,0.0069,1.8822,100.881,18.88,391.072
2016-09-03 17:00:00,0.4971,0.4066,1.1075,0.0069,2.4643,100.886,21.86,583.141
2016-09-03 18:00:00,0.6772,0.5481,1.096,0.0068,3.0537,100.891,24.85,735.084
2016-09-03 19:00:00,0.8048,0.6502,1.0447,0.0065,3.234,100.82,27.03,842.038
2016-09-03 20:00:00,0.912,0.732,0.9935,0.0062,3.4328,100.748,29.21,905.202
2016-09-03 21:00:00,0.9789,0.7753,0.9423,0.0058,3.6335,100.677,31.39,910.003
2016-09-03 22:00:00,0.969,0.741,0.9042,0.0056,4.2681,100.627,31.68,821.741
2016-09-03 23:00:00,0.8974,0.6482,0.8661,0.0054,4.9098,100.576,31.97,644.832
2016-09-04 00:00:00,0.8206,0.5504,0.828,0.0051,5.5517,100.526,32.26,454.664
2016-09-04 01:00:00,0.6265,0.3925,0.8577,0.0053,5.5325,100.522,29.2,278.12
2016-09-04 02:00:00,0.1988,0.1536,0.8873,0.0055,5.5139,100.518,26.15,87.536
2016-09-04 03:00:00,0.141,0.1089,0.9169,0.0057,5.5121,100.514,23.09,0.0
2016-09-04 04:00:00,0.1039,0.0796,0.9539,0.0059,4.9131,100.566,20.49,0.0
2016-09-04 05:00:00,0.0707,0.0535,0.9908,0.0061,4.33,100.617,17.9,0.0
2016-09-04 06:00:00,0.0415,0.0305,1.0278,0.0064,3.7923,100.668,15.3,0.0
2016-09-04 07:00:00,0.0292,0.0208,1.0453,0.0065,3.4412,100.723,14.24,0.0
2016-09-04 08:00:00,0.0176,0.0117,1.0629,0.0066,3.0844,100.777,13.18,0.0
2016-09-04 09:00:00,0.0067,0.0033,1.0805,0.0067,2.7334,100.832,12.13,0.0
2016-09-04 10:00:00,0.0002,-0.0017,1.0746,0.0067,2.3702,100.861,11.44,0.0
2016-09-04 11:00:00,-0.0053,-0.0057,1.0689,0.0066,2.1002,100.89,10.76,0.0
2016-09-04 12:00:00,-0.0094,-0.0087,1.063,0.0066,1.9536,100.918,10.08,0.0
2016-09-04 13:00:00,-0.011,-0.0098,1.0732,0.0066,1.5532,100.967,10.88,0.0
2016-09-04 14:00:00,-0.0014,-0.0022,1.0833,0.0067,1.1604,101.015,11.69,41.95
2016-09-04 15:00:00,0.1022,0.0889,1.0935,0.0068,0.7864,101.064,12.49,234.108
2016-09-04 16:00:00,0.2571,0.2242,1.1141,0.0069,1.2559,101.066,15.35,403.371
2016-09-04 17:00:00,0.4217,0.3634,1.1347,0.007,1.7945,101.068,18.21,602.353
2016-09-04 18:00:00,0.5674,0.4804,1.1554,0.0071,2.3544,101.07,21.07,733.424
2016-09-04 19:00:00,0.6815,0.5748,1.1202,0.0069,2.4824,101.009,23.15,840.232
2016-09-04 20:00:00,0.7752,0.6492,1.0849,0.0067,2.6203,100.948,25.23,903.085
2016-09-04 21:00:00,0.8286,0.6854,1.0498,0.0065,2.7573,100.887,27.3,906.616
2016-09-04 22:00:00,0.8171,0.6513,1.005,0.0062,3.3852,100.829,27.91,817.974
2016-09-04 23:00:00,0.7468,0.5609,0.9603,0.0059,4.0142,100.771,28.51,640.896
2016-09-05 00:00:00,0.6682,0.4618,0.9156,0.0057,4.6439,100.712,29.12,444.008
2016-09-05 01:00:00,0.4934,0.3165,0.9539,0.0059,4.6174,100.704,26.64,269.656
2016-09-05 02:00:00,0.1534,0.1166,0.9923,0.0062,4.5963,100.696,24.16,81.528
2016-09-05 03:00:00,0.1052,0.0792,1.0306,0.0064,4.5807,100.687,21.68,0.0
2016-09-05 04:00:00,0.0812,0.0605,1.0412,0.0065,4.1504,100.771,19.8,0.0
2016-09-05 05:00:00,0.0592,0.0434,1.0518,0.0065,3.7248,100.854,17.92,0.0
2016-09-05 06:00:00,0.0394,0.028,1.0625,0.0066,3.3165,100.938,16.04,0.0
2016-09-05 07:00:00,0.0313,0.0219,1.0634,0.0066,3.2045,100.877,15.07,0.0
2016-09-05 08:00:00,0.0238,0.0163,1.0643,0.0066,3.11,100.816,14.11,0.0
2016-09-05 09:00:00,0.0166,0.0109,1.0653,0.0066,3.0242,100.755,13.15,0.0
2016-09-05 10:00:00,0.0111,0.0067,1.0594,0.0066,2.9702,100.817,12.26,0.0
2016-09-05 11:00:00,0.0059,0.0028,1.0535,0.0065,2.9317,100.879,11.38,0.0
2016-09-05 12:00:00,0.0009,-0.0009,1.0476,0.0065,2.8991,100.941,10.5,0.0
2016-09-05 13:00:00,0.0001,-0.0018,1.0573,0.0065,2.2475,100.943,11.42,0.0
2016-09-05 14:00:00,0.0071,0.0037,1.067,0.0066,1.6141,100.946,12.34,39.454
2016-09-05 15:00:00,0.1095,0.0921,1.0766,0.0067,0.9954,100.948,13.26,230.698
2016-09-05 16:00:00,0.2811,0.2387,1.0653,0.0066,1.4007,100.974,17.09,399.212
2016-09-05 17:00:00,0.4664,0.3929,1.0541,0.0065,1.8327,100.999,20.92,596.996
2016-09-05 18:00:00,0.6368,0.5282,1.0428,0.0064,2.2903,101.025,24.75,730.044
2016-09-05 19:00:00,0.7717,0.633,0.989,0.0061,2.6926,100.926,26.95,836.459
2016-09-05 20:00:00,0.8964,0.7221,0.9353,0.0058,3.2212,100.826,29.15,898.837
2016-09-05 21:00:00,0.9903,0.7776,0.8816,0.0055,3.8096,100.727,31.35,902.982
2016-09-05 22:00:00,0.9579,0.7325,0.8311,0.0051,4.1081,100.715,31.72,813.97
2016-09-05 23:00:00,0.8608,0.6262,0.7804,0.0048,4.4024,100.703,32.09,636.784
2016-09-06 00:00:00,0.755,0.511,0.7298,0.0045,4.7092,100.692,32.46,444.048
2016-09-06 01:00:00,0.5479,0.3448,0.7366,0.0046,4.3812,100.688,29.5,267.688
2016-09-06 02:00:00,0.1842,0.1357,0.7433,0.0046,4.1228,100.684,26.54,77.478
2016-09-06 03:00:00,0.1305,0.0951,0.7501,0.0046,3.9479,100.68,23.57,0.0
2016-09-06 04:00:00,0.1094,0.08,0.7637,0.0047,3.8205,100.744,21.45,0.0
2016-09-06 05:00:00,0.0896,0.0658,0.7774,0.0048,3.7023,100.807,19.32,0.0
2016-09-06 06:00:00,0.0713,0.0524,0.7911,0.0049,3.5943,100.87,17.2,0.0
2016-09-06 07:00:00,0.0591,0.0429,0.7994,0.0049,3.3245,100.856,16.1,0.0
2016-09-06 08:00:00,0.0476,0.0339,0.8077,0.005,3.0558,100.842,15.0,0.0
2016-09-06 09:00:00,0.0366,0.0254,0.816,0.005,2.7862,100.828,13.9,0.0
2016-09-06 10:00:00,0.0291,0.0194,0.8186,0.0051,2.4726,100.882,13.4,0.0
2016-09-06 11:00:00,0.0216,0.0135,0.8212,0.0051,2.1684,100.936,12.9,0.0
2016-09-06 12:00:00,0.0141,0.0079,0.8239,0.0051,1.8784,100.99,12.4,0.0
2016-09-06 13:00:00,0.0081,0.0031,0.8344,0.0052,1.5095,101.019,13.03,0.0
2016-09-06 14:00:00,0.0144,0.0079,0.8449,0.0052,1.2238,101.047,13.66,37.339
2016-09-06 15:00:00,0.1279,0.1002,0.8555,0.0053,1.1039,101.076,14.28,228.214
2016-09-06 16:00:00,0.2929,0.247,0.8458,0.0052,1.0885,101.101,18.62,396.681
2016-09-06 17:00:00,0.4766,0.403,0.836,0.0052,1.368,101.127,22.95,594.065
2016-09-06 18:00:00,0.6516,0.5422,0.8263,0.0051,1.8204,101.152,27.28,725.803
2016-09-06 19:00:00,0.7613,0.6361,0.7783,0.0048,1.8622,101.103,29.76,831.678
2016-09-06 20:00:00,0.8461,0.7064,0.7305,0.0045,1.9159,101.055,32.24,893.529
2016-09-06 21:00:00,0.8817,0.7311,0.6826,0.0042,1.9602,101.006,34.72,895.451
2016-09-06 22:00:00,0.8704,0.6937,0.6578,0.0041,2.518,100.909,35.07,806.457
2016-09-06 23:00:00,0.7899,0.5912,0.633,0.0039,3.0772,100.812,35.41,629.904
2016-09-07 00:00:00,0.7032,0.483,0.6083,0.0038,3.6361,100.716,35.76,441.352
2016-09-07 01:00:00,0.5438,0.3398,0.6067,0.0038,3.8001,100.712,32.61,264.032
2016-09-07 02:00:00,0.2146,0.1543,0.6052,0.0037,3.9711,100.708,29.46,72.864
2016-09-07 03:00:00,0.1681,0.1219,0.6036,0.0037,4.1484,100.705,26.31,0.0
2016-09-07 04:00:00,0.1421,0.1031,0.627,0.0039,3.9162,100.765,24.13,0.0
2016-09-07 05:00:00,0.1194,0.0869,0.6504,0.004,3.7537,100.825,21.95,0.0
2016-09-07 06:00:00,0.0996,0.0729,0.6739,0.0042,3.6698,100.886,19.77,0.0
2016-09-07 07:00:00,0.0821,0.0581,0.6913,0.0043,3.0564,100.885,19.23,0.0
2016-09-07 08:00:00,0.0636,0.043,0.7087,0.0044,2.4716,100.884,18.69,0.0
2016-09-07 09:00:00,0.0443,0.0279,0.7261,0.0045,1.9319,100.883,18.15,0.0
2016-09-07 10:00:00,0.0403,0.0255,0.7379,0.0046,1.9601,100.955,17.12,0.0
2016-09-07 11:00:00,0.037,0.0236,0.7498,0.0046,2.0267,101.028,16.08,0.0
2016-09-07 12:00:00,0.0342,0.022,0.7616,0.0047,2.1271,101.1,15.04,0.0
2016-09-07 13:00:00,0.028,0.0169,0.7754,0.0048,1.8001,101.129,15.66,0.0
2016-09-07 14:00:00,0.0329,0.0205,0.7891,0.0049,1.5174,101.157,16.27,35.191
2016-09-07 15:00:00,0.1559,0.1153,0.8028,0.0049,1.324,101.186,16.89,225.729
2016-09-07 16:00:00,0.3523,0.281,0.8128,0.005,1.6641,101.183,21.38,394.096
2016-09-07 17:00:00,0.5569,0.4489,0.8229,0.0051,2.0612,101.18,25.86,591.073
2016-09-07 18:00:00,0.7391,0.5916,0.8329,0.0051,2.4763,101.178,30.35,716.586
2016-09-07 19:00:00,0.86,0.691,0.8458,0.0052,2.6602,101.164,32.59,821.207
2016-09-07 20:00:00,0.9591,0.7678,0.8586,0.0053,2.8738,101.15,34.84,882.09
2016-09-07 21:00:00,1.0165,0.8044,0.8715,0.0054,3.0966,101.136,37.09,884.766
2016-09-07 22:00:00,0.898,0.7128,0.8687,0.0054,2.6241,101.087,37.44,796.086
2016-09-07 23:00:00,0.7057,0.5507,0.8659,0.0053,2.2,101.038,37.8,620.816
2016-09-08 00:00:00,0.4987,0.3726,0.8633,0.0053,1.8417,100.989,38.16,427.32
2016-09-08 01:00:00,0.4184,0.271,0.8778,0.0054,2.579,101.008,35.25,253.608
2016-09-08 02:00:00,0.2039,0.1407,0.8925,0.0055,3.3552,101.028,32.34,66.428
2016-09-08 03:00:00,0.1801,0.1285,0.9071,0.0056,4.1523,101.047,29.42,0.0
2016-09-08 04:00:00,0.1543,0.1106,0.9199,0.0057,3.9992,101.1,27.25,0.0
2016-09-08 05:00:00,0.1298,0.0934,0.9326,0.0058,3.8437,101.154,25.08,0.0
2016-09-08 06:00:00,0.107,0.0772,0.9454,0.0058,3.6975,101.207,22.91,0.0
2016-09-08 07:00:00,0.0939,0.0675,0.9507,0.0059,3.5411,101.257,21.74,0.0
2016-09-08 08:00:00,0.0815,0.0583,0.9562,0.0059,3.3918,101.308,20.57,0.0
2016-09-08 09:00:00,0.0698,0.0497,0.9616,0.0059,3.2506,101.358,19.4,0.0
2016-09-08 10:00:00,0.0613,0.0437,0.9728,0.006,3.25,101.399,18.34,0.0
2016-09-08 11:00:00,0.0528,0.0376,0.9841,0.0061,3.2404,101.44,17.27,0.0
2016-09-08 12:00:00,0.0444,0.0316,0.9954,0.0061,3.2319,101.481,16.21,0.0
2016-09-08 13:00:00,0.0477,0.0339,1.0167,0.0063,3.2222,101.543,16.92,0.0
2016-09-08 14:00:00,0.059,0.0429,1.0379,0.0064,3.2026,101.604,17.63,32.733
2016-09-08 15:00:00,0.2294,0.1559,1.0593,0.0065,3.1931,101.666,18.34,220.854
2016-09-08 16:00:00,0.4148,0.3112,1.1021,0.0068,3.3693,101.712,21.66,387.348
2016-09-08 17:00:00,0.6013,0.4657,1.1451,0.007,3.5675,101.759,24.97,581.814
2016-09-08 18:00:00,0.7651,0.5972,1.188,0.0073,3.7757,101.805,28.29,711.706
2016-09-08 19:00:00,0.8716,0.6898,1.1751,0.0072,3.5888,101.702,30.52,815.684
2016-09-08 20:00:00,0.9496,0.7566,1.1623,0.0071,3.4223,101.599,32.75,875.974
2016-09-08 21:00:00,0.9781,0.7782,1.1495,0.0071,3.265,101.496,34.97,874.594
2016-09-08 22:00:00,0.9695,0.7438,1.1457,0.0071,3.9151,101.459,35.29,786.217
2016-09-08 23:00:00,0.8965,0.6485,1.1419,0.007,4.5753,101.421,35.61,612.112
2016-09-09 00:00:00,0.8133,0.5441,1.1382,0.007,5.2255,101.384,35.93,421.432
2016-09-09 01:00:00,0.6339,0.3924,1.1334,0.007,5.3665,101.358,32.86,248.064
2016-09-09 02:00:00,0.2217,0.1673,1.1287,0.007,5.5028,101.332,29.8,61.342
2016-09-09 03:00:00,0.1692,0.1289,1.1239,0.0069,5.6442,101.306,26.73,0.0
2016-09-09 04:00:00,0.129,0.0969,1.1443,0.0071,4.8569,101.372,24.43,0.0
2016-09-09 05:00:00,0.0922,0.0678,1.1645,0.0072,4.0771,101.439,22.12,0.0
2016-09-09 06:00:00,0.0589,0.0417,1.1849,0.0073,3.3001,101.505,19.82,0.0
2016-09-09 07:00:00,0.0465,0.0321,1.1901,0.0073,2.9703,101.501,18.91,0.0
2016-09-09 08:00:00,0.0345,0.0229,1.1954,0.0074,2.6419,101.497,17.99,0.0
2016-09-09 09:00:00,0.023,0.0143,1.2006,0.0074,2.3162,101.492,17.08,0.0
2016-09-09 10:00:00,0.0162,0.0093,1.2014,0.0074,2.1811,101.489,16.28,0.0
2016-09-09 11:00:00,0.01,0.0049,1.2022,0.0074,2.0733,101.485,15.47,0.0
2016-09-09 12:00:00,0.0046,0.0011,1.2029,0.0074,2.0,101.48,14.66,0.0
2016-09-09 13:00:00,0.0027,-0.0004,1.2028,0.0074,1.7463,101.489,15.09,0.0
2016-09-09 14:00:00,0.0099,0.0051,1.2026,0.0074,1.4968,101.497,15.51,30.754
2016-09-09 15:00:00,0.1221,0.0982,1.2024,0.0074,1.2495,101.506,15.93,219.656
2016-09-09 16:00:00,0.3128,0.2567,1.1865,0.0073,1.8222,101.515,19.78,387.047
2016-09-09 17:00:00,0.5179,0.4218,1.1708,0.0072,2.4315,101.525,23.63,582.245
2016-09-09 18:00:00,0.7111,0.569,1.155,0.0071,3.0686,101.534,27.48,714.485
2016-09-09 19:00:00,0.8273,0.6674,1.1148,0.0069,2.9736,101.436,30.09,818.936
2016-09-09 20:00:00,0.9146,0.7401,1.0748,0.0066,2.8862,101.339,32.71,879.269
2016-09-09 21:00:00,0.9517,0.767,1.0347,0.0064,2.8015,101.241,35.32,879.884
2016-09-09 22:00:00,0.9378,0.7299,1.0046,0.0062,3.2898,101.189,36.11,790.217
2016-09-09 23:00:00,0.8579,0.6293,0.9744,0.006,3.7929,101.137,36.9,614.208
2016-09-10 00:00:00,0.7651,0.5163,0.9443,0.0058,4.2879,101.085,37.69,419.744
2016-09-10 01:00:00,0.5859,0.3626,0.9479,0.0059,4.4011,101.137,34.17,244.976
2016-09-10 02:00:00,0.2193,0.1595,0.9515,0.0059,4.5115,101.189,30.66,56.83
2016-09-10 03:00:00,0.1664,0.1224,0.9551,0.0059,4.6285,101.241,27.14,0.0
2016-09-10 04:00:00,0.1332,0.0976,0.9717,0.006,4.2338,101.284,24.78,0.0
2016-09-10 05:00:00,0.103,0.075,0.9883,0.0061,3.8508,101.328,22.41,0.0
2016-09-10 06:00:00,0.0755,0.0544,1.0049,0.0062,3.4701,101.371,20.04,0.0
2016-09-10 07:00:00,0.062,0.0441,1.0127,0.0062,3.233,101.404,18.85,0.0
2016-09-10 08:00:00,0.0494,0.0346,1.0204,0.0063,3.0104,101.438,17.65,0.0
2016-09-10 09:00:00,0.0375,0.0256,1.0282,0.0063,2.7834,101.471,16.45,0.0
2016-09-10 10:00:00,0.0322,0.022,1.034,0.0064,2.8679,101.415,15.49,0.0
2016-09-10 11:00:00,0.0266,0.0182,1.0397,0.0064,2.9533,101.359,14.53,0.0
2016-09-10 12:00:00,0.0209,0.0141,1.0454,0.0064,3.0387,101.304,13.56,0.0
2016-09-10 13:00:00,0.0199,0.0127,1.0507,0.0065,2.5371,101.373,14.38,0.0
2016-09-10 14:00:00,0.0249,0.0162,1.056,0.0065,2.064,101.442,15.2,28.581
2016-09-10 15:00:00,0.1405,0.106,1.0613,0.0065,1.6164,101.511,16.01,216.083
2016-09-10 16:00:00,0.3419,0.2697,1.0502,0.0065,2.3162,101.514,19.82,382.57
2016-09-10 17:00:00,0.5621,0.4406,1.039,0.0064,3.1652,101.517,23.63,576.37
2016-09-10 18:00:00,0.776,0.5971,1.0279,0.0063,4.0596,101.52,27.43,707.729
2016-09-10 19:00:00,0.9126,0.7044,0.9991,0.0061,4.2089,101.459,29.97,811.291
2016-09-10 20:00:00,1.026,0.7894,0.9703,0.006,4.3676,101.397,32.51,870.85
2016-09-10 21:00:00,1.0975,0.8341,0.9416,0.0058,4.5427,101.336,35.04,869.762
2016-09-10 22:00:00,1.0822,0.7978,0.9269,0.0057,5.0293,101.284,35.54,780.368
2016-09-10 23:00:00,1.0042,0.7016,0.9122,0.0056,5.5264,101.232,36.04,605.52
2016-09-11 00:00:00,0.9119,0.5919,0.8975,0.0055,6.0241,101.179,36.53,409.0
2016-09-11 01:00:00,0.713,0.4306,0.9015,0.0056,5.9535,101.198,33.45,236.616
2016-09-11 02:00:00,0.2488,0.1887,0.9054,0.0056,5.8925,101.216,30.37,51.11
2016-09-11 03:00:00,0.1951,0.1491,0.9093,0.0056,5.8504,101.234,27.29,0.0
2016-09-11 04:00:00,0.1548,0.118,0.9323,0.0057,5.3106,101.315,24.73,0.0
2016-09-11 05:00:00,0.1183,0.0896,0.9554,0.0059,4.7707,101.395,22.17,0.0
2016-09-11 06:00:00,0.0853,0.0639,0.9785,0.006,4.231,101.476,19.61,0.0
2016-09-11 07:00:00,0.0677,0.0497,0.9931,0.0061,3.7553,101.482,18.39,0.0
2016-09-11 08:00:00,0.0509,0.0364,1.0077,0.0062,3.2738,101.488,17.18,0.0
2016-09-11 09:00:00,0.0352,0.024,1.0222,0.0063,2.8101,101.494,15.96,0.0
2016-09-11 10:00:00,0.0271,0.0179,1.031,0.0063,2.6045,101.505,15.22,0.0
2016-09-11 11:00:00,0.0197,0.0123,1.0397,0.0064,2.4217,101.517,14.49,0.0
2016-09-11 12:00:00,0.0128,0.0072,1.0485,0.0064,2.2496,101.528,13.76,0.0
2016-09-11 13:00:00,0.0125,0.0067,1.0533,0.0065,2.0483,101.574,14.35,0.0
2016-09-11 14:00:00,0.0193,0.0118,1.058,0.0065,1.844,101.619,14.95,26.444
2016-09-11 15:00:00,0.1352,0.1022,1.0628,0.0065,1.6492,101.665,15.54,212.978
2016-09-11 16:00:00,0.3139,0.253,1.0612,0.0065,2.0052,101.707,18.94,378.882
2016-09-11 17:00:00,0.4958,0.4037,1.0596,0.0065,2.3659,101.75,22.33,571.712
2016-09-11 18:00:00,0.6592,0.5339,1.058,0.0065,2.7294,101.792,25.73,703.141
2016-09-11 19:00:00,0.8002,0.6421,1.0324,0.0063,3.1477,101.69,28.22,806.091
2016-09-11 20:00:00,0.9231,0.7303,1.0067,0.0062,3.5896,101.587,30.71,865.086
2016-09-11 21:00:00,1.0098,0.782,0.9811,0.006,4.0435,101.485,33.2,863.787
2016-09-11 22:00:00,0.9979,0.7473,0.9715,0.006,4.6141,101.378,33.67,774.23
2016-09-11 23:00:00,0.9239,0.654,0.9619,0.0059,5.1855,101.271,34.13,599.712
2016-09-12 00:00:00,0.8369,0.5482,0.9523,0.0059,5.7561,101.164,34.6,403.32
2016-09-12 01:00:00,0.6295,0.3834,0.9843,0.0061,5.6372,101.137,31.32,231.208
2016-09-12 02:00:00,0.2031,0.1544,1.0162,0.0063,5.5275,101.11,28.05,46.08
2016-09-12 03:00:00,0.1481,0.1132,1.0481,0.0065,5.4088,101.083,24.77,0.0
2016-09-12 04:00:00,0.1133,0.0863,1.0724,0.0066,4.9951,101.118,22.25,0.0
2016-09-12 05:00:00,0.0815,0.0617,1.0966,0.0068,4.5843,101.154,19.72,0.0
2016-09-12 06:00:00,0.0527,0.0394,1.1208,0.0069,4.1664,101.19,17.2,0.0
2016-09-12 07:00:00,0.0382,0.0276,1.1329,0.007,3.6458,101.169,16.13,0.0
2016-09-12 08:00:00,0.0244,0.0167,1.1449,0.0071,3.1257,101.148,15.07,0.0
2016-09-12 09:00:00,0.0112,0.0064,1.157,0.0071,2.5962,101.126,14.0,0.0
2016-09-12 10:00:00,0.0061,0.0027,1.1494,0.0071,2.4988,101.126,13.23,0.0
2016-09-12 11:00:00,0.0014,-0.0008,1.1418,0.0071,2.4041,101.126,12.47,0.0
2016-09-12 12:00:00,-0.0032,-0.0042,1.1342,0.007,2.3011,101.125,11.7,0.0
2016-09-12 13:00:00,-0.0061,-0.0064,1.1346,0.007,1.8215,101.117,12.1,0.0
2016-09-12 14:00:00,-0.0018,-0.0029,1.1351,0.007,1.4618,101.11,12.51,25.217
2016-09-12 15:00:00,0.1007,0.0833,1.1355,0.007,1.3411,101.104,12.91,215.029
2016-09-12 16:00:00,0.2622,0.2226,1.125,0.0069,1.588,101.169,16.18,384.413
2016-09-12 17:00:00,0.433,0.3664,1.1145,0.0069,1.9418,101.235,19.44,580.949
2016-09-12 18:00:00,0.5884,0.4911,1.104,0.0068,2.3632,101.302,22.71,713.325
2016-09-12 19:00:00,0.7255,0.5942,1.0474,0.0065,2.9568,101.175,24.78,817.855
2016-09-12 20:00:00,0.848,0.6805,0.9908,0.0061,3.5545,101.047,26.86,877.484
2016-09-12 21:00:00,0.937,0.7323,0.9344,0.0058,4.1526,100.92,28.93,878.176
2016-09-12 22:00:00,0.922,0.6939,0.8997,0.0056,4.9479,100.874,28.79,786.345
2016-09-12 23:00:00,0.8518,0.6038,0.8651,0.0054,5.7607,100.827,28.65,608.032
2016-09-13 00:00:00,0.7739,0.5071,0.8305,0.0051,6.5822,100.781,28.5,409.648
2016-09-13 01:00:00,0.5591,0.3421,0.854,0.0053,6.1766,100.798,25.57,232.616
2016-09-13 02:00:00,0.1511,0.1189,0.8775,0.0054,5.7763,100.815,22.63,42.298
2016-09-13 03:00:00,0.1056,0.0825,0.9011,0.0056,5.3833,100.832,19.7,0.0
2016-09-13 04:00:00,0.0765,0.059,0.9287,0.0057,4.7829,100.844,17.46,0.0
2016-09-13 05:00:00,0.0503,0.038,0.9563,0.0059,4.1862,100.855,15.23,0.0
2016-09-13 06:00:00,0.0267,0.0192,0.984,0.0061,3.5949,100.867,12.99,0.0
2016-09-13 07:00:00,0.0177,0.012,0.999,0.0062,3.1683,100.898,12.32,0.0
2016-09-13 08:00:00,0.009,0.0051,1.014,0.0063,2.7487,100.929,11.64,0.0
2016-09-13 09:00:00,0.0006,-0.0013,1.029,0.0064,2.3465,100.959,10.96,0.0
2016-09-13 10:00:00,-0.0048,-0.0054,1.0215,0.0063,1.9324,100.995,10.57,0.0
2016-09-13 11:00:00,-0.0097,-0.0089,1.014,0.0063,1.6021,101.031,10.19,0.0
2016-09-13 12:00:00,-0.0135,-0.0114,1.0066,0.0062,1.3806,101.068,9.8,0.0
2016-09-13 13:00:00,-0.0171,-0.0138,1.0143,0.0063,1.0871,101.098,10.2,0.0
2016-09-13 14:00:00,-0.0134,-0.0106,1.0221,0.0063,0.8382,101.129,10.6,22.944
2016-09-13 15:00:00,0.081,0.0709,1.0298,0.0064,0.6845,101.159,10.99,210.877
2016-09-13 16:00:00,0.2203,0.1987,1.055,0.0065,0.6042,101.198,14.1,378.87
2016-09-13 17:00:00,0.3607,0.3277,1.0802,0.0067,0.5673,101.237,17.2,573.483
2016-09-13 18:00:00,0.4769,0.4335,1.1054,0.0068,0.5714,101.276,20.3,704.997
2016-09-13 19:00:00,0.5839,0.5211,1.0529,0.0065,0.9513,101.282,22.31,808.39
2016-09-13 20:00:00,0.6802,0.5918,1.0003,0.0062,1.478,101.289,24.32,867.113
2016-09-13 21:00:00,0.7424,0.6263,0.9478,0.0058,2.0408,101.296,26.33,863.239
2016-09-13 22:00:00,0.6622,0.5578,0.9114,0.0056,1.7682,101.253,26.63,772.179
2016-09-13 23:00:00,0.5281,0.4325,0.8749,0.0054,1.6954,101.209,26.93,596.016
2016-09-14 00:00:00,0.3911,0.2971,0.8386,0.0052,1.8361,101.166,27.22,395.584
2016-09-14 01:00:00,0.264,0.1758,0.8385,0.0052,2.0951,101.194,24.9,222.44
2016-09-14 02:00:00,0.0968,0.067,0.8385,0.0052,2.679,101.222,22.58,36.382
2016-09-14 03:00:00,0.0877,0.0632,0.8384,0.0052,3.44,101.25,20.25,0.0
2016-09-14 04:00:00,0.0735,0.0531,0.8632,0.0053,3.4002,101.314,18.64,0.0
2016-09-14 05:00:00,0.0596,0.0431,0.8879,0.0055,3.361,101.377,17.02,0.0
2016-09-14 06:00:00,0.0461,0.0333,0.9127,0.0056,3.3225,101.44,15.41,0.0
2016-09-14 07:00:00,0.036,0.0253,0.9337,0.0057,3.0604,101.489,14.59,0.0
2016-09-14 08:00:00,0.0262,0.0177,0.9547,0.0059,2.8003,101.538,13.76,0.0
2016-09-14 09:00:00,0.0171,0.0108,0.9757,0.006,2.5548,101.587,12.94,0.0
2016-09-14 10:00:00,0.0112,0.0063,0.9851,0.0061,2.3652,101.608,12.38,0.0
2016-09-14 11:00:00,0.0053,0.0019,0.9945,0.0061,2.1661,101.628,11.81,0.0
2016-09-14 12:00:00,-0.0002,-0.0021,1.0038,0.0062,1.9725,101.648,11.25,0.0
2016-09-14 13:00:00,-0.0044,-0.0052,1.017,0.0062,1.5698,101.715,11.77,0.0
2016-09-14 14:00:00,-0.0027,-0.0037,1.0301,0.0063,1.2384,101.782,12.28,20.672
2016-09-14 15:00:00,0.0958,0.0784,1.0432,0.0064,1.0808,101.849,12.8,206.988
2016-09-14 16:00:00,0.252,0.2163,1.0617,0.0065,1.1928,101.867,16.36,373.787
2016-09-14 17:00:00,0.4214,0.3597,1.0802,0.0066,1.5838,101.884,19.92,566.717
2016-09-14 18:00:00,0.5822,0.4881,1.0986,0.0067,2.1106,101.902,23.48,699.768
2016-09-14 19:00:00,0.6662,0.5676,1.0638,0.0065,1.8147,101.841,25.42,802.45
2016-09-14 20:00:00,0.7199,0.6209,1.0291,0.0063,1.5259,101.779,27.37,860.558
2016-09-14 21:00:00,0.7225,0.6284,0.9945,0.0061,1.2491,101.718,29.31,858.377
2016-09-14 22:00:00,0.696,0.5827,0.964,0.0059,1.7682,101.672,29.69,767.053
2016-09-14 23:00:00,0.6164,0.4827,0.9335,0.0057,2.4067,101.627,30.06,590.976
2016-09-15 00:00:00,0.5276,0.3725,0.9031,0.0055,3.0808,101.581,30.44,391.456
2016-09-15 01:00:00,0.3783,0.2387,0.9143,0.0056,3.2637,101.546,27.67,217.896
2016-09-15 02:00:00,0.1293,0.0925,0.9254,0.0057,3.4831,101.511,24.9,31.468
2016-09-15 03:00:00,0.1015,0.0735,0.9366,0.0058,3.715,101.476,22.14,0.0
2016-09-15 04:00:00,0.084,0.0609,0.9528,0.0059,3.6101,101.545,20.36,0.0
2016-09-15 05:00:00,0.0673,0.0488,0.969,0.006,3.5046,101.614,18.58,0.0
2016-09-15 06:00:00,0.0515,0.0371,0.9853,0.006,3.3908,101.684,16.81,0.0
2016-09-15 07:00:00,0.0403,0.0282,0.9978,0.0061,3.0217,101.665,16.04,0.0
2016-09-15 08:00:00,0.0296,0.0198,1.0103,0.0062,2.6609,101.647,15.27,0.0
2016-09-15 09:00:00,0.0191,0.0118,1.0227,0.0063,2.3025,101.627,14.51,0.0
2016-09-15 10:00:00,0.012,0.0064,1.0279,0.0063,2.0381,101.642,13.98,0.0
2016-09-15 11:00:00,0.0054,0.0016,1.033,0.0063,1.8036,101.658,13.45,0.0
2016-09-15 12:00:00,-0.0003,-0.0025,1.0382,0.0064,1.619,101.673,12.91,0.0
2016-09-15 13:00:00,-0.0025,-0.0041,1.0478,0.0064,1.4819,101.704,13.12,0.0
2016-09-15 14:00:00,0.001,-0.0013,1.0574,0.0065,1.3399,101.736,13.33,18.944
2016-09-15 15:00:00,0.1017,0.0817,1.067,0.0065,1.2037,101.767,13.54,205.787
2016-09-15 16:00:00,0.2659,0.2254,1.0602,0.0065,1.2638,101.739,17.55,373.57
2016-09-15 17:00:00,0.4373,0.3727,1.0535,0.0065,1.44,101.711,21.55,567.297
2016-09-15 18:00:00,0.593,0.5012,1.0468,0.0064,1.6986,101.683,25.55,700.085
2016-09-15 19:00:00,0.702,0.5917,0.9944,0.0061,1.869,101.596,27.47,802.908
2016-09-15 20:00:00,0.7867,0.6587,0.9421,0.0058,2.0318,101.51,29.39,860.83
2016-09-15 21:00:00,0.8273,0.6834,0.8898,0.0055,2.2044,101.423,31.31,858.026
2016-09-15 22:00:00,0.7997,0.6378,0.8561,0.0053,2.6596,101.367,31.67,765.923
2016-09-15 23:00:00,0.7084,0.532,0.8223,0.0051,3.1151,101.31,32.02,589.008
2016-09-16 00:00:00,0.6027,0.4124,0.7887,0.0049,3.5708,101.254,32.38,388.616
2016-09-16 01:00:00,0.4386,0.27,0.8103,0.005,3.6792,101.245,29.24,214.04
2016-09-16 02:00:00,0.1513,0.1089,0.8319,0.0051,3.7812,101.237,26.11,26.618
2016-09-16 03:00:00,0.1174,0.0855,0.8536,0.0053,3.8877,101.228,22.97,0.0
2016-09-16 04:00:00,0.099,0.0723,0.8625,0.0053,3.7812,101.258,21.08,0.0
2016-09-16 05:00:00,0.0816,0.0597,0.8714,0.0054,3.6792,101.287,19.18,0.0
2016-09-16 06:00:00,0.0651,0.0477,0.8804,0.0054,3.582,101.317,17.28,0.0
2016-09-16 07:00:00,0.0537,0.0388,0.886,0.0055,3.3401,101.33,16.2,0.0
2016-09-16 08:00:00,0.0428,0.0304,0.8917,0.0055,3.0952,101.342,15.11,0.0
2016-09-16 09:00:00,0.0328,0.0227,0.8973,0.0055,2.869,101.355,14.03,0.0
2016-09-16 10:00:00,0.024,0.0156,0.9018,0.0056,2.4264,101.334,13.62,0.0
2016-09-16 11:00:00,0.0153,0.0088,0.9064,0.0056,2.019,101.312,13.21,0.0
2016-09-16 12:00:00,0.0071,0.0027,0.911,0.0056,1.6812,101.291,12.8,0.0
2016-09-16 13:00:00,0.004,0.0003,0.9163,0.0056,1.5305,101.334,12.84,0.0
2016-09-16 14:00:00,0.0065,0.0024,0.9217,0.0057,1.4072,101.376,12.88,17.248
2016-09-16 15:00:00,0.1081,0.0839,0.9271,0.0057,1.3021,101.419,12.92,205.783
2016-09-16 16:00:00,0.2693,0.2262,0.9212,0.0057,1.2442,101.44,17.17,375.563
2016-09-16 17:00:00,0.4492,0.378,0.9155,0.0056,1.5473,101.46,21.42,571.28
2016-09-16 18:00:00,0.6268,0.5176,0.9096,0.0056,2.0706,101.481,25.67,705.109
2016-09-16 19:00:00,0.7276,0.6071,0.8745,0.0054,1.967,101.409,28.25,808.719
2016-09-16 20:00:00,0.8012,0.6719,0.8393,0.0052,1.8746,101.337,30.83,866.847
2016-09-16 21:00:00,0.8215,0.688,0.8042,0.005,1.7801,101.266,33.41,863.738
2016-09-16 22:00:00,0.7955,0.6421,0.7569,0.0047,2.2091,101.206,34.1,770.2
2016-09-16 23:00:00,0.7029,0.5326,0.7097,0.0044,2.6468,101.145,34.78,591.184
2016-09-17 00:00:00,0.592,0.4055,0.6625,0.0041,3.0814,101.085,35.47,386.376
2016-09-17 01:00:00,0.4478,0.2718,0.6833,0.0042,3.3681,101.044,32.06,210.492
2016-09-17 02:00:00,0.1768,0.1248,0.7043,0.0043,3.7095,101.004,28.65,21.748
2016-09-17 03:00:00,0.1499,0.109,0.7252,0.0045,4.0918,100.965,25.24,0.0
2016-09-17 04:00:00,0.1249,0.0906,0.7348,0.0045,3.8156,101.055,23.14,0.0
2016-09-17 05:00:00,0.1025,0.0742,0.7446,0.0046,3.5709,101.146,21.05,0.0
2016-09-17 06:00:00,0.0829,0.0599,0.7543,0.0046,3.3892,101.236,18.95,0.0
2016-09-17 07:00:00,0.0716,0.0515,0.7644,0.0047,3.245,101.251,17.78,0.0
2016-09-17 08:00:00,0.0611,0.0437,0.7744,0.0048,3.12,101.267,16.62,0.0
2016-09-17 09:00:00,0.0511,0.0363,0.7845,0.0048,2.9954,101.282,15.45,0.0
2016-09-17 10:00:00,0.0365,0.0243,0.7931,0.0049,2.3485,101.303,14.96,0.0
2016-09-17 11:00:00,0.022,0.0129,0.8016,0.0049,1.7995,101.325,14.47,0.0
2016-09-17 12:00:00,0.0102,0.0043,0.8102,0.005,1.4295,101.346,13.98,0.0
2016-09-17 13:00:00,0.0064,0.0016,0.8277,0.0051,1.3038,101.375,14.19,0.0
2016-09-17 14:00:00,0.0089,0.0036,0.8453,0.0052,1.222,101.404,14.4,15.024
2016-09-17 15:00:00,0.1166,0.0875,0.8628,0.0053,1.2021,101.432,14.62,200.529
2016-09-17 16:00:00,0.2961,0.2411,0.8703,0.0054,1.4503,101.454,19.04,367.98
2016-09-17 17:00:00,0.4803,0.3957,0.8778,0.0054,1.7268,101.476,23.47,560.672
2016-09-17 18:00:00,0.6462,0.5299,0.8853,0.0054,2.0207,101.498,27.89,690.595
2016-09-17 19:00:00,0.7513,0.6208,0.8598,0.0053,2.0124,101.452,30.56,792.183
2016-09-17 20:00:00,0.8304,0.6869,0.8343,0.0051,2.0248,101.407,33.23,848.913
2016-09-17 21:00:00,0.8542,0.7017,0.8088,0.005,2.0327,101.361,35.9,839.138
2016-09-17 22:00:00,0.8415,0.6628,0.7755,0.0048,2.5769,101.274,36.41,747.47
2016-09-17 23:00:00,0.7647,0.5624,0.7422,0.0046,3.1421,101.186,36.91,572.64
2016-09-18 00:00:00,0.6772,0.4509,0.709,0.0044,3.7273,101.098,37.41,377.688
2016-09-18 01:00:00,0.5142,0.3066,0.7011,0.0043,3.8798,101.082,33.86,203.432
2016-09-18 02:00:00,0.2018,0.1431,0.6932,0.0043,4.0423,101.066,30.32,16.526
2016-09-18 03:00:00,0.169,0.1225,0.6854,0.0042,4.2048,101.051,26.77,0.0
2016-09-18 04:00:00,0.1416,0.1025,0.6997,0.0043,3.9085,101.127,24.62,0.0
2016-09-18 05:00:00,0.1163,0.0839,0.7139,0.0044,3.6173,101.204,22.47,0.0
2016-09-18 06:00:00,0.0931,0.0667,0.7281,0.0045,3.3307,101.28,20.32,0.0
2016-09-18 07:00:00,0.0783,0.0546,0.7379,0.0045,2.8809,101.235,19.73,0.0
2016-09-18 08:00:00,0.0628,0.0421,0.7476,0.0046,2.4313,101.19,19.14,0.0
2016-09-18 09:00:00,0.0464,0.0295,0.7574,0.0047,1.9916,101.144,18.54,0.0
2016-09-18 10:00:00,0.0263,0.0147,0.7707,0.0048,1.5191,101.182,17.65,0.0
2016-09-18 11:00:00,0.0094,0.003,0.7841,0.0048,1.1636,101.22,16.76,0.0
2016-09-18 12:00:00,0.0013,-0.0024,0.7975,0.0049,1.024,101.257,15.87,0.0
2016-09-18 13:00:00,-0.0083,-0.0086,0.8111,0.005,0.8127,101.253,16.15,0.0
2016-09-18 14:00:00,-0.013,-0.0112,0.8247,0.0051,0.6122,101.25,16.44,12.992
2016-09-18 15:00:00,0.0845,0.0697,0.8382,0.0052,0.4031,101.246,16.72,197.16
2016-09-18 16:00:00,0.2638,0.2277,0.8498,0.0052,0.6413,101.319,21.29,363.822
2016-09-18 17:00:00,0.4484,0.3844,0.8615,0.0053,0.9805,101.392,25.86,555.291
2016-09-18 18:00:00,0.6146,0.5196,0.8732,0.0054,1.3336,101.466,30.44,686.319
2016-09-18 19:00:00,0.7282,0.6142,0.8408,0.0052,1.4916,101.361,33.08,787.346
2016-09-18 20:00:00,0.8174,0.6843,0.8083,0.005,1.6698,101.257,35.73,843.513
2016-09-18 21:00:00,0.8569,0.7069,0.776,0.0048,1.8495,101.153,38.37,837.162
2016-09-18 22:00:00,0.804,0.646,0.7511,0.0046,2.0422,101.076,38.87,744.892
2016-09-18 23:00:00,0.6831,0.5197,0.7262,0.0045,2.2642,100.999,39.37,569.552
2016-09-19 00:00:00,0.5418,0.3731,0.7013,0.0043,2.5045,100.922,39.86,367.032
2016-09-19 01:00:00,0.4296,0.2558,0.7155,0.0044,2.9671,100.875,36.49,195.372
2016-09-19 02:00:00,0.1987,0.1348,0.7296,0.0045,3.4419,100.829,33.11,11.339
2016-09-19 03:00:00,0.184,0.1297,0.7438,0.0046,3.9149,100.782,29.74,0.0
2016-09-19 04:00:00,0.1575,0.1107,0.7634,0.0047,3.6479,100.874,27.82,0.0
2016-09-19 05:00:00,0.1341,0.0941,0.7831,0.0048,3.43,100.967,25.91,0.0
2016-09-19 06:00:00,0.1135,0.0796,0.8029,0.005,3.2612,101.059,23.99,0.0
2016-09-19 07:00:00,0.1001,0.069,0.8172,0.005,2.9506,101.088,23.47,0.0
2016-09-19 08:00:00,0.0867,0.0585,0.8315,0.0051,2.6505,101.116,22.94,0.0
2016-09-19 09:00:00,0.0736,0.0485,0.8459,0.0052,2.3648,101.145,22.41,0.0
2016-09-19 10:00:00,0.0584,0.0372,0.861,0.0053,2.07,101.131,21.59,0.0
2016-09-19 11:00:00,0.0432,0.0262,0.876,0.0054,1.7748,101.117,20.77,0.0
2016-09-19 12:00:00,0.0289,0.016,0.8911,0.0055,1.5027,101.104,19.95,0.0
2016-09-19 13:00:00,0.0231,0.0119,0.9127,0.0056,1.3732,101.117,20.08,0.0
2016-09-19 14:00:00,0.0218,0.0112,0.9342,0.0058,1.2472,101.131,20.21,11.056
2016-09-19 15:00:00,0.1375,0.099,0.9558,0.0059,1.1261,101.144,20.34,193.447
2016-09-19 16:00:00,0.3425,0.2724,0.9867,0.0061,1.4975,101.129,24.75,358.999
2016-09-19 17:00:00,0.5485,0.4409,1.0175,0.0063,1.9321,101.114,29.16,548.895
2016-09-19 18:00:00,0.7364,0.5879,1.0484,0.0065,2.3816,101.099,33.58,679.253
2016-09-19 19:00:00,0.9023,0.7091,1.0473,0.0065,3.0349,101.032,35.9,779.324
2016-09-19 20:00:00,1.0463,0.8071,1.0463,0.0065,3.6906,100.965,38.23,834.719
2016-09-19 21:00:00,1.1474,0.8628,1.0453,0.0065,4.3378,100.899,40.55,828.237
2016-09-19 22:00:00,1.113,0.8128,1.0313,0.0064,4.7201,100.865,40.61,736.15
2016-09-19 23:00:00,1.0149,0.7019,1.0173,0.0063,5.13,100.831,40.67,561.744
2016-09-20 00:00:00,0.8992,0.5743,1.0034,0.0062,5.5437,100.797,40.72,362.688
2016-09-20 01:00:00,0.7052,0.4137,1.0073,0.0062,5.615,100.83,37.06,190.712
2016-09-20 02:00:00,0.265,0.1954,1.0113,0.0063,5.6939,100.862,33.39,6.418
2016-09-20 03:00:00,0.217,0.1635,1.0153,0.0063,5.79,100.894,29.72,0.0
2016-09-20 04:00:00,0.172,0.1285,1.0331,0.0064,5.0932,100.975,27.24,0.0
2016-09-20 05:00:00,0.1309,0.0966,1.0509,0.0065,4.3932,101.055,24.76,0.0
2016-09-20 06:00:00,0.094,0.0679,1.0687,0.0066,3.7138,101.136,22.28,0.0
2016-09-20 07:00:00,0.0751,0.0528,1.0752,0.0066,3.1909,101.17,21.24,0.0
2016-09-20 08:00:00,0.058,0.0396,1.0816,0.0067,2.7504,101.203,20.19,0.0
2016-09-20 09:00:00,0.0442,0.0292,1.0881,0.0067,2.4394,101.237,19.14,0.0
2016-09-20 10:00:00,0.0369,0.0239,1.0914,0.0067,2.3242,101.268,18.36,0.0
2016-09-20 11:00:00,0.0308,0.0195,1.0947,0.0067,2.2498,101.298,17.58,0.0
2016-09-20 12:00:00,0.0257,0.0161,1.098,0.0068,2.2204,101.328,16.81,0.0
2016-09-20 13:00:00,0.0206,0.0119,1.0955,0.0068,1.9052,101.349,17.04,0.0
2016-09-20 14:00:00,0.0168,0.009,1.093,0.0067,1.5789,101.369,17.28,9.104
2016-09-20 15:00:00,0.1205,0.0896,1.0905,0.0067,1.2572,101.389,17.52,190.31
2016-09-20 16:00:00,0.3179,0.253,1.067,0.0066,1.8432,101.378,21.04,355.244
2016-09-20 17:00:00,0.5174,0.4126,1.0434,0.0064,2.4359,101.366,24.56,544.122
2016-09-20 18:00:00,0.7008,0.5521,1.02,0.0063,3.0328,101.355,28.08,671.826
2016-09-20 19:00:00,0.8243,0.6489,0.9661,0.006,3.2801,101.274,30.1,770.905
2016-09-20 20:00:00,0.9239,0.7218,0.9122,0.0056,3.5451,101.192,32.11,825.452
2016-09-20 21:00:00,0.9706,0.7442,0.8585,0.0053,3.8061,101.111,34.13,804.675
2016-09-20 22:00:00,0.9364,0.6966,0.8267,0.0051,4.1453,101.035,34.34,714.398
2016-09-20 23:00:00,0.8424,0.5922,0.7949,0.0049,4.4904,100.96,34.55,544.064
2016-09-21 00:00:00,0.7345,0.4744,0.7632,0.0047,4.8407,100.885,34.76,352.184
2016-09-21 01:00:00,0.5225,0.3066,0.7261,0.0045,4.4506,100.898,31.46,182.844
2016-09-21 02:00:00,0.1775,0.1269,0.689,0.0043,4.0506,100.91,28.16,1.461
2016-09-21 03:00:00,0.1395,0.0996,0.6519,0.004,3.6505,100.924,24.86,0.0
2016-09-21 04:00:00,0.1275,0.0916,0.6721,0.0042,3.6455,100.929,23.49,0.0
2016-09-21 05:00:00,0.1156,0.0836,0.6923,0.0043,3.6459,100.933,22.11,0.0
2016-09-21 06:00:00,0.1038,0.0756,0.7125,0.0044,3.6504,100.938,20.73,0.0
2016-09-21 07:00:00,0.0937,0.0672,0.7308,0.0045,3.3617,100.95,20.33,0.0
2016-09-21 08:00:00,0.0837,0.0591,0.749,0.0046,3.081,100.961,19.94,0.0
2016-09-21 09:00:00,0.0738,0.0512,0.7673,0.0047,2.8126,100.973,19.55,0.0
2016-09-21 10:00:00,0.0625,0.0421,0.7867,0.0049,2.4907,101.032,19.18,0.0
2016-09-21 11:00:00,0.0506,0.0329,0.8061,0.005,2.17,101.092,18.8,0.0
2016-09-21 12:00:00,0.0383,0.0236,0.8255,0.0051,1.8507,101.151,18.43,0.0
2016-09-21 13:00:00,0.0422,0.0265,0.835,0.0051,1.9537,101.163,18.67,0.0
2016-09-21 14:00:00,0.0469,0.03,0.8445,0.0052,2.0479,101.175,18.91,3.712
2016-09-21 15:00:00,0.0729,0.0504,0.854,0.0053,2.1446,101.188,19.15,73.868
2016-09-21 16:00:00,0.2636,0.181,0.8693,0.0054,2.5469,101.215,20.34,138.724
2016-09-21 17:00:00,0.3508,0.2472,0.8846,0.0055,3.05,101.244,21.52,212.871
2016-09-21 18:00:00,0.409,0.2837,0.8999,0.0055,3.6041,101.272,22.71,222.095
2016-09-21 19:00:00,0.4596,0.3199,0.8936,0.0055,3.8786,101.218,23.53,254.865
2016-09-21 20:00:00,0.502,0.3477,0.8874,0.0055,4.162,101.164,24.34,272.848
2016-09-21 21:00:00,0.5893,0.4169,0.8812,0.0054,4.4593,101.11,25.16,380.205
2016-09-21 22:00:00,0.587,0.4033,0.8755,0.0054,4.8689,101.089,25.3,337.184
2016-09-21 23:00:00,0.5633,0.3694,0.8698,0.0054,5.2814,101.069,25.44,256.256
2016-09-22 00:00:00,0.6005,0.393,0.8641,0.0053,5.7029,101.049,25.58,345.184
2016-09-22 01:00:00,0.4288,0.2559,0.8693,0.0054,5.5741,101.008,22.93,176.856
2016-09-22 02:00:00,0.1146,0.0896,0.8744,0.0054,5.4701,100.967,20.29,0.0
2016-09-22 03:00:00,0.0877,0.0691,0.8796,0.0054,5.3924,100.927,17.64,0.0
2016-09-22 04:00:00,0.0647,0.0505,0.9064,0.0056,4.9484,100.989,15.72,0.0
2016-09-22 05:00:00,0.0438,0.0336,0.9332,0.0058,4.5459,101.051,13.79,0.0
2016-09-22 06:00:00,0.0248,0.0184,0.9601,0.0059,4.1823,101.114,11.86,0.0
2016-09-22 07:00:00,0.0157,0.0111,0.9634,0.0059,3.8402,101.153,10.86,0.0
2016-09-22 08:00:00,0.0072,0.0042,0.9669,0.006,3.4986,101.192,9.86,0.0
2016-09-22 09:00:00,-0.0008,-0.002,0.9703,0.006,3.1578,101.232,8.86,0.0
2016-09-22 10:00:00,-0.0033,-0.004,0.9492,0.0058,3.0104,101.314,8.22,0.0
2016-09-22 11:00:00,-0.0054,-0.0056,0.928,0.0057,2.8915,101.395,7.59,0.0
2016-09-22 12:00:00,-0.0073,-0.0071,0.9068,0.0056,2.8041,101.477,6.95,0.0
2016-09-22 13:00:00,-0.0084,-0.0079,0.9161,0.0056,2.1975,101.501,7.61,0.0
2016-09-22 14:00:00,-0.01,-0.0089,0.9254,0.0057,1.6086,101.525,8.27,5.648
2016-09-22 15:00:00,0.0663,0.056,0.9347,0.0057,1.0875,101.549,8.93,188.787
2016-09-22 16:00:00,0.2148,0.1844,0.9444,0.0058,1.4016,101.613,12.66,356.729
2016-09-22 17:00:00,0.3811,0.321,0.9541,0.0059,2.0298,101.677,16.39,548.361
2016-09-22 18:00:00,0.5449,0.4472,0.9639,0.0059,2.7518,101.741,20.12,678.432
2016-09-22 19:00:00,0.6698,0.5396,0.897,0.0055,3.383,101.647,21.82,778.662
2016-09-22 20:00:00,0.7848,0.6174,0.8302,0.0051,4.1215,101.553,23.52,833.36
2016-09-22 21:00:00,0.8713,0.6638,0.7635,0.0047,4.9245,101.458,25.22,825.276
2016-09-22 22:00:00,0.8273,0.6143,0.7389,0.0045,5.1611,101.477,25.25,731.036
2016-09-22 23:00:00,0.7326,0.5168,0.7142,0.0044,5.4024,101.497,25.29,554.448
2016-09-23 00:00:00,0.6211,0.4034,0.6895,0.0042,5.6394,101.516,25.32,348.72
2016-09-23 01:00:00,0.4228,0.2508,0.7132,0.0044,5.0685,101.486,22.74,176.22
2016-09-23 02:00:00,0.1126,0.0854,0.7368,0.0045,4.5284,101.457,20.17,0.0
2016-09-23 03:00:00,0.0826,0.062,0.7605,0.0047,4.023,101.428,17.6,0.0
2016-09-23 04:00:00,0.0658,0.0489,0.7802,0.0048,3.731,101.491,16.06,0.0
2016-09-23 05:00:00,0.0505,0.0371,0.8,0.0049,3.4814,101.554,14.51,0.0
2016-09-23 06:00:00,0.0367,0.0265,0.8198,0.005,3.262,101.617,12.97,0.0
2016-09-23 07:00:00,0.0303,0.0216,0.834,0.0051,3.2122,101.694,12.19,0.0
2016-09-23 08:00:00,0.0242,0.017,0.8482,0.0052,3.1703,101.77,11.42,0.0
2016-09-23 09:00:00,0.0182,0.0125,0.8624,0.0053,3.1358,101.847,10.64,0.0
2016-09-23 10:00:00,0.0133,0.0084,0.8685,0.0053,2.7415,101.861,10.45,0.0
2016-09-23 11:00:00,0.008,0.0041,0.8747,0.0054,2.34,101.874,10.26,0.0
2016-09-23 12:00:00,0.0022,-0.0003,0.8808,0.0054,1.9531,101.889,10.06,0.0
2016-09-23 13:00:00,0.0018,-0.0007,0.886,0.0054,1.88,101.919,10.26,0.0
2016-09-23 14:00:00,0.0021,-0.0004,0.8912,0.0055,1.8028,101.949,10.45,3.872
2016-09-23 15:00:00,0.09,0.0678,0.8964,0.0055,1.7415,101.979,10.64,183.946
2016-09-23 16:00:00,0.2672,0.2121,0.8837,0.0054,2.3347,101.982,14.79,349.796
2016-09-23 17:00:00,0.4625,0.3647,0.871,0.0053,3.0464,101.984,18.94,538.723
2016-09-23 18:00:00,0.6546,0.5065,0.8584,0.0053,3.7924,101.987,23.1,662.175
2016-09-23 19:00:00,0.7888,0.6051,0.8003,0.0049,4.3366,101.891,24.94,760.095
2016-09-23 20:00:00,0.9046,0.6841,0.7423,0.0045,4.8798,101.795,26.78,813.283
2016-09-23 21:00:00,0.9796,0.7224,0.6845,0.0042,5.4332,101.7,28.62,792.654
2016-09-23 22:00:00,0.922,0.667,0.6785,0.0042,5.3886,101.71,28.89,701.32
2016-09-23 23:00:00,0.8099,0.5598,0.6726,0.0041,5.3537,101.719,29.17,530.8
2016-09-24 00:00:00,0.6852,0.4404,0.6666,0.0041,5.337,101.729,29.44,342.776
2016-09-24 01:00:00,0.4766,0.2782,0.6508,0.004,4.7557,101.685,26.75,170.752
2016-09-24 02:00:00,0.1482,0.109,0.635,0.0039,4.2186,101.642,24.06,0.0
2016-09-24 03:00:00,0.1168,0.0852,0.6192,0.0038,3.7446,101.598,21.37,0.0
2016-09-24 04:00:00,0.1009,0.0732,0.6401,0.0039,3.5281,101.708,20.02,0.0
2016-09-24 05:00:00,0.0864,0.0625,0.661,0.004,3.3501,101.819,18.66,0.0
2016-09-24 06:00:00,0.0737,0.0531,0.6819,0.0042,3.225,101.929,17.31,0.0
2016-09-24 07:00:00,0.0632,0.0451,0.7023,0.0043,3.0206,101.898,16.45,0.0
2016-09-24 08:00:00,0.0535,0.0376,0.7227,0.0044,2.8349,101.867,15.6,0.0
2016-09-24 09:00:00,0.0445,0.0308,0.743,0.0046,2.6731,101.836,14.74,0.0
2016-09-24 10:00:00,0.0377,0.0255,0.7559,0.0046,2.4887,101.866,14.22,0.0
2016-09-24 11:00:00,0.0312,0.0205,0.7688,0.0047,2.3122,101.895,13.7,0.0
2016-09-24 12:00:00,0.0245,0.0155,0.7817,0.0048,2.1279,101.925,13.17,0.0
2016-09-24 13:00:00,0.0208,0.0125,0.796,0.0049,1.9532,101.882,13.27,0.0
2016-09-24 14:00:00,0.0173,0.0098,0.8104,0.005,1.7813,101.839,13.36,1.936
2016-09-24 15:00:00,0.1122,0.0784,0.8247,0.0051,1.6237,101.797,13.46,175.308
2016-09-24 16:00:00,0.2852,0.2251,0.8499,0.0052,1.8613,101.848,17.72,335.544
2016-09-24 17:00:00,0.4583,0.3687,0.8752,0.0054,2.1208,101.899,21.98,517.748
2016-09-24 18:00:00,0.623,0.5021,0.9004,0.0055,2.382,101.95,26.24,654.166
2016-09-24 19:00:00,0.7288,0.5902,0.9248,0.0057,2.51,101.847,28.48,750.987
2016-09-24 20:00:00,0.8187,0.6582,0.9492,0.0058,2.7649,101.745,30.73,803.326
2016-09-24 21:00:00,0.8741,0.6891,0.9735,0.006,3.1155,101.642,32.97,792.028
2016-09-24 22:00:00,0.8328,0.6379,0.9562,0.0059,3.3622,101.603,33.51,699.96
2016-09-24 23:00:00,0.7301,0.5286,0.939,0.0058,3.6101,101.563,34.05,528.64
2016-09-25 00:00:00,0.6093,0.4025,0.9218,0.0057,3.8451,101.524,34.58,335.168
2016-09-25 01:00:00,0.423,0.248,0.9265,0.0057,3.6719,101.509,31.69,164.492
2016-09-25 02:00:00,0.1552,0.1082,0.9311,0.0057,3.5834,101.495,28.8,0.0
2016-09-25 03:00:00,0.1302,0.0921,0.9358,0.0058,3.5852,101.48,25.9,0.0
2016-09-25 04:00:00,0.1136,0.081,0.9354,0.0057,3.564,101.551,23.98,0.0
2016-09-25 05:00:00,0.0976,0.0701,0.935,0.0057,3.5519,101.624,22.05,0.0
2016-09-25 06:00:00,0.0822,0.0595,0.9345,0.0057,3.5435,101.695,20.12,0.0
2016-09-25 07:00:00,0.0673,0.0471,0.9278,0.0057,2.981,101.652,19.47,0.0
2016-09-25 08:00:00,0.051,0.0339,0.921,0.0057,2.4068,101.609,18.83,0.0
2016-09-25 09:00:00,0.0327,0.0198,0.9142,0.0056,1.8337,101.566,18.18,0.0
2016-09-25 10:00:00,0.013,0.0056,0.905,0.0056,1.3297,101.61,17.19,0.0
2016-09-25 11:00:00,-0.0092,-0.0091,0.8956,0.0055,0.8302,101.654,16.2,0.0
2016-09-25 12:00:00,-0.0313,-0.0224,0.8863,0.0054,0.4082,101.698,15.2,0.0
2016-09-25 13:00:00,-0.0286,-0.0208,0.8914,0.0055,0.4561,101.701,15.11,0.0
2016-09-25 14:00:00,-0.024,-0.0181,0.8966,0.0055,0.5423,101.703,15.01,0.208
2016-09-25 15:00:00,0.0815,0.0641,0.9017,0.0055,0.6671,101.705,14.91,180.66
2016-09-25 16:00:00,0.2585,0.2174,0.8717,0.0053,0.9326,101.749,19.49,348.109
2016-09-25 17:00:00,0.4393,0.3696,0.8416,0.0052,1.2443,101.793,24.07,538.195
2016-09-25 18:00:00,0.6026,0.5015,0.8115,0.005,1.5717,101.837,28.65,667.069
2016-09-25 19:00:00,0.6761,0.5744,0.7569,0.0046,1.3261,101.733,31.25,765.894
2016-09-25 20:00:00,0.7375,0.629,0.7024,0.0043,1.2802,101.63,33.85,819.093
2016-09-25 21:00:00,0.7704,0.6468,0.648,0.004,1.4525,101.527,36.45,810.954
2016-09-25 22:00:00,0.6518,0.5512,0.6375,0.0039,1.1245,101.441,37.0,715.845
2016-09-25 23:00:00,0.4565,0.3844,0.6271,0.0039,0.7983,101.356,37.55,539.472
2016-09-26 00:00:00,0.2261,0.1849,0.6166,0.0038,0.4838,101.27,38.1,329.816
2016-09-26 01:00:00,0.0326,0.0206,0.6542,0.004,0.1844,101.28,36.0,159.368
2016-09-26 02:00:00,0.0082,-0.0013,0.6918,0.0043,0.8544,101.289,33.9,0.0
2016-09-26 03:00:00,0.0697,0.0392,0.7293,0.0045,1.5249,101.298,31.8,0.0
2016-09-26 04:00:00,0.0954,0.0589,0.7323,0.0045,2.0164,101.311,29.27,0.0
2016-09-26 05:00:00,0.1088,0.0715,0.7353,0.0045,2.5252,101.325,26.73,0.0
2016-09-26 06:00:00,0.1119,0.0773,0.7384,0.0045,3.0378,101.339,24.2,0.0
2016-09-26 07:00:00,0.0934,0.0629,0.7436,0.0046,2.6272,101.387,23.47,0.0
2016-09-26 08:00:00,0.0744,0.0482,0.7488,0.0046,2.2173,101.435,22.75,0.0
2016-09-26 09:00:00,0.0543,0.0333,0.7541,0.0046,1.8114,101.483,22.02,0.0
2016-09-26 10:00:00,0.0306,0.0165,0.7622,0.0047,1.3823,101.446,20.95,0.0
2016-09-26 11:00:00,0.0057,-0.0002,0.7703,0.0047,0.9654,101.409,19.88,0.0
2016-09-26 12:00:00,-0.0168,-0.0143,0.7784,0.0048,0.6243,101.373,18.82,0.0
2016-09-26 13:00:00,-0.0284,-0.0212,0.7849,0.0048,0.4607,101.441,18.67,0.0
2016-09-26 14:00:00,-0.0279,-0.0209,0.7915,0.0049,0.4669,101.51,18.52,0.0
2016-09-26 15:00:00,0.0879,0.0654,0.7981,0.0049,0.628,101.578,18.37,175.813
2016-09-26 16:00:00,0.2467,0.2136,0.7971,0.0049,0.5186,101.555,22.74,341.085
2016-09-26 17:00:00,0.3871,0.3462,0.7961,0.0049,0.4104,101.533,27.12,528.386
2016-09-26 18:00:00,0.4964,0.4515,0.7952,0.0049,0.2973,101.511,31.5,659.74
2016-09-26 19:00:00,0.5695,0.5239,0.7888,0.0048,0.2025,101.46,33.83,757.595
2016-09-26 20:00:00,0.6538,0.5891,0.7823,0.0048,0.4588,101.408,36.16,809.997
2016-09-26 21:00:00,0.6934,0.6082,0.7759,0.0048,0.7752,101.358,38.49,798.34
2016-09-26 22:00:00,0.7164,0.5853,0.759,0.0047,1.6219,101.275,38.79,703.872
2016-09-26 23:00:00,0.6775,0.5029,0.7421,0.0046,2.5181,101.192,39.1,529.296
2016-09-27 00:00:00,0.6174,0.4009,0.7252,0.0045,3.4286,101.11,39.4,323.464
2016-09-27 01:00:00,0.4475,0.2532,0.7216,0.0045,3.4247,101.089,36.25,153.784
2016-09-27 02:00:00,0.1938,0.1309,0.7179,0.0044,3.4254,101.067,33.1,0.0
2016-09-27 03:00:00,0.1692,0.1162,0.7143,0.0044,3.4272,101.046,29.95,0.0
2016-09-27 04:00:00,0.1521,0.1052,0.7246,0.0045,3.3771,101.102,28.06,0.0
2016-09-27 05:00:00,0.1358,0.0947,0.7351,0.0045,3.3406,101.159,26.16,0.0
2016-09-27 06:00:00,0.1207,0.0849,0.7455,0.0046,3.331,101.215,24.26,0.0
2016-09-27 07:00:00,0.1016,0.0696,0.7555,0.0047,2.8729,101.197,23.57,0.0
2016-09-27 08:00:00,0.082,0.0543,0.7656,0.0047,2.4254,101.179,22.88,0.0
2016-09-27 09:00:00,0.0629,0.0398,0.7757,0.0048,2.0192,101.16,22.19,0.0
2016-09-27 10:00:00,0.0419,0.0246,0.7817,0.0048,1.6114,101.141,21.31,0.0
2016-09-27 11:00:00,0.0222,0.0109,0.7878,0.0049,1.256,101.121,20.43,0.0
2016-09-27 12:00:00,0.0073,0.0009,0.7938,0.0049,1.0102,101.101,19.56,0.0
2016-09-27 13:00:00,-0.0015,-0.0047,0.7921,0.0049,0.8641,101.17,19.26,0.0
2016-09-27 14:00:00,-0.0088,-0.0093,0.7904,0.0049,0.7473,101.239,18.96,0.0
2016-09-27 15:00:00,0.0902,0.066,0.7887,0.0049,0.6703,101.308,18.66,173.745
2016-09-27 16:00:00,0.2429,0.2113,0.7905,0.0049,0.472,101.311,23.04,339.47
2016-09-27 17:00:00,0.4034,0.3542,0.7924,0.0049,0.5869,101.315,27.42,526.96
2016-09-27 18:00:00,0.5612,0.4843,0.7943,0.0049,0.9122,101.319,31.8,658.835
2016-09-27 19:00:00,0.686,0.5821,0.77,0.0047,1.2649,101.178,33.99,756.69
2016-09-27 20:00:00,0.7883,0.6566,0.7458,0.0046,1.6378,101.038,36.18,808.821
2016-09-27 21:00:00,0.8405,0.6825,0.7217,0.0045,2.0104,100.898,38.36,796.727
2016-09-27 22:00:00,0.8179,0.6366,0.7013,0.0043,2.4923,100.841,38.6,701.613
2016-09-27 23:00:00,0.73,0.5289,0.681,0.0042,2.9841,100.785,38.83,526.416
2016-09-28 00:00:00,0.6148,0.3961,0.6608,0.0041,3.4671,100.729,39.06,316.624
2016-09-28 01:00:00,0.2896,0.2016,0.6766,0.0042,3.6733,100.732,35.68,148.008
2016-09-28 02:00:00,0.2084,0.1446,0.6924,0.0043,3.8896,100.733,32.3,0.0
2016-09-28 03:00:00,0.1852,0.1323,0.7083,0.0044,4.1268,100.736,28.91,0.0
2016-09-28 04:00:00,0.158,0.1121,0.7191,0.0044,3.7702,100.817,27.15,0.0
2016-09-28 05:00:00,0.1328,0.0934,0.73,0.0045,3.4233,100.899,25.39,0.0
2016-09-28 06:00:00,0.1097,0.0763,0.7409,0.0046,3.101,100.981,23.62,0.0
2016-09-28 07:00:00,0.0894,0.0604,0.7566,0.0047,2.6415,100.995,22.82,0.0
2016-09-28 08:00:00,0.0687,0.0446,0.7722,0.0048,2.1918,101.008,22.01,0.0
2016-09-28 09:00:00,0.047,0.0285,0.7879,0.0049,1.7429,101.022,21.21,0.0
2016-09-28 10:00:00,0.035,0.02,0.797,0.0049,1.543,100.993,20.31,0.0
2016-09-28 11:00:00,0.0241,0.0126,0.8062,0.005,1.3634,100.965,19.41,0.0
2016-09-28 12:00:00,0.0136,0.0055,0.8154,0.005,1.1893,100.937,18.5,0.0
2016-09-28 13:00:00,0.0066,0.0008,0.8272,0.0051,1.0565,101.004,18.28,0.0
2016-09-28 14:00:00,-0.0002,-0.0036,0.8391,0.0052,0.9339,101.071,18.05,0.0
2016-09-28 15:00:00,0.0936,0.0675,0.851,0.0053,0.8188,101.139,17.82,169.822
2016-09-28 16:00:00,0.2723,0.2242,0.8683,0.0054,1.0149,101.15,21.85,334.222
2016-09-28 17:00:00,0.4431,0.3704,0.8856,0.0055,1.2491,101.162,25.87,519.882
2016-09-28 18:00:00,0.5971,0.4976,0.903,0.0056,1.5157,101.174,29.9,651.007
2016-09-28 19:00:00,0.7405,0.6049,0.8856,0.0055,2.0498,101.088,32.33,747.81
2016-09-28 20:00:00,0.8639,0.6903,0.8682,0.0054,2.6005,101.002,34.77,799.124
2016-09-28 21:00:00,0.9422,0.7311,0.8509,0.0053,3.1506,100.917,37.2,785.678
2016-09-28 22:00:00,0.9365,0.6958,0.8352,0.0052,3.7968,100.89,37.49,691.047
2016-09-28 23:00:00,0.8728,0.6045,0.8195,0.0051,4.4825,100.863,37.78,517.328
2016-09-29 00:00:00,0.7895,0.494,0.8038,0.005,5.1925,100.836,38.07,311.616
2016-09-29 01:00:00,0.5983,0.3383,0.8269,0.0051,5.2016,100.858,34.32,143.116
2016-09-29 02:00:00,0.2248,0.1657,0.8499,0.0053,5.2112,100.881,30.56,0.0
2016-09-29 03:00:00,0.1806,0.1358,0.873,0.0054,5.2208,100.903,26.81,0.0
2016-09-29 04:00:00,0.1434,0.1065,0.8943,0.0055,4.544,100.979,24.66,0.0
2016-09-29 05:00:00,0.1089,0.0793,0.9157,0.0057,3.8609,101.054,22.51,0.0
2016-09-29 06:00:00,0.0773,0.0547,0.9371,0.0058,3.1951,101.13,20.36,0.0
2016-09-29 07:00:00,0.0645,0.0451,0.9507,0.0059,2.9856,101.191,19.26,0.0
2016-09-29 08:00:00,0.0526,0.0363,0.9644,0.0059,2.7943,101.253,18.15,0.0
2016-09-29 09:00:00,0.0413,0.0279,0.9781,0.006,2.6034,101.315,17.04,0.0
2016-09-29 10:00:00,0.0315,0.0204,0.986,0.0061,2.3492,101.35,16.22,0.0
2016-09-29 11:00:00,0.0221,0.0134,0.994,0.0061,2.1019,101.385,15.4,0.0
2016-09-29 12:00:00,0.0134,0.0072,1.0019,0.0062,1.8777,101.42,14.58,0.0
2016-09-29 13:00:00,0.0127,0.0066,1.0089,0.0062,1.8527,101.433,14.61,0.0
2016-09-29 14:00:00,0.0122,0.0062,1.0158,0.0063,1.8417,101.446,14.63,0.0
2016-09-29 15:00:00,0.1087,0.0764,1.0228,0.0063,1.8171,101.459,14.65,168.383
2016-09-29 16:00:00,0.2778,0.2212,1.0226,0.0063,1.9282,101.518,18.32,333.897
2016-09-29 17:00:00,0.4435,0.3615,1.0225,0.0063,2.0594,101.576,21.99,520.482
2016-09-29 18:00:00,0.5919,0.484,1.0223,0.0063,2.2145,101.635,25.65,651.887
2016-09-29 19:00:00,0.7271,0.5857,0.9799,0.006,2.7193,101.609,27.95,748.933
2016-09-29 20:00:00,0.8451,0.668,0.9374,0.0058,3.2423,101.583,30.25,800.15
2016-09-29 21:00:00,0.9209,0.7083,0.895,0.0055,3.7604,101.557,32.56,786.264
2016-09-29 22:00:00,0.917,0.6748,0.862,0.0053,4.5393,101.494,32.67,690.734
2016-09-29 23:00:00,0.8582,0.5895,0.829,0.0051,5.3301,101.431,32.79,515.92
2016-09-30 00:00:00,0.7802,0.4863,0.7961,0.0049,6.1347,101.369,32.9,307.016
2016-09-30 01:00:00,0.5513,0.313,0.8058,0.005,5.6451,101.386,29.45,138.428
2016-09-30 02:00:00,0.1744,0.1314,0.8154,0.005,5.1561,101.403,26.0,0.0
2016-09-30 03:00:00,0.1299,0.0979,0.8251,0.0051,4.6672,101.42,22.54,0.0
2016-09-30 04:00:00,0.1039,0.0774,0.8396,0.0052,4.151,101.474,20.71,0.0
2016-09-30 05:00:00,0.0803,0.0588,0.8542,0.0052,3.6653,101.528,18.88,0.0
2016-09-30 06:00:00,0.0591,0.0424,0.8687,0.0053,3.2257,101.582,17.05,0.0
2016-09-30 07:00:00,0.0501,0.0358,0.8772,0.0054,3.1507,101.581,15.96,0.0
2016-09-30 08:00:00,0.0415,0.0294,0.8856,0.0054,3.0759,101.581,14.88,0.0
2016-09-30 09:00:00,0.0332,0.0233,0.894,0.0055,3.0014,101.581,13.8,0.0
2016-09-30 10:00:00,0.026,0.0177,0.901,0.0055,2.7987,101.614,13.07,0.0
2016-09-30 11:00:00,0.0192,0.0125,0.908,0.0056,2.6092,101.647,12.35,0.0
2016-09-30 12:00:00,0.0129,0.0077,0.915,0.0056,2.4284,101.681,11.63,0.0
2016-09-30 13:00:00,0.009,0.0045,0.9165,0.0056,2.0751,101.744,11.77,0.0
2016-09-30 14:00:00,0.0039,0.0006,0.9181,0.0056,1.713,101.806,11.91,0.0
2016-09-30 15:00:00,0.0805,0.0593,0.9197,0.0056,1.3553,101.868,12.04,165.523
2016-09-30 16:00:00,0.2583,0.2055,0.9105,0.0056,2.0353,101.867,15.82,330.779
2016-09-30 17:00:00,0.4441,0.3523,0.9015,0.0055,2.7171,101.866,19.59,516.727
2016-09-30 18:00:00,0.6248,0.4882,0.8924,0.0055,3.3995,101.865,23.36,646.026
2016-09-30 19:00:00,0.7628,0.5883,0.8386,0.0051,4.0401,101.813,25.28,742.345
2016-09-30 20:00:00,0.8861,0.6711,0.7849,0.0048,4.7089,101.761,27.2,792.9
2016-09-30 21:00:00,0.9653,0.7088,0.7313,0.0045,5.415,101.71,29.12,763.414
2016-09-30 22:00:00,0.9246,0.6593,0.7153,0.0044,5.7971,101.641,28.95,669.825
2016-09-30 23:00:00,0.8338,0.5629,0.6994,0.0043,6.1794,101.573,28.78,499.152
2016-10-01 00:00:00,0.7071,0.4321,0.6834,0.0042,6.5813,101.505,28.61,266.768
2016-10-01 01:00:00,0.2242,0.1769,0.7048,0.0043,6.1907,101.497,25.8,117.984
2016-10-01 02:00:00,0.1588,0.1239,0.7261,0.0045,5.8103,101.489,22.99,0.0
2016-10-01 03:00:00,0.1234,0.0965,0.7475,0.0046,5.4201,101.482,20.18,0.0
2016-10-01 04:00:00,0.1006,0.0783,0.7786,0.0048,5.0632,101.564,18.44,0.0
2016-10-01 05:00:00,0.0793,0.0614,0.8098,0.005,4.7215,101.647,16.7,0.0
2016-10-01 06:00:00,0.0596,0.0457,0.8411,0.0052,4.3775,101.73,14.97,0.0
2016-10-01 07:00:00,0.0446,0.0333,0.8542,0.0052,3.8338,101.755,13.74,0.0
2016-10-01 08:00:00,0.0306,0.0219,0.8673,0.0053,3.3179,101.781,12.5,0.0
2016-10-01 09:00:00,0.0176,0.0116,0.8805,0.0054,2.8185,101.806,11.27,0.0
2016-10-01 10:00:00,0.0122,0.0077,0.8857,0.0054,2.8208,101.809,10.36,0.0
2016-10-01 11:00:00,0.0069,0.0037,0.8909,0.0055,2.8279,101.813,9.44,0.0
2016-10-01 12:00:00,0.0018,-0.0001,0.8961,0.0055,2.8399,101.817,8.53,0.0
2016-10-01 13:00:00,0.0023,0.0002,0.8999,0.0055,2.7071,101.856,8.85,0.0
2016-10-01 14:00:00,0.0027,0.0004,0.9037,0.0055,2.5831,101.894,9.18,0.0
2016-10-01 15:00:00,0.0812,0.0594,0.9075,0.0056,2.4607,101.933,9.5,170.591
2016-10-01 16:00:00,0.2462,0.1944,0.917,0.0056,2.8701,101.949,13.29,343.648
2016-10-01 17:00:00,0.4188,0.3289,0.9264,0.0057,3.5265,101.964,17.07,514.985
2016-10-01 18:00:00,0.6023,0.4653,0.9359,0.0057,4.3226,101.98,20.85,648.514
2016-10-01 19:00:00,0.6864,0.5365,0.8745,0.0054,3.9988,101.903,22.47,734.829
2016-10-01 20:00:00,0.738,0.5799,0.8132,0.005,3.6777,101.826,24.08,771.578
2016-10-01 21:00:00,0.7455,0.5838,0.752,0.0046,3.3752,101.749,25.7,749.435
2016-10-01 22:00:00,0.6776,0.5172,0.7283,0.0045,3.4048,101.633,25.82,642.756
2016-10-01 23:00:00,0.5754,0.4164,0.7045,0.0043,3.496,101.518,25.94,480.64
2016-10-02 00:00:00,0.4449,0.2867,0.6809,0.0042,3.6557,101.402,26.06,269.328
2016-10-02 01:00:00,0.1578,0.1175,0.6718,0.0041,3.7066,101.367,23.03,116.736
2016-10-02 02:00:00,0.1039,0.0763,0.6626,0.0041,3.7643,101.334,20.0,0.0
2016-10-02 03:00:00,0.0832,0.0621,0.6534,0.004,3.8201,101.3,16.98,0.0
2016-10-02 04:00:00,0.0684,0.0509,0.678,0.0042,3.65,101.395,15.46,0.0
2016-10-02 05:00:00,0.0546,0.0404,0.7025,0.0043,3.5034,101.489,13.94,0.0
2016-10-02 06:00:00,0.0418,0.0307,0.7271,0.0045,3.3762,101.584,12.42,0.0
2016-10-02 07:00:00,0.034,0.0246,0.7464,0.0046,3.2011,101.581,11.67,0.0
2016-10-02 08:00:00,0.0265,0.0187,0.7656,0.0047,3.0304,101.577,10.91,0.0
2016-10-02 09:00:00,0.0194,0.0132,0.7848,0.0048,2.8678,101.574,10.16,0.0
2016-10-02 10:00:00,0.0138,0.009,0.7973,0.0049,2.7911,101.567,9.41,0.0
2016-10-02 11:00:00,0.0085,0.0049,0.8098,0.005,2.7112,101.559,8.67,0.0
2016-10-02 12:00:00,0.0033,0.001,0.8223,0.0051,2.6462,101.552,7.92,0.0
2016-10-02 13:00:00,0.0028,0.0005,0.8357,0.0051,2.4668,101.573,8.3,0.0
2016-10-02 14:00:00,0.0022,-0.0001,0.8491,0.0052,2.3114,101.594,8.68,0.0
2016-10-02 15:00:00,0.0765,0.0558,0.8625,0.0053,2.1786,101.615,9.07,166.041
2016-10-02 16:00:00,0.2374,0.1869,0.899,0.0055,3.0469,101.645,12.59,337.242
2016-10-02 17:00:00,0.4116,0.318,0.9355,0.0057,4.3533,101.676,16.12,506.524
2016-10-02 18:00:00,0.587,0.4391,0.972,0.006,5.7943,101.706,19.65,603.348
2016-10-02 19:00:00,0.668,0.5014,0.9298,0.0057,5.9772,101.677,20.51,683.782
2016-10-02 20:00:00,0.724,0.5399,0.8875,0.0054,6.1513,101.648,21.37,717.809
2016-10-02 21:00:00,0.7084,0.5103,0.8453,0.0052,6.3345,101.618,22.22,602.923
2016-10-02 22:00:00,0.6466,0.4555,0.8738,0.0054,6.3792,101.602,22.0,516.464
2016-10-02 23:00:00,0.5607,0.3778,0.9022,0.0055,6.4344,101.585,21.78,385.296
2016-10-03 00:00:00,0.4644,0.2903,0.9306,0.0057,6.4909,101.569,21.56,241.84
2016-10-03 01:00:00,0.1175,0.0941,0.9338,0.0057,5.3895,101.528,19.22,102.632
2016-10-03 02:00:00,0.0662,0.0502,0.9369,0.0058,4.2917,101.487,16.89,0.0
2016-10-03 03:00:00,0.037,0.0264,0.94,0.0058,3.2113,101.446,14.55,0.0
2016-10-03 04:00:00,0.0268,0.0187,0.9568,0.0059,3.1117,101.49,13.32,0.0
2016-10-03 05:00:00,0.0171,0.0114,0.9737,0.006,3.0252,101.534,12.1,0.0
2016-10-03 06:00:00,0.0079,0.0045,0.9905,0.0061,2.9524,101.578,10.87,0.0
2016-10-03 07:00:00,0.0024,0.0001,0.9923,0.0061,2.5879,101.666,10.4,0.0
2016-10-03 08:00:00,-0.0027,-0.0037,0.9942,0.0061,2.2798,101.753,9.92,0.0
2016-10-03 09:00:00,-0.007,-0.0069,0.9962,0.0061,2.0537,101.842,9.44,0.0
2016-10-03 10:00:00,-0.0106,-0.0095,0.9837,0.006,1.7254,101.8,9.12,0.0
2016-10-03 11:00:00,-0.0146,-0.0122,0.9713,0.006,1.3995,101.757,8.8,0.0
2016-10-03 12:00:00,-0.0189,-0.0149,0.9589,0.0059,1.0942,101.715,8.49,0.0
2016-10-03 13:00:00,-0.0201,-0.0156,0.9626,0.0059,0.9937,101.784,8.66,0.0
2016-10-03 14:00:00,-0.0208,-0.016,0.9664,0.0059,0.9405,101.853,8.83,0.0
2016-10-03 15:00:00,0.0059,0.0037,0.9701,0.0059,0.9227,101.922,9.0,85.518
2016-10-03 16:00:00,0.1148,0.0988,1.0031,0.0061,0.9765,101.938,11.54,175.175
2016-10-03 17:00:00,0.188,0.1602,1.0361,0.0063,1.2481,101.955,14.07,263.709
2016-10-03 18:00:00,0.2229,0.1818,1.069,0.0065,1.6327,101.971,16.6,252.53
2016-10-03 19:00:00,0.2585,0.2106,1.0428,0.0064,1.6568,101.949,17.71,286.244
2016-10-03 20:00:00,0.284,0.2289,1.0165,0.0062,1.7342,101.926,18.81,300.433
2016-10-03 21:00:00,0.2995,0.2362,0.9903,0.0061,1.8726,101.903,19.91,295.107
2016-10-03 22:00:00,0.2707,0.2089,1.0002,0.0061,1.892,101.834,19.94,252.48
2016-10-03 23:00:00,0.2278,0.1682,1.01,0.0062,1.9182,101.764,19.98,187.904
2016-10-04 00:00:00,0.1806,0.1236,1.0198,0.0063,1.9367,101.695,20.01,145.64
2016-10-04 01:00:00,0.0194,0.0107,1.0125,0.0062,0.8184,101.634,19.06,60.454
2016-10-04 02:00:00,-0.0048,-0.0064,1.0052,0.0062,0.91,101.573,18.11,0.0
2016-10-04 03:00:00,0.0297,0.0185,0.9979,0.0061,2.0602,101.513,17.16,0.0
2016-10-04 04:00:00,0.0262,0.0161,1.01,0.0062,2.0453,101.549,16.65,0.0
2016-10-04 05:00:00,0.0232,0.0141,1.022,0.0063,2.0545,101.585,16.14,0.0
2016-10-04 06:00:00,0.0206,0.0123,1.0341,0.0064,2.0841,101.622,15.63,0.0
2016-10-04 07:00:00,0.0159,0.0089,1.04,0.0064,1.9394,101.57,15.31,0.0
2016-10-04 08:00:00,0.0115,0.0057,1.046,0.0064,1.805,101.518,14.99,0.0
2016-10-04 09:00:00,0.0069,0.0024,1.052,0.0065,1.6623,101.466,14.67,0.0
2016-10-04 10:00:00,0.0049,0.001,1.061,0.0065,1.6197,101.511,14.5,0.0
2016-10-04 11:00:00,0.0028,-0.0005,1.07,0.0066,1.5742,101.558,14.32,0.0
2016-10-04 12:00:00,0.0007,-0.0019,1.0791,0.0066,1.5259,101.604,14.14,0.0
2016-10-04 13:00:00,0.0042,0.0006,1.0744,0.0066,1.7004,101.616,14.12,0.0
2016-10-04 14:00:00,0.0074,0.003,1.0698,0.0066,1.8682,101.627,14.11,0.0
2016-10-04 15:00:00,0.082,0.0526,1.0651,0.0065,2.0475,101.639,14.09,127.321
2016-10-04 16:00:00,0.2224,0.1744,1.075,0.0066,2.2773,101.683,16.1,263.116
2016-10-04 17:00:00,0.3334,0.2671,1.0848,0.0067,2.5205,101.729,18.1,397.075
2016-10-04 18:00:00,0.4658,0.3784,1.0947,0.0067,2.7815,101.773,20.1,559.145
2016-10-04 19:00:00,0.5483,0.4426,1.0767,0.0066,3.1098,101.651,21.37,633.964
2016-10-04 20:00:00,0.6062,0.4823,1.0587,0.0065,3.4408,101.53,22.65,665.234
2016-10-04 21:00:00,0.6741,0.5302,1.0407,0.0064,3.7881,101.408,23.92,711.982
2016-10-04 22:00:00,0.6349,0.4806,1.0082,0.0062,4.1863,101.354,24.19,608.352
2016-10-04 23:00:00,0.5639,0.4006,0.9758,0.006,4.5848,101.3,24.46,451.68
2016-10-05 00:00:00,0.4662,0.2949,0.9434,0.0058,4.9874,101.245,24.73,248.272
2016-10-05 01:00:00,0.1401,0.1076,0.9357,0.0058,4.4863,101.241,22.22,100.688
2016-10-05 02:00:00,0.0868,0.0644,0.9281,0.0057,4.0109,101.237,19.7,0.0
2016-10-05 03:00:00,0.0611,0.0446,0.9205,0.0057,3.5545,101.233,17.19,0.0
2016-10-05 04:00:00,0.0492,0.0357,0.9324,0.0057,3.4377,101.309,15.86,0.0
2016-10-05 05:00:00,0.0382,0.0275,0.9443,0.0058,3.3543,101.385,14.54,0.0
2016-10-05 06:00:00,0.0282,0.02,0.9562,0.0059,3.3292,101.461,13.21,0.0
2016-10-05 07:00:00,0.0202,0.0137,0.9655,0.0059,3.0815,101.463,12.41,0.0
2016-10-05 08:00:00,0.0126,0.0079,0.9748,0.006,2.8408,101.465,11.62,0.0
2016-10-05 09:00:00,0.0054,0.0024,0.9841,0.0061,2.6089,101.466,10.82,0.0
2016-10-05 10:00:00,0.0018,-0.0004,0.9744,0.006,2.2832,101.52,10.56,0.0
2016-10-05 11:00:00,-0.0021,-0.0034,0.9647,0.0059,1.9543,101.574,10.31,0.0
2016-10-05 12:00:00,-0.0065,-0.0066,0.9549,0.0059,1.6286,101.628,10.05,0.0
2016-10-05 13:00:00,-0.0063,-0.0065,0.9588,0.0059,1.7107,101.624,9.88,0.0
2016-10-05 14:00:00,-0.0043,-0.005,0.9626,0.0059,1.9828,101.62,9.7,0.0
2016-10-05 15:00:00,0.0653,0.0482,0.9665,0.0059,2.3754,101.616,9.53,156.519
2016-10-05 16:00:00,0.2265,0.1804,0.9842,0.006,2.8792,101.709,13.2,326.456
2016-10-05 17:00:00,0.3885,0.3084,1.0019,0.0061,3.3786,101.801,16.88,493.843
2016-10-05 18:00:00,0.5551,0.4361,1.0198,0.0062,3.8805,101.893,20.56,626.95
2016-10-05 19:00:00,0.6628,0.5173,0.9713,0.006,4.1808,101.782,22.32,710.994
2016-10-05 20:00:00,0.7467,0.5749,0.9229,0.0057,4.4836,101.67,24.08,745.905
2016-10-05 21:00:00,0.7979,0.6002,0.8746,0.0054,4.8021,101.558,25.84,721.351
2016-10-05 22:00:00,0.7435,0.5421,0.831,0.0051,4.9464,101.55,25.89,615.584
2016-10-05 23:00:00,0.6551,0.4516,0.7874,0.0048,5.0924,101.543,25.94,455.944
2016-10-06 00:00:00,0.5335,0.3299,0.7437,0.0046,5.2259,101.535,25.99,244.704
2016-10-06 01:00:00,0.1648,0.1264,0.7368,0.0045,4.6549,101.534,23.1,96.848
2016-10-06 02:00:00,0.1076,0.0804,0.7299,0.0045,4.1461,101.533,20.22,0.0
2016-10-06 03:00:00,0.0792,0.0587,0.723,0.0044,3.7252,101.532,17.33,0.0
2016-10-06 04:00:00,0.0673,0.0499,0.734,0.0045,3.6389,101.546,15.95,0.0
2016-10-06 05:00:00,0.0562,0.0416,0.7451,0.0046,3.5642,101.562,14.57,0.0
2016-10-06 06:00:00,0.0457,0.0337,0.7561,0.0046,3.5066,101.577,13.19,0.0
2016-10-06 07:00:00,0.0375,0.0271,0.7665,0.0047,3.2485,101.618,12.44,0.0
2016-10-06 08:00:00,0.0298,0.021,0.777,0.0048,3.0096,101.66,11.69,0.0
2016-10-06 09:00:00,0.0224,0.0153,0.7874,0.0048,2.7786,101.702,10.94,0.0
2016-10-06 10:00:00,0.0172,0.0111,0.7911,0.0049,2.5001,101.694,10.57,0.0
2016-10-06 11:00:00,0.0118,0.0068,0.7948,0.0049,2.2182,101.686,10.2,0.0
2016-10-06 12:00:00,0.0065,0.0028,0.7985,0.0049,1.95,101.678,9.83,0.0
2016-10-06 13:00:00,0.0057,0.0022,0.8022,0.0049,2.0243,101.659,9.44,0.0
2016-10-06 14:00:00,0.0048,0.0017,0.8059,0.0049,2.1038,101.641,9.06,0.0
2016-10-06 15:00:00,0.0736,0.0515,0.8095,0.005,2.1836,101.621,8.68,153.759
2016-10-06 16:00:00,0.2451,0.1898,0.8064,0.0049,2.7136,101.672,13.02,323.736
2016-10-06 17:00:00,0.4219,0.3268,0.8032,0.0049,3.2591,101.721,17.37,490.965
2016-10-06 18:00:00,0.6058,0.4648,0.8002,0.0049,3.8062,101.772,21.72,621.52
2016-10-06 19:00:00,0.7023,0.5413,0.7689,0.0047,3.8843,101.678,23.6,705.012
2016-10-06 20:00:00,0.7727,0.5924,0.7377,0.0045,3.9885,101.583,25.48,739.481
2016-10-06 21:00:00,0.8087,0.6103,0.7065,0.0043,4.1113,101.489,27.36,717.267
2016-10-06 22:00:00,0.7309,0.5391,0.6796,0.0042,3.9521,101.442,27.6,611.328
2016-10-06 23:00:00,0.6139,0.4308,0.6527,0.004,3.8121,101.395,27.83,451.68
2016-10-07 00:00:00,0.46,0.288,0.6257,0.0038,3.6707,101.347,28.06,244.496
2016-10-07 01:00:00,0.1693,0.1227,0.634,0.0039,3.4909,101.315,25.39,94.316
2016-10-07 02:00:00,0.1169,0.0832,0.6423,0.004,3.3899,101.283,22.72,0.0
2016-10-07 03:00:00,0.0971,0.0699,0.6505,0.004,3.3747,101.251,20.04,0.0
2016-10-07 04:00:00,0.0827,0.0594,0.6583,0.0041,3.229,101.304,18.44,0.0
2016-10-07 05:00:00,0.0697,0.05,0.666,0.0041,3.1085,101.356,16.84,0.0
2016-10-07 06:00:00,0.0578,0.0414,0.6737,0.0041,3.0124,101.408,15.24,0.0
2016-10-07 07:00:00,0.0476,0.0329,0.6812,0.0042,2.5901,101.451,14.84,0.0
2016-10-07 08:00:00,0.037,0.0243,0.6886,0.0042,2.1859,101.494,14.44,0.0
2016-10-07 09:00:00,0.0255,0.0153,0.6961,0.0043,1.7854,101.537,14.05,0.0
2016-10-07 10:00:00,0.0172,0.0093,0.7005,0.0043,1.5692,101.527,13.38,0.0
2016-10-07 11:00:00,0.0094,0.0038,0.705,0.0043,1.367,101.517,12.71,0.0
2016-10-07 12:00:00,0.0022,-0.0012,0.7094,0.0044,1.186,101.507,12.05,0.0
2016-10-07 13:00:00,-0.0117,-0.0105,0.7164,0.0044,0.8026,101.538,11.65,0.0
2016-10-07 14:00:00,-0.029,-0.0208,0.7232,0.0044,0.4162,101.568,11.25,0.0
2016-10-07 15:00:00,0.0302,0.0272,0.7302,0.0045,0.0707,101.599,10.85,150.37
2016-10-07 16:00:00,0.1898,0.1674,0.7304,0.0045,0.4561,101.655,15.21,319.696
2016-10-07 17:00:00,0.3498,0.2991,0.7306,0.0045,0.9823,101.71,19.58,486.097
2016-10-07 18:00:00,0.5094,0.4249,0.7308,0.0045,1.5066,101.766,23.94,612.169
2016-10-07 19:00:00,0.6144,0.5068,0.6939,0.0043,1.8042,101.607,26.33,694.587
2016-10-07 20:00:00,0.6906,0.5599,0.6571,0.004,2.1077,101.448,28.72,728.401
2016-10-07 21:00:00,0.7273,0.5744,0.6205,0.0038,2.415,101.289,31.11,700.645
2016-10-07 22:00:00,0.6675,0.5091,0.5857,0.0036,2.5724,101.237,31.61,596.4
2016-10-07 23:00:00,0.5665,0.4048,0.5511,0.0034,2.7313,101.187,32.1,439.56
2016-10-08 00:00:00,0.4287,0.2656,0.5164,0.0032,2.8915,101.135,32.6,235.624
2016-10-08 01:00:00,0.1762,0.1188,0.5285,0.0033,2.6175,101.112,30.18,88.472
2016-10-08 02:00:00,0.116,0.0751,0.5406,0.0033,2.4158,101.088,27.77,0.0
2016-10-08 03:00:00,0.0979,0.0634,0.5527,0.0034,2.2948,101.064,25.35,0.0
2016-10-08 04:00:00,0.0771,0.0487,0.5595,0.0034,2.0086,101.098,23.76,0.0
2016-10-08 05:00:00,0.0619,0.0382,0.5663,0.0035,1.821,101.131,22.17,0.0
2016-10-08 06:00:00,0.0524,0.032,0.5732,0.0035,1.7411,101.164,20.57,0.0
2016-10-08 07:00:00,0.0292,0.0155,0.581,0.0036,1.3274,101.18,19.48,0.0
2016-10-08 08:00:00,0.0037,-0.0016,0.5889,0.0036,0.91,101.197,18.39,0.0
2016-10-08 09:00:00,-0.0226,-0.0179,0.5968,0.0037,0.5289,101.214,17.3,0.0
2016-10-08 10:00:00,-0.0442,-0.0301,0.6038,0.0037,0.2532,101.222,16.36,0.0
2016-10-08 11:00:00,-0.0448,-0.0303,0.6109,0.0038,0.2302,101.23,15.43,0.0
2016-10-08 12:00:00,-0.0244,-0.0186,0.6181,0.0038,0.494,101.239,14.49,0.0
2016-10-08 13:00:00,-0.0537,-0.0347,0.6195,0.0038,0.102,101.193,14.03,0.0
2016-10-08 14:00:00,-0.0153,-0.013,0.6209,0.0038,0.6485,101.147,13.58,0.0
2016-10-08 15:00:00,0.0886,0.0573,0.6224,0.0038,1.207,101.102,13.12,147.177
2016-10-08 16:00:00,0.2469,0.1981,0.6341,0.0039,1.187,101.228,17.71,316.1
2016-10-08 17:00:00,0.3864,0.321,0.646,0.004,1.1902,101.355,22.3,481.892
2016-10-08 18:00:00,0.5169,0.4352,0.6579,0.004,1.2093,101.482,26.89,614.482
2016-10-08 19:00:00,0.5883,0.5012,0.6544,0.004,1.1463,101.328,29.22,697.405
2016-10-08 20:00:00,0.6262,0.5353,0.6509,0.004,1.1028,101.174,31.54,731.227
2016-10-08 21:00:00,0.6184,0.5257,0.6474,0.004,1.0863,101.02,33.87,704.57
2016-10-08 22:00:00,0.5416,0.4484,0.6388,0.0039,1.18,101.028,34.26,598.992
2016-10-08 23:00:00,0.4275,0.3329,0.6302,0.0039,1.3387,101.036,34.66,440.368
2016-10-09 00:00:00,0.2788,0.1822,0.6216,0.0038,1.5508,101.044,35.06,232.464
2016-10-09 01:00:00,0.1466,0.0936,0.5935,0.0037,1.9507,100.994,32.26,84.838
2016-10-09 02:00:00,0.1215,0.0777,0.5653,0.0035,2.376,100.945,29.46,0.0
2016-10-09 03:00:00,0.1289,0.0867,0.5372,0.0033,2.8189,100.895,26.66,0.0
2016-10-09 04:00:00,0.1198,0.0823,0.5512,0.0034,2.9593,100.984,24.38,0.0
2016-10-09 05:00:00,0.109,0.0765,0.5652,0.0035,3.1001,101.072,22.09,0.0
2016-10-09 06:00:00,0.0971,0.0695,0.5792,0.0036,3.2438,101.16,19.81,0.0
2016-10-09 07:00:00,0.0758,0.0519,0.5929,0.0037,2.6057,101.145,19.09,0.0
2016-10-09 08:00:00,0.0517,0.033,0.6065,0.0037,1.9613,101.13,18.37,0.0
2016-10-09 09:00:00,0.0244,0.0128,0.6202,0.0038,1.34,101.115,17.66,0.0
2016-10-09 10:00:00,0.0199,0.01,0.629,0.0039,1.3003,101.154,16.64,0.0
2016-10-09 11:00:00,0.0152,0.007,0.6379,0.0039,1.2514,101.194,15.63,0.0
2016-10-09 12:00:00,0.0112,0.0044,0.6467,0.004,1.2133,101.233,14.62,0.0
2016-10-09 13:00:00,0.0059,0.0008,0.6516,0.004,1.1089,101.241,14.12,0.0
2016-10-09 14:00:00,0.0012,-0.0023,0.6565,0.004,1.0179,101.248,13.62,0.0
2016-10-09 15:00:00,0.0711,0.0475,0.6614,0.0041,0.9218,101.256,13.13,144.936
2016-10-09 16:00:00,0.2232,0.1855,0.6832,0.0042,0.8676,101.315,17.54,314.608
2016-10-09 17:00:00,0.3561,0.3053,0.705,0.0043,0.8481,101.375,21.94,480.921
2016-10-09 18:00:00,0.4785,0.4145,0.7269,0.0045,0.8591,101.435,26.35,610.13
2016-10-09 19:00:00,0.5671,0.4889,0.7162,0.0044,1.0012,101.369,28.72,692.672
2016-10-09 20:00:00,0.6288,0.5348,0.7054,0.0043,1.2015,101.303,31.08,726.131
2016-10-09 21:00:00,0.6398,0.5311,0.6946,0.0043,1.4262,101.237,33.45,688.333
2016-10-09 22:00:00,0.6228,0.4862,0.6769,0.0042,2.0453,101.181,33.72,584.432
2016-10-09 23:00:00,0.5668,0.4046,0.6591,0.0041,2.6732,101.127,34.0,428.576
2016-10-10 00:00:00,0.4938,0.3066,0.6414,0.004,3.3201,101.072,34.28,244.888
2016-10-10 01:00:00,0.2145,0.151,0.6213,0.0038,3.5396,101.051,30.6,86.728
2016-10-10 02:00:00,0.163,0.1159,0.6011,0.0037,3.7887,101.029,26.92,0.0
2016-10-10 03:00:00,0.1409,0.1034,0.5809,0.0036,4.0538,101.008,23.24,0.0
2016-10-10 04:00:00,0.1226,0.0897,0.6051,0.0037,3.8246,101.066,21.79,0.0
2016-10-10 05:00:00,0.1055,0.0768,0.6294,0.0039,3.6054,101.124,20.34,0.0
2016-10-10 06:00:00,0.0889,0.0643,0.6537,0.004,3.3744,101.182,18.89,0.0
2016-10-10 07:00:00,0.0734,0.0517,0.6726,0.0041,2.9234,101.194,18.12,0.0
2016-10-10 08:00:00,0.0591,0.0403,0.6914,0.0043,2.5371,101.207,17.35,0.0
2016-10-10 09:00:00,0.0469,0.031,0.7103,0.0044,2.2395,101.219,16.58,0.0
2016-10-10 10:00:00,0.042,0.0276,0.7222,0.0044,2.2204,101.243,15.78,0.0
2016-10-10 11:00:00,0.0372,0.0244,0.7342,0.0045,2.2043,101.267,14.98,0.0
2016-10-10 12:00:00,0.0322,0.0209,0.7462,0.0046,2.1757,101.291,14.18,0.0
2016-10-10 13:00:00,0.0275,0.0172,0.7461,0.0046,2.0012,101.294,13.95,0.0
2016-10-10 14:00:00,0.0232,0.014,0.7461,0.0046,1.8531,101.296,13.72,0.0
2016-10-10 15:00:00,0.0983,0.0607,0.7461,0.0046,1.72,101.299,13.48,133.492
2016-10-10 16:00:00,0.2453,0.1923,0.7859,0.0048,1.6013,101.376,17.15,292.936
2016-10-10 17:00:00,0.3685,0.3022,0.8258,0.0051,1.5062,101.452,20.82,449.052
2016-10-10 18:00:00,0.4578,0.3804,0.8657,0.0053,1.4431,101.529,24.49,528.262
2016-10-10 19:00:00,0.5442,0.4483,0.8527,0.0052,1.714,101.409,26.2,599.903
2016-10-10 20:00:00,0.6022,0.4882,0.8397,0.0052,1.9962,101.289,27.91,628.784
2016-10-10 21:00:00,0.6192,0.4882,0.8267,0.0051,2.2811,101.169,29.63,598.945
2016-10-10 22:00:00,0.5956,0.4452,0.8193,0.0051,2.831,101.179,29.79,507.904
2016-10-10 23:00:00,0.5381,0.371,0.812,0.005,3.3715,101.19,29.94,371.512
2016-10-11 00:00:00,0.4688,0.2856,0.8047,0.005,3.9195,101.2,30.1,210.288
2016-10-11 01:00:00,0.1706,0.1238,0.8141,0.005,3.7672,101.212,26.61,72.146
2016-10-11 02:00:00,0.1164,0.084,0.8234,0.0051,3.6954,101.224,23.12,0.0
2016-10-11 03:00:00,0.0883,0.0647,0.8327,0.0051,3.7087,101.235,19.63,0.0
2016-10-11 04:00:00,0.0719,0.0526,0.8601,0.0053,3.584,101.285,17.99,0.0
2016-10-11 05:00:00,0.0565,0.0412,0.8875,0.0055,3.472,101.336,16.36,0.0
2016-10-11 06:00:00,0.0417,0.0301,0.915,0.0056,3.3553,101.386,14.72,0.0
2016-10-11 07:00:00,0.0305,0.021,0.9336,0.0057,2.8803,101.477,14.07,0.0
2016-10-11 08:00:00,0.0196,0.0124,0.9522,0.0059,2.4219,101.568,13.42,0.0
2016-10-11 09:00:00,0.0093,0.0046,0.9708,0.006,2.0181,101.66,12.76,0.0
2016-10-11 10:00:00,-0.001,-0.003,0.9771,0.006,1.5274,101.643,12.31,0.0
2016-10-11 11:00:00,-0.0123,-0.0107,0.9834,0.006,1.0602,101.627,11.86,0.0
2016-10-11 12:00:00,-0.0248,-0.0184,0.9898,0.0061,0.6229,101.611,11.41,0.0
2016-10-11 13:00:00,-0.0208,-0.016,0.9918,0.0061,0.7855,101.652,11.1,0.0
2016-10-11 14:00:00,-0.0172,-0.0138,0.9938,0.0061,0.9666,101.693,10.79,0.0
2016-10-11 15:00:00,0.0452,0.0341,0.9958,0.0061,1.1543,101.733,10.48,137.221
2016-10-11 16:00:00,0.195,0.164,1.0395,0.0064,1.4912,101.761,14.1,304.558
2016-10-11 17:00:00,0.3397,0.2841,1.0832,0.0066,1.9191,101.789,17.71,468.207
2016-10-11 18:00:00,0.487,0.4019,1.1268,0.0069,2.377,101.817,21.33,598.516
2016-10-11 19:00:00,0.5733,0.4732,1.1095,0.0068,2.445,101.778,23.18,679.898
2016-10-11 20:00:00,0.6301,0.5164,1.0921,0.0067,2.5164,101.739,25.03,712.509
2016-10-11 21:00:00,0.6433,0.5183,1.0748,0.0066,2.5986,101.7,26.89,679.148
2016-10-11 22:00:00,0.5821,0.4548,1.057,0.0065,2.7225,101.655,27.25,575.168
2016-10-11 23:00:00,0.4852,0.3567,1.0392,0.0064,2.8724,101.609,27.62,419.64
2016-10-12 00:00:00,0.3557,0.2275,1.0214,0.0063,3.0359,101.564,27.98,217.96
2016-10-12 01:00:00,0.1314,0.0937,0.9869,0.0061,3.1609,101.545,24.97,72.306
2016-10-12 02:00:00,0.0915,0.065,0.9524,0.0059,3.3504,101.527,21.96,0.0
2016-10-12 03:00:00,0.0753,0.0549,0.9178,0.0056,3.6005,101.509,18.95,0.0
2016-10-12 04:00:00,0.0614,0.0446,0.9357,0.0058,3.4809,101.539,17.51,0.0
2016-10-12 05:00:00,0.0482,0.0348,0.9537,0.0059,3.3618,101.57,16.08,0.0
2016-10-12 06:00:00,0.0357,0.0254,0.9716,0.006,3.2526,101.6,14.64,0.0
2016-10-12 07:00:00,0.0277,0.0193,0.9845,0.006,3.1506,101.637,13.73,0.0
2016-10-12 08:00:00,0.02,0.0135,0.9973,0.0061,3.0594,101.674,12.81,0.0
2016-10-12 09:00:00,0.0127,0.008,1.0101,0.0062,2.9797,101.71,11.9,0.0
2016-10-12 10:00:00,0.0073,0.0037,1.0152,0.0062,2.6573,101.708,11.5,0.0
2016-10-12 11:00:00,0.002,-0.0003,1.0203,0.0063,2.3448,101.705,11.11,0.0
2016-10-12 12:00:00,-0.0033,-0.0043,1.0255,0.0063,2.0323,101.703,10.72,0.0
2016-10-12 13:00:00,-0.0065,-0.0066,1.0254,0.0063,1.818,101.681,10.53,0.0
2016-10-12 14:00:00,-0.0097,-0.0089,1.0254,0.0063,1.6044,101.66,10.34,0.0
2016-10-12 15:00:00,0.0427,0.0321,1.0254,0.0063,1.4094,101.638,10.16,134.082
2016-10-12 16:00:00,0.1877,0.1584,1.0513,0.0065,1.5536,101.683,13.58,301.174
2016-10-12 17:00:00,0.3221,0.2729,1.0772,0.0066,1.7161,101.728,17.0,464.344
2016-10-12 18:00:00,0.4531,0.3827,1.1031,0.0068,1.8795,101.774,20.43,595.379
2016-10-12 19:00:00,0.5368,0.4527,1.0763,0.0066,1.9319,101.716,22.39,676.561
2016-10-12 20:00:00,0.5905,0.4945,1.0496,0.0064,1.9844,101.658,24.35,708.913
2016-10-12 21:00:00,0.6003,0.4951,1.0228,0.0063,2.0353,101.599,26.3,677.701
2016-10-12 22:00:00,0.5737,0.4481,1.0014,0.0062,2.6974,101.576,26.67,573.216
2016-10-12 23:00:00,0.5156,0.3706,0.9799,0.006,3.3809,101.553,27.04,417.136
2016-10-13 00:00:00,0.4229,0.2605,0.9585,0.0059,4.0603,101.531,27.41,205.136
2016-10-13 01:00:00,0.141,0.1037,0.9766,0.006,3.8463,101.477,24.52,65.668
2016-10-13 02:00:00,0.092,0.0665,0.9948,0.0061,3.6409,101.423,21.63,0.0
2016-10-13 03:00:00,0.0646,0.0465,1.0129,0.0062,3.4442,101.369,18.74,0.0
2016-10-13 04:00:00,0.0526,0.0379,1.0315,0.0063,3.4398,101.451,17.33,0.0
2016-10-13 05:00:00,0.0408,0.0294,1.0501,0.0065,3.4501,101.532,15.91,0.0
2016-10-13 06:00:00,0.0297,0.0212,1.0687,0.0066,3.4956,101.614,14.5,0.0
2016-10-13 07:00:00,0.021,0.0141,1.0792,0.0066,3.0003,101.631,14.03,0.0
2016-10-13 08:00:00,0.0124,0.0072,1.0898,0.0067,2.5277,101.649,13.55,0.0
2016-10-13 09:00:00,0.004,0.0009,1.1004,0.0068,2.097,101.667,13.08,0.0
2016-10-13 10:00:00,-0.0024,-0.0038,1.1053,0.0068,1.8056,101.636,12.59,0.0
2016-10-13 11:00:00,-0.0078,-0.0076,1.1103,0.0068,1.5849,101.605,12.1,0.0
2016-10-13 12:00:00,-0.0114,-0.01,1.1151,0.0069,1.4848,101.574,11.61,0.0
2016-10-13 13:00:00,-0.0142,-0.0119,1.1016,0.0068,1.2408,101.524,11.65,0.0
2016-10-13 14:00:00,-0.0179,-0.0143,1.0879,0.0067,1.0024,101.474,11.69,0.0
2016-10-13 15:00:00,0.0213,0.0139,1.0744,0.0066,0.7747,101.424,11.72,103.104
2016-10-13 16:00:00,0.1569,0.1338,1.0843,0.0067,0.9713,101.504,14.88,234.428
2016-10-13 17:00:00,0.2798,0.2329,1.0943,0.0067,1.5604,101.584,18.04,362.542
2016-10-13 18:00:00,0.3665,0.2909,1.1042,0.0068,2.2427,101.664,21.2,380.247
2016-10-13 19:00:00,0.3607,0.3064,1.1017,0.0068,1.169,101.613,22.46,432.237
2016-10-13 20:00:00,0.3441,0.3064,1.0992,0.0068,0.5346,101.562,23.71,452.847
2016-10-13 21:00:00,0.312,0.2507,1.0968,0.0067,1.3277,101.512,24.97,299.63
2016-10-13 22:00:00,0.2619,0.2093,1.0965,0.0067,1.137,101.468,24.99,253.12
2016-10-13 23:00:00,0.1978,0.1529,1.0962,0.0068,1.0113,101.426,25.01,183.712
2016-10-14 00:00:00,0.1283,0.0893,1.0959,0.0068,0.9575,101.382,25.03,172.264
2016-10-14 01:00:00,0.0149,0.0069,1.0793,0.0067,0.6619,101.297,23.7,53.094
2016-10-14 02:00:00,-0.036,-0.0255,1.0627,0.0066,0.3701,101.213,22.37,0.0
2016-10-14 03:00:00,-0.0573,-0.037,1.0462,0.0065,0.1131,101.128,21.03,0.0
2016-10-14 04:00:00,-0.0176,-0.0145,1.0681,0.0066,0.636,101.232,20.21,0.0
2016-10-14 05:00:00,0.0065,0.001,1.0902,0.0067,1.1521,101.336,19.39,0.0
2016-10-14 06:00:00,0.0209,0.0115,1.1122,0.0068,1.6741,101.439,18.57,0.0
2016-10-14 07:00:00,0.0159,0.008,1.1428,0.007,1.5704,101.378,18.42,0.0
2016-10-14 08:00:00,0.0223,0.0129,1.1734,0.0072,1.8882,101.316,18.27,0.0
2016-10-14 09:00:00,0.0316,0.0205,1.204,0.0074,2.4564,101.254,18.12,0.0
2016-10-14 10:00:00,0.0263,0.0169,1.3304,0.0082,2.6016,101.241,18.11,0.0
2016-10-14 11:00:00,0.0205,0.013,1.4567,0.009,2.7683,101.227,18.09,0.0
2016-10-14 12:00:00,0.0141,0.0086,1.5829,0.0098,2.957,101.214,18.08,0.0
2016-10-14 13:00:00,0.0127,0.0075,1.6102,0.01,2.9697,101.184,18.11,0.0
2016-10-14 14:00:00,0.0112,0.0064,1.6376,0.0101,2.9927,101.155,18.13,0.0
2016-10-14 15:00:00,0.0174,0.0117,1.6649,0.0103,3.0295,101.125,18.16,28.839
2016-10-14 16:00:00,0.1081,0.0748,1.7561,0.0109,3.8026,101.191,18.81,66.418
2016-10-14 17:00:00,0.1376,0.0993,1.8473,0.0114,4.5792,101.257,19.45,103.049
2016-10-14 18:00:00,0.1582,0.1156,1.9385,0.012,5.3535,101.323,20.09,126.199
2016-10-14 19:00:00,0.1582,0.1193,1.9896,0.0123,5.4028,101.352,20.12,143.512
2016-10-14 20:00:00,0.1518,0.1172,2.0406,0.0126,5.4505,101.383,20.14,150.334
2016-10-14 21:00:00,0.1624,0.131,2.0917,0.0129,5.5078,101.412,20.16,187.785
2016-10-14 22:00:00,0.1553,0.1207,2.0392,0.0126,5.3276,101.382,20.14,158.432
2016-10-14 23:00:00,0.1393,0.1022,1.9866,0.0123,5.1533,101.353,20.13,114.696
2016-10-15 00:00:00,0.0868,0.0494,1.9341,0.012,4.9731,101.323,20.11,80.428
2016-10-15 01:00:00,0.0102,0.0066,1.8015,0.0111,3.5894,101.29,18.22,23.808
2016-10-15 02:00:00,-0.01,-0.0091,1.6689,0.0103,2.2992,101.258,16.33,0.0
2016-10-15 03:00:00,-0.0212,-0.0166,1.5361,0.0095,1.4235,101.224,14.44,0.0
2016-10-15 04:00:00,-0.0221,-0.0172,1.5965,0.0099,1.3393,101.281,15.06,0.0
2016-10-15 05:00:00,-0.0212,-0.0166,1.6568,0.0102,1.4148,101.337,15.68,0.0
2016-10-15 06:00:00,-0.0188,-0.015,1.7171,0.0106,1.6274,101.392,16.3,0.0
2016-10-15 07:00:00,-0.0193,-0.0155,1.7163,0.0106,1.7671,101.376,15.97,0.0
2016-10-15 08:00:00,-0.0196,-0.0158,1.7155,0.0106,1.9638,101.36,15.65,0.0
2016-10-15 09:00:00,-0.0202,-0.0164,1.7147,0.0106,2.2024,101.343,15.32,0.0
2016-10-15 10:00:00,-0.0196,-0.0159,1.7093,0.0106,2.1428,101.323,15.41,0.0
2016-10-15 11:00:00,-0.0183,-0.015,1.7038,0.0105,2.2114,101.303,15.5,0.0
2016-10-15 12:00:00,-0.0162,-0.0136,1.6983,0.0105,2.4051,101.283,15.59,0.0
2016-10-15 13:00:00,-0.0153,-0.013,1.6812,0.0104,2.5604,101.261,15.43,0.0
2016-10-15 14:00:00,-0.0143,-0.0123,1.6643,0.0103,2.762,101.24,15.27,0.0
2016-10-15 15:00:00,0.0016,0.0009,1.6472,0.0102,2.9979,101.218,15.1,64.505
2016-10-15 16:00:00,0.1169,0.0954,1.6853,0.0104,3.6341,101.138,16.76,150.544
2016-10-15 17:00:00,0.1977,0.1581,1.7231,0.0107,4.2755,101.056,18.41,234.286
2016-10-15 18:00:00,0.2419,0.1835,1.7609,0.0109,4.9203,100.975,20.06,224.202
2016-10-15 19:00:00,0.2626,0.2016,1.8158,0.0113,5.143,100.971,20.49,255.068
2016-10-15 20:00:00,0.2732,0.2097,1.8706,0.0116,5.3969,100.967,20.92,267.161
2016-10-15 21:00:00,0.2054,0.1434,1.9253,0.0119,5.6797,100.963,21.35,128.615
2016-10-15 22:00:00,0.2225,0.1484,1.8963,0.0118,6.255,100.9,21.75,108.384
2016-10-15 23:00:00,0.237,0.15,1.8674,0.0116,6.8437,100.837,22.16,78.248
2016-10-16 00:00:00,0.081,0.0662,1.8384,0.0114,7.4205,100.773,22.56,54.66
2016-10-16 01:00:00,0.0591,0.0465,1.8101,0.0112,6.198,100.764,21.66,15.498
2016-10-16 02:00:00,0.0425,0.0321,1.7817,0.0111,5.2516,100.754,20.77,0.0
2016-10-16 03:00:00,0.0318,0.0234,1.7534,0.0109,4.7497,100.744,19.87,0.0
2016-10-16 04:00:00,0.0229,0.0161,1.7261,0.0107,4.1853,100.804,19.14,0.0
2016-10-16 05:00:00,0.0145,0.0093,1.6987,0.0105,3.6418,100.865,18.42,0.0
2016-10-16 06:00:00,0.0064,0.003,1.6713,0.0104,3.1172,100.925,17.7,0.0
2016-10-16 07:00:00,0.004,0.0012,1.6539,0.0102,2.9875,100.991,17.38,0.0
2016-10-16 08:00:00,0.0028,0.0003,1.6365,0.0101,2.9864,101.056,17.07,0.0
2016-10-16 09:00:00,0.0024,0.0001,1.6191,0.01,3.1071,101.122,16.76,0.0
2016-10-16 10:00:00,0.0011,-0.0009,1.6176,0.01,3.1106,101.052,16.58,0.0
2016-10-16 11:00:00,-0.0003,-0.0019,1.616,0.01,3.111,100.982,16.39,0.0
2016-10-16 12:00:00,-0.0015,-0.0029,1.6143,0.01,3.1185,100.911,16.21,0.0
2016-10-16 13:00:00,-0.0051,-0.0056,1.6334,0.0101,2.9,100.911,16.1,0.0
2016-10-16 14:00:00,-0.0084,-0.008,1.6525,0.0102,2.7129,100.911,16.0,0.0
2016-10-16 15:00:00,-0.0007,-0.0014,1.6716,0.0104,2.5592,100.912,15.89,41.268
2016-10-16 16:00:00,0.0736,0.0618,1.6961,0.0105,2.9857,100.918,16.08,97.67
2016-10-16 17:00:00,0.105,0.0908,1.7206,0.0107,3.4479,100.924,16.26,152.476
2016-10-16 18:00:00,0.0809,0.0673,1.7451,0.0108,3.9492,100.93,16.45,108.035
2016-10-16 19:00:00,0.0893,0.0759,1.7527,0.0109,3.3554,100.888,16.56,122.962
2016-10-16 20:00:00,0.0928,0.0801,1.7603,0.0109,2.7518,100.844,16.68,128.782
2016-10-16 21:00:00,0.0927,0.0811,1.7679,0.011,2.1501,100.802,16.8,129.051
2016-10-16 22:00:00,0.0906,0.0745,1.7153,0.0107,2.6882,100.802,16.89,108.608
2016-10-16 23:00:00,0.0864,0.0649,1.6627,0.0103,3.24,100.803,16.98,78.208
2016-10-17 00:00:00,0.0658,0.0388,1.61,0.01,3.7995,100.803,17.07,92.588
2016-10-17 01:00:00,0.0109,0.0072,1.5695,0.0097,3.5612,100.791,16.33,25.069
2016-10-17 02:00:00,0.0017,-0.0004,1.529,0.0095,3.4209,100.779,15.59,0.0
2016-10-17 03:00:00,-0.0012,-0.0026,1.4886,0.0092,3.393,100.767,14.85,0.0
2016-10-17 04:00:00,-0.0085,-0.0081,1.4615,0.0091,2.6002,100.873,14.21,0.0
2016-10-17 05:00:00,-0.0165,-0.0137,1.4344,0.0089,1.8035,100.98,13.57,0.0
2016-10-17 06:00:00,-0.0261,-0.0195,1.4071,0.0087,1.023,101.086,12.92,0.0
2016-10-17 07:00:00,-0.0236,-0.0181,1.3897,0.0086,1.2146,101.116,12.75,0.0
2016-10-17 08:00:00,-0.0197,-0.0158,1.3722,0.0085,1.5971,101.147,12.58,0.0
2016-10-17 09:00:00,-0.0157,-0.0132,1.3548,0.0084,2.067,101.177,12.42,0.0
2016-10-17 10:00:00,-0.0178,-0.0145,1.3594,0.0084,1.7863,101.227,12.49,0.0
2016-10-17 11:00:00,-0.0201,-0.016,1.364,0.0084,1.5056,101.276,12.57,0.0
2016-10-17 12:00:00,-0.023,-0.0177,1.3687,0.0084,1.2249,101.326,12.65,0.0
2016-10-17 13:00:00,-0.0279,-0.0204,1.3704,0.0084,0.8257,101.391,12.81,0.0
2016-10-17 14:00:00,-0.0319,-0.0225,1.3721,0.0085,0.5805,101.455,12.97,0.0
2016-10-17 15:00:00,0.002,0.0011,1.3737,0.0085,0.6903,101.52,13.13,79.876
2016-10-17 16:00:00,0.1229,0.1077,1.3911,0.0086,1.1045,101.584,14.94,191.851
2016-10-17 17:00:00,0.2085,0.1804,1.4084,0.0087,1.5108,101.649,16.75,300.549
2016-10-17 18:00:00,0.3504,0.3038,1.4258,0.0088,1.9177,101.713,18.56,503.825
2016-10-17 19:00:00,0.4158,0.3567,1.381,0.0085,2.1506,101.679,19.51,573.644
2016-10-17 20:00:00,0.4571,0.3852,1.3362,0.0082,2.443,101.645,20.45,600.731
2016-10-17 21:00:00,0.4081,0.3265,1.2914,0.0079,2.7888,101.61,21.4,456.024
2016-10-17 22:00:00,0.3727,0.2866,1.2681,0.0078,3.1085,101.61,21.39,383.28
2016-10-17 23:00:00,0.3182,0.2274,1.2449,0.0077,3.4914,101.61,21.37,275.272
2016-10-18 00:00:00,0.2542,0.1588,1.2217,0.0075,3.8997,101.61,21.36,167.504
2016-10-18 01:00:00,0.0729,0.0538,1.229,0.0076,3.5987,101.593,20.03,43.164
2016-10-18 02:00:00,0.0466,0.0329,1.2364,0.0076,3.2983,101.577,18.7,0.0
2016-10-18 03:00:00,0.0323,0.022,1.2439,0.0077,3.0034,101.561,17.37,0.0
2016-10-18 04:00:00,0.0278,0.0187,1.2521,0.0077,2.9826,101.615,16.86,0.0
2016-10-18 05:00:00,0.0236,0.0157,1.2604,0.0077,2.9812,101.671,16.35,0.0
2016-10-18 06:00:00,0.0195,0.0128,1.2687,0.0078,2.9972,101.726,15.84,0.0
2016-10-18 07:00:00,0.0135,0.0083,1.2633,0.0078,2.9793,101.761,14.94,0.0
2016-10-18 08:00:00,0.0076,0.004,1.2578,0.0077,2.9615,101.797,14.04,0.0
2016-10-18 09:00:00,0.0018,-0.0003,1.2523,0.0077,2.9419,101.833,13.14,0.0
2016-10-18 10:00:00,-0.0022,-0.0034,1.2242,0.0075,2.6785,101.853,12.46,0.0
2016-10-18 11:00:00,-0.006,-0.0062,1.1959,0.0073,2.421,101.873,11.79,0.0
2016-10-18 12:00:00,-0.0097,-0.0089,1.1678,0.0072,2.1615,101.893,11.11,0.0
2016-10-18 13:00:00,-0.0102,-0.0093,1.164,0.0071,2.22,101.974,10.87,0.0
2016-10-18 14:00:00,-0.0108,-0.0097,1.1604,0.0071,2.2854,102.056,10.62,0.0
2016-10-18 15:00:00,0.0279,0.0204,1.1567,0.0071,2.3573,102.138,10.37,114.626
2016-10-18 16:00:00,0.1549,0.1243,1.1724,0.0072,3.1179,102.188,13.02,279.537
2016-10-18 17:00:00,0.3126,0.251,1.1881,0.0073,3.9801,102.239,15.67,439.446
2016-10-18 18:00:00,0.4431,0.346,1.2037,0.0074,4.8915,102.29,18.31,535.919
2016-10-18 19:00:00,0.5222,0.4071,1.1385,0.007,4.8867,102.253,19.33,610.458
2016-10-18 20:00:00,0.5767,0.4443,1.0733,0.0066,4.9397,102.216,20.35,639.229
2016-10-18 21:00:00,0.6016,0.4531,1.0082,0.0062,5.04,102.179,21.36,613.516
2016-10-18 22:00:00,0.5413,0.3977,0.9879,0.006,4.8062,102.136,21.48,514.992
2016-10-18 23:00:00,0.4501,0.3134,0.9677,0.0059,4.5837,102.092,21.59,368.888
2016-10-19 00:00:00,0.335,0.2066,0.9476,0.0058,4.369,102.049,21.7,187.908
2016-10-19 01:00:00,0.093,0.0703,0.9904,0.0061,4.0608,102.026,19.64,45.908
2016-10-19 02:00:00,0.0585,0.043,1.0331,0.0063,3.7697,102.003,17.58,0.0
2016-10-19 03:00:00,0.0365,0.0262,1.0759,0.0066,3.4904,101.979,15.52,0.0
2016-10-19 04:00:00,0.0275,0.0194,1.0743,0.0066,3.356,101.979,14.43,0.0
2016-10-19 05:00:00,0.0194,0.0132,1.0727,0.0066,3.265,101.979,13.34,0.0
2016-10-19 06:00:00,0.012,0.0076,1.0711,0.0066,3.221,101.98,12.25,0.0
2016-10-19 07:00:00,0.0073,0.004,1.0584,0.0065,3.0733,101.995,11.51,0.0
2016-10-19 08:00:00,0.0027,0.0005,1.0456,0.0064,2.9191,102.01,10.76,0.0
2016-10-19 09:00:00,-0.0015,-0.0027,1.0329,0.0063,2.7641,102.025,10.02,0.0
2016-10-19 10:00:00,-0.0032,-0.004,1.0098,0.0062,2.7541,102.062,9.4,0.0
2016-10-19 11:00:00,-0.0047,-0.0051,0.9867,0.006,2.7624,102.098,8.77,0.0
2016-10-19 12:00:00,-0.006,-0.0061,0.9635,0.0059,2.7909,102.134,8.14,0.0
2016-10-19 13:00:00,-0.0077,-0.0074,0.9548,0.0058,2.5127,102.148,7.96,0.0
2016-10-19 14:00:00,-0.0095,-0.0087,0.9461,0.0058,2.2404,102.162,7.78,0.0
2016-10-19 15:00:00,0.0239,0.0168,0.9373,0.0057,1.9736,102.175,7.6,111.879
2016-10-19 16:00:00,0.1455,0.1167,0.9578,0.0059,2.4778,102.194,10.89,277.211
2016-10-19 17:00:00,0.3,0.2432,0.9783,0.006,3.0017,102.213,14.17,437.329
2016-10-19 18:00:00,0.44,0.3514,0.9989,0.0061,3.5282,102.232,17.45,563.297
2016-10-19 19:00:00,0.5265,0.4201,0.9708,0.0059,3.5419,102.182,19.26,641.931
2016-10-19 20:00:00,0.5891,0.4651,0.9428,0.0058,3.6273,102.131,21.07,672.15
2016-10-19 21:00:00,0.616,0.4746,0.9148,0.0056,3.7927,102.08,22.88,634.961
2016-10-19 22:00:00,0.5595,0.418,0.8991,0.0055,3.7947,102.034,23.26,532.32
2016-10-19 23:00:00,0.4692,0.3297,0.8834,0.0054,3.7901,101.988,23.65,380.28
2016-10-20 00:00:00,0.3458,0.21,0.8677,0.0053,3.7989,101.942,24.04,179.652
2016-10-20 01:00:00,0.1065,0.0773,0.8892,0.0054,3.4051,101.908,21.74,41.434
2016-10-20 02:00:00,0.0705,0.0497,0.9106,0.0056,3.0963,101.875,19.44,0.0
2016-10-20 03:00:00,0.05,0.0348,0.932,0.0057,2.8921,101.841,17.14,0.0
2016-10-20 04:00:00,0.0402,0.0274,0.9285,0.0057,2.6606,101.87,16.15,0.0
2016-10-20 05:00:00,0.0317,0.021,0.925,0.0057,2.4759,101.898,15.17,0.0
2016-10-20 06:00:00,0.0242,0.0155,0.9215,0.0056,2.3317,101.926,14.18,0.0
2016-10-20 07:00:00,0.0158,0.009,0.9125,0.0056,1.9403,101.962,13.73,0.0
2016-10-20 08:00:00,0.0072,0.0026,0.9034,0.0055,1.5785,101.997,13.28,0.0
2016-10-20 09:00:00,-0.001,-0.0033,0.8944,0.0055,1.2726,102.033,12.83,0.0
2016-10-20 10:00:00,-0.0123,-0.0108,0.8886,0.0054,0.906,102.004,12.25,0.0
2016-10-20 11:00:00,-0.024,-0.0179,0.8828,0.0054,0.578,101.975,11.66,0.0
2016-10-20 12:00:00,-0.0323,-0.0225,0.8771,0.0054,0.3712,101.946,11.08,0.0
2016-10-20 13:00:00,-0.0312,-0.0218,0.8784,0.0054,0.3981,101.968,10.51,0.0
2016-10-20 14:00:00,-0.0289,-0.0206,0.8797,0.0054,0.461,101.989,9.93,0.0
2016-10-20 15:00:00,0.018,0.0123,0.8811,0.0054,0.5408,102.01,9.36,108.176
2016-10-20 16:00:00,0.1215,0.1082,0.9225,0.0056,0.4123,102.004,12.67,272.533
2016-10-20 17:00:00,0.254,0.2313,0.9639,0.0059,0.3569,101.997,15.97,431.529
2016-10-20 18:00:00,0.3594,0.3275,1.0053,0.0062,0.389,101.991,19.28,561.571
2016-10-20 19:00:00,0.428,0.389,0.9998,0.0061,0.4391,101.98,21.3,640.275
2016-10-20 20:00:00,0.4662,0.4213,0.9943,0.0061,0.5045,101.967,23.32,670.385
2016-10-20 21:00:00,0.4581,0.4094,0.9889,0.0061,0.58,101.956,25.34,633.952
2016-10-20 22:00:00,0.4128,0.3521,1.001,0.0061,1.0077,101.836,25.79,530.816
2016-10-20 23:00:00,0.332,0.2615,1.0132,0.0062,1.4384,101.715,26.24,378.192
2016-10-21 00:00:00,0.2152,0.1368,1.0253,0.0063,1.872,101.595,26.69,173.568
2016-10-21 01:00:00,0.0743,0.0476,1.0324,0.0063,1.854,101.586,24.93,37.602
2016-10-21 02:00:00,0.0508,0.0311,1.0395,0.0064,1.8605,101.578,23.17,0.0
2016-10-21 03:00:00,0.0428,0.0262,1.0466,0.0064,1.8739,101.569,21.41,0.0
2016-10-21 04:00:00,0.0301,0.0173,1.0488,0.0064,1.6715,101.549,20.14,0.0
2016-10-21 05:00:00,0.0195,0.0101,1.051,0.0065,1.5116,101.529,18.86,0.0
2016-10-21 06:00:00,0.0114,0.0048,1.0533,0.0065,1.4089,101.509,17.59,0.0
2016-10-21 07:00:00,-0.0031,-0.005,1.0536,0.0065,1.0562,101.501,16.69,0.0
2016-10-21 08:00:00,-0.0161,-0.0133,1.054,0.0065,0.7603,101.494,15.8,0.0
2016-10-21 09:00:00,-0.0238,-0.0179,1.0542,0.0065,0.5962,101.487,14.9,0.0
2016-10-21 10:00:00,-0.0216,-0.0165,1.0454,0.0064,0.6673,101.463,14.16,0.0
2016-10-21 11:00:00,-0.0195,-0.0153,1.0366,0.0064,0.7489,101.438,13.42,0.0
2016-10-21 12:00:00,-0.0179,-0.0143,1.0277,0.0063,0.8324,101.414,12.69,0.0
2016-10-21 13:00:00,-0.0247,-0.0183,1.0255,0.0063,0.6297,101.412,12.14,0.0
2016-10-21 14:00:00,-0.0303,-0.0214,1.0234,0.0063,0.4653,101.411,11.59,0.0
2016-10-21 15:00:00,0.0139,0.0101,1.0212,0.0063,0.3601,101.409,11.04,105.68
2016-10-21 16:00:00,0.1277,0.1134,1.0833,0.0067,0.5029,101.38,14.14,270.939
2016-10-21 17:00:00,0.2696,0.2414,1.1453,0.0071,0.6619,101.35,17.24,430.634
2016-10-21 18:00:00,0.3818,0.3397,1.2072,0.0074,0.8406,101.321,20.34,556.683
2016-10-21 19:00:00,0.4545,0.4032,1.2216,0.0075,0.9236,101.314,22.22,635.034
2016-10-21 20:00:00,0.4989,0.4385,1.236,0.0076,1.0555,101.308,24.1,664.879
2016-10-21 21:00:00,0.4926,0.4249,1.2504,0.0077,1.2007,101.301,25.98,619.927
2016-10-21 22:00:00,0.4678,0.3784,1.252,0.0077,1.9981,101.204,26.23,518.432
2016-10-21 23:00:00,0.4119,0.3029,1.2537,0.0077,2.8086,101.107,26.49,368.376
2016-10-22 00:00:00,0.3228,0.1966,1.2553,0.0078,3.6234,101.01,26.74,164.176
2016-10-22 01:00:00,0.1038,0.0745,1.2683,0.0079,3.4996,100.976,24.2,33.222
2016-10-22 02:00:00,0.0692,0.049,1.2813,0.0079,3.3925,100.942,21.67,0.0
2016-10-22 03:00:00,0.0461,0.0324,1.2943,0.008,3.3022,100.907,19.13,0.0
2016-10-22 04:00:00,0.0355,0.0246,1.2969,0.008,3.2006,100.976,17.97,0.0
2016-10-22 05:00:00,0.0255,0.0172,1.2996,0.008,3.1046,101.044,16.81,0.0
2016-10-22 06:00:00,0.016,0.0102,1.3022,0.008,3.0152,101.112,15.65,0.0
2016-10-22 07:00:00,0.0108,0.0061,1.292,0.008,2.7417,101.09,15.17,0.0
2016-10-22 08:00:00,0.0058,0.0023,1.2818,0.0079,2.4817,101.067,14.69,0.0
2016-10-22 09:00:00,0.0007,-0.0015,1.2716,0.0079,2.2121,101.045,14.21,0.0
2016-10-22 10:00:00,-0.0036,-0.0047,1.2524,0.0077,1.9266,101.091,13.8,0.0
2016-10-22 11:00:00,-0.0078,-0.0076,1.2332,0.0076,1.6681,101.138,13.39,0.0
2016-10-22 12:00:00,-0.0118,-0.0103,1.2139,0.0075,1.4381,101.183,12.98,0.0
2016-10-22 13:00:00,-0.0129,-0.0111,1.2067,0.0075,1.4166,101.143,12.67,0.0
2016-10-22 14:00:00,-0.0137,-0.0117,1.1995,0.0074,1.4136,101.101,12.37,0.0
2016-10-22 15:00:00,0.0217,0.0128,1.1923,0.0074,1.42,101.06,12.06,93.984
2016-10-22 16:00:00,0.1344,0.1102,1.2019,0.0074,1.5088,101.094,14.81,245.416
2016-10-22 17:00:00,0.2763,0.2344,1.2116,0.0075,1.5942,101.128,17.55,391.557
2016-10-22 18:00:00,0.3747,0.3171,1.2213,0.0075,1.6737,101.163,20.3,489.32
2016-10-22 19:00:00,0.4563,0.3792,1.1864,0.0073,2.1127,101.111,21.69,558.477
2016-10-22 20:00:00,0.5151,0.4173,1.1517,0.0071,2.5856,101.06,23.08,584.713
2016-10-22 21:00:00,0.5452,0.4256,1.1169,0.0069,3.0901,101.008,24.48,559.679
2016-10-22 22:00:00,0.4998,0.3736,1.0837,0.0067,3.3715,100.982,24.63,467.472
2016-10-22 23:00:00,0.4296,0.2979,1.0506,0.0065,3.6572,100.956,24.79,331.272
2016-10-23 00:00:00,0.3478,0.2109,1.0174,0.0063,3.9465,100.931,24.95,173.376
2016-10-23 01:00:00,0.1059,0.0777,1.0097,0.0062,3.7316,100.9,22.16,32.552
2016-10-23 02:00:00,0.0716,0.0518,1.002,0.0062,3.5332,100.869,19.38,0.0
2016-10-23 03:00:00,0.0488,0.035,0.9943,0.0062,3.3539,100.839,16.59,0.0
2016-10-23 04:00:00,0.0375,0.0262,1.0047,0.0062,3.0103,100.916,15.71,0.0
2016-10-23 05:00:00,0.0276,0.0186,1.015,0.0063,2.7423,100.991,14.82,0.0
2016-10-23 06:00:00,0.0193,0.0123,1.0255,0.0063,2.5516,101.067,13.94,0.0
2016-10-23 07:00:00,0.0134,0.0077,1.0215,0.0063,2.2748,101.069,13.48,0.0
2016-10-23 08:00:00,0.0074,0.0032,1.0175,0.0063,1.9985,101.071,13.02,0.0
2016-10-23 09:00:00,0.0015,-0.0011,1.0136,0.0063,1.7322,101.073,12.56,0.0
2016-10-23 10:00:00,-0.0023,-0.0038,1.0112,0.0062,1.5894,101.141,12.15,0.0
2016-10-23 11:00:00,-0.0052,-0.0059,1.0089,0.0062,1.4993,101.21,11.73,0.0
2016-10-23 12:00:00,-0.0068,-0.0069,1.0064,0.0062,1.4852,101.279,11.31,0.0
2016-10-23 13:00:00,-0.0121,-0.0105,0.9917,0.0061,1.194,101.235,10.99,0.0
2016-10-23 14:00:00,-0.0173,-0.0138,0.9769,0.006,0.9476,101.192,10.67,0.0
2016-10-23 15:00:00,0.0096,0.006,0.9622,0.0059,0.8078,101.149,10.36,87.392
2016-10-23 16:00:00,0.1053,0.0902,0.9843,0.0061,0.6413,101.235,13.33,232.632
2016-10-23 17:00:00,0.2299,0.2064,1.0065,0.0062,0.4909,101.321,16.29,372.657
2016-10-23 18:00:00,0.2682,0.243,1.0286,0.0063,0.3551,101.408,19.26,400.815
2016-10-23 19:00:00,0.3324,0.2935,1.0106,0.0062,0.6825,101.349,20.84,457.731
2016-10-23 20:00:00,0.3797,0.3245,0.9926,0.0061,1.0837,101.291,22.41,479.241
2016-10-23 21:00:00,0.403,0.3311,0.9746,0.006,1.492,101.232,23.98,462.25
2016-10-23 22:00:00,0.3632,0.2861,0.9726,0.006,1.7085,101.156,24.45,385.632
2016-10-23 23:00:00,0.2966,0.2152,0.9706,0.006,1.9379,101.08,24.91,272.536
2016-10-24 00:00:00,0.2226,0.1373,0.9686,0.006,2.1621,101.004,25.37,162.036
2016-10-24 01:00:00,0.0744,0.049,0.9855,0.0061,2.1564,100.976,23.16,28.009
2016-10-24 02:00:00,0.0558,0.0365,1.0024,0.0062,2.3008,100.949,20.94,0.0
2016-10-24 03:00:00,0.0485,0.0326,1.0193,0.0063,2.5733,100.921,18.73,0.0
2016-10-24 04:00:00,0.041,0.0274,1.0513,0.0065,2.5535,101.018,17.87,0.0
2016-10-24 05:00:00,0.0333,0.022,1.0833,0.0067,2.5269,101.114,17.02,0.0
2016-10-24 06:00:00,0.026,0.0168,1.1153,0.0069,2.5131,101.211,16.17,0.0
2016-10-24 07:00:00,0.0078,0.0027,1.1292,0.007,1.5527,101.253,16.39,0.0
2016-10-24 08:00:00,0.0049,0.0006,1.143,0.007,1.4262,101.294,16.62,0.0
2016-10-24 09:00:00,0.0232,0.0144,1.1568,0.0071,2.2605,101.336,16.84,0.0
2016-10-24 10:00:00,0.0161,0.0098,1.3067,0.0081,2.6298,101.343,16.31,0.0
2016-10-24 11:00:00,0.0064,0.0031,1.4563,0.009,3.088,101.349,15.78,0.0
2016-10-24 12:00:00,-0.0062,-0.0064,1.6059,0.0099,3.608,101.356,15.25,0.0
2016-10-24 13:00:00,-0.006,-0.0061,1.5772,0.0097,3.8158,101.327,14.91,0.0
2016-10-24 14:00:00,-0.0058,-0.006,1.5485,0.0096,4.031,101.297,14.56,0.0
2016-10-24 15:00:00,0.0248,0.0151,1.5197,0.0094,4.2385,101.268,14.22,89.392
2016-10-24 16:00:00,0.1644,0.1246,1.52,0.0094,4.5878,101.309,16.69,242.834
2016-10-24 17:00:00,0.3307,0.257,1.5202,0.0094,4.9518,101.35,19.16,390.583
2016-10-24 18:00:00,0.4578,0.3497,1.5204,0.0094,5.3339,101.391,21.64,473.187
2016-10-24 19:00:00,0.5508,0.4164,1.4534,0.009,5.7466,101.338,22.73,540.692
2016-10-24 20:00:00,0.6242,0.4623,1.3866,0.0086,6.2268,101.285,23.82,566.102
2016-10-24 21:00:00,0.6519,0.4625,1.3197,0.0081,6.7628,101.232,24.92,494.538
2016-10-24 22:00:00,0.597,0.4115,1.3148,0.0081,6.7601,101.187,24.8,412.064
2016-10-24 23:00:00,0.5191,0.338,1.3098,0.0081,6.79,101.142,24.69,290.432
2016-10-25 00:00:00,0.4185,0.2429,1.3048,0.0081,6.8317,101.096,24.57,130.368
2016-10-25 01:00:00,0.1085,0.0842,1.3239,0.0082,5.4923,101.161,22.7,20.552
2016-10-25 02:00:00,0.0688,0.0508,1.343,0.0083,4.1989,101.227,20.83,0.0
2016-10-25 03:00:00,0.036,0.0245,1.3621,0.0084,2.9943,101.292,18.96,0.0
2016-10-25 04:00:00,0.0262,0.0167,1.3824,0.0085,2.5255,101.355,18.74,0.0
2016-10-25 05:00:00,0.0157,0.0087,1.4027,0.0086,2.0587,101.417,18.52,0.0
2016-10-25 06:00:00,0.0045,0.0005,1.4229,0.0088,1.6056,101.478,18.3,0.0
2016-10-25 07:00:00,-0.0037,-0.0051,1.4402,0.0089,1.3068,101.541,18.19,0.0
2016-10-25 08:00:00,-0.0108,-0.0098,1.4576,0.009,1.0717,101.604,18.07,0.0
2016-10-25 09:00:00,-0.0147,-0.0122,1.4749,0.0091,0.9618,101.667,17.96,0.0
2016-10-25 10:00:00,-0.0168,-0.0135,1.518,0.0093,0.971,101.629,17.55,0.0
2016-10-25 11:00:00,-0.0188,-0.0147,1.5611,0.0096,0.994,101.591,17.13,0.0
2016-10-25 12:00:00,-0.0209,-0.0161,1.6041,0.0099,1.0141,101.554,16.72,0.0
2016-10-25 13:00:00,-0.025,-0.0185,1.5984,0.0098,0.8415,101.597,16.45,0.0
2016-10-25 14:00:00,-0.013,-0.0112,1.5927,0.0098,1.6476,101.639,16.19,0.0
2016-10-25 15:00:00,0.0018,0.0,1.587,0.0098,2.642,101.682,15.92,26.432
2016-10-25 16:00:00,0.021,0.0153,1.5901,0.0098,2.8378,101.71,16.75,73.345
2016-10-25 17:00:00,0.1304,0.0991,1.5932,0.0098,3.0859,101.738,17.58,118.467
2016-10-25 18:00:00,0.1474,0.1076,1.5963,0.0098,3.3892,101.767,18.41,113.119
2016-10-25 19:00:00,0.1756,0.1273,1.6147,0.0099,3.7047,101.752,19.18,129.328
2016-10-25 20:00:00,0.1999,0.1425,1.633,0.01,4.0521,101.739,19.94,135.423
2016-10-25 21:00:00,0.2293,0.1617,1.6514,0.0102,4.4096,101.725,20.71,146.442
2016-10-25 22:00:00,0.191,0.135,1.6777,0.0103,3.8331,101.74,20.45,121.872
2016-10-25 23:00:00,0.1468,0.102,1.704,0.0105,3.2593,101.755,20.2,85.664
2016-10-26 00:00:00,0.1092,0.0745,1.7303,0.0106,2.707,101.77,19.94,138.328
2016-10-26 01:00:00,0.0097,0.005,1.7004,0.0105,1.9558,101.681,19.24,19.662
2016-10-26 02:00:00,-0.0127,-0.0109,1.6706,0.0103,1.2034,101.592,18.54,0.0
2016-10-26 03:00:00,-0.0323,-0.0225,1.641,0.0101,0.481,101.504,17.85,0.0
2016-10-26 04:00:00,-0.0401,-0.0265,1.6217,0.01,0.25,101.545,17.26,0.0
2016-10-26 05:00:00,-0.0454,-0.029,1.6025,0.0099,0.0943,101.586,16.68,0.0
2016-10-26 06:00:00,-0.0398,-0.0263,1.5833,0.0097,0.255,101.628,16.1,0.0
2016-10-26 07:00:00,-0.0406,-0.0267,1.5568,0.0096,0.2283,101.625,15.64,0.0
2016-10-26 08:00:00,-0.0405,-0.0266,1.5304,0.0094,0.2267,101.624,15.18,0.0
2016-10-26 09:00:00,-0.0399,-0.0263,1.5039,0.0093,0.246,101.622,14.73,0.0
2016-10-26 10:00:00,-0.0325,-0.0227,1.4735,0.0091,0.5504,101.608,14.33,0.0
2016-10-26 11:00:00,-0.0266,-0.0196,1.4431,0.0089,0.8728,101.594,13.93,0.0
2016-10-26 12:00:00,-0.0219,-0.0169,1.4128,0.0087,1.2106,101.58,13.53,0.0
2016-10-26 13:00:00,-0.0301,-0.0215,1.3768,0.0085,0.6712,101.584,13.07,0.0
2016-10-26 14:00:00,-0.0357,-0.0243,1.3407,0.0083,0.3912,101.587,12.62,0.0
2016-10-26 15:00:00,0.0036,0.0022,1.3048,0.008,0.7574,101.591,12.17,85.632
2016-10-26 16:00:00,0.1165,0.1023,1.3686,0.0084,0.8709,101.656,15.19,243.014
2016-10-26 17:00:00,0.2573,0.2281,1.4325,0.0088,1.0164,101.722,18.22,394.238
2016-10-26 18:00:00,0.3648,0.321,1.4964,0.0092,1.18,101.788,21.24,509.029
2016-10-26 19:00:00,0.4468,0.3857,1.4405,0.0089,1.5306,101.701,22.89,582.368
2016-10-26 20:00:00,0.5021,0.423,1.3847,0.0085,1.8968,101.615,24.53,609.793
2016-10-26 21:00:00,0.5143,0.4174,1.3289,0.0082,2.2711,101.529,26.17,566.458
2016-10-26 22:00:00,0.4519,0.3558,1.3266,0.0082,2.3336,101.485,26.45,470.864
2016-10-26 23:00:00,0.3572,0.2633,1.3242,0.0082,2.4141,101.44,26.73,330.104
2016-10-27 00:00:00,0.2393,0.1485,1.3219,0.0081,2.5088,101.396,27.01,156.612
2016-10-27 01:00:00,0.0561,0.0354,1.3043,0.008,1.8993,101.356,24.34,19.785
2016-10-27 02:00:00,0.0466,0.03,1.2867,0.0079,2.3203,101.316,21.68,0.0
2016-10-27 03:00:00,0.0485,0.0344,1.2692,0.0078,3.4166,101.276,19.02,0.0
2016-10-27 04:00:00,0.0366,0.0254,1.2886,0.0079,3.1879,101.33,18.05,0.0
2016-10-27 05:00:00,0.0254,0.0169,1.3081,0.0081,2.9694,101.384,17.08,0.0
2016-10-27 06:00:00,0.0148,0.009,1.3276,0.0082,2.7549,101.438,16.11,0.0
2016-10-27 07:00:00,0.0057,0.0019,1.3516,0.0083,2.1223,101.455,16.13,0.0
2016-10-27 08:00:00,-0.0054,-0.0061,1.3757,0.0085,1.4956,101.472,16.16,0.0
2016-10-27 09:00:00,-0.0192,-0.015,1.3998,0.0086,0.8959,101.489,16.18,0.0
2016-10-27 10:00:00,-0.0296,-0.0211,1.4415,0.0089,0.5576,101.444,16.12,0.0
2016-10-27 11:00:00,-0.0331,-0.023,1.4832,0.0091,0.4617,101.4,16.06,0.0
2016-10-27 12:00:00,-0.027,-0.0196,1.5248,0.0094,0.7185,101.356,16.01,0.0
2016-10-27 13:00:00,-0.0282,-0.0203,1.5118,0.0093,0.6573,101.367,15.98,0.0
2016-10-27 14:00:00,-0.0267,-0.0195,1.4989,0.0092,0.712,101.378,15.95,0.0
2016-10-27 15:00:00,-0.014,-0.0109,1.486,0.0092,0.8548,101.39,15.92,22.32
2016-10-27 16:00:00,-0.0007,-0.0011,1.4357,0.0088,0.65,101.505,15.09,64.874
2016-10-27 17:00:00,0.0796,0.0679,1.3852,0.0085,1.2363,101.622,14.27,105.706
2016-10-27 18:00:00,0.0916,0.0769,1.3346,0.0082,2.0038,101.738,13.44,122.968
2016-10-27 19:00:00,0.104,0.0876,1.4111,0.0087,2.4039,101.67,14.13,140.767
2016-10-27 20:00:00,0.1102,0.0923,1.4875,0.0092,2.8436,101.602,14.82,147.414
2016-10-27 21:00:00,0.1521,0.1307,1.5636,0.0096,3.3048,101.533,15.51,231.12
2016-10-27 22:00:00,0.1301,0.11,1.5648,0.0096,3.2041,101.502,15.57,191.888
2016-10-27 23:00:00,0.0969,0.0785,1.566,0.0097,3.1139,101.471,15.63,134.168
2016-10-28 00:00:00,0.0072,0.0046,1.5672,0.0097,3.0336,101.439,15.69,42.344
2016-10-28 01:00:00,-0.0106,-0.0094,1.5846,0.0098,2.0648,101.361,15.54,4.668
2016-10-28 02:00:00,-0.024,-0.0181,1.602,0.0099,1.1032,101.283,15.39,0.0
2016-10-28 03:00:00,-0.0427,-0.0275,1.6194,0.01,0.1345,101.205,15.24,0.0
2016-10-28 04:00:00,-0.0276,-0.0203,1.6479,0.0102,0.9546,101.186,15.38,0.0
2016-10-28 05:00:00,-0.0196,-0.0157,1.6764,0.0104,1.7678,101.166,15.53,0.0
2016-10-28 06:00:00,-0.015,-0.0128,1.705,0.0106,2.581,101.147,15.68,0.0
2016-10-28 07:00:00,-0.0196,-0.0158,1.7352,0.0107,1.9524,101.145,15.84,0.0
2016-10-28 08:00:00,-0.0252,-0.0191,1.7655,0.0109,1.3369,101.142,16.0,0.0
2016-10-28 09:00:00,-0.0323,-0.0228,1.7957,0.0111,0.7336,101.14,16.17,0.0
2016-10-28 10:00:00,-0.0381,-0.0254,1.8089,0.0112,0.3499,101.086,16.3,0.0
2016-10-28 11:00:00,-0.0328,-0.023,1.8221,0.0113,0.6918,101.033,16.43,0.0
2016-10-28 12:00:00,-0.0261,-0.0196,1.8352,0.0114,1.2713,100.979,16.57,0.0
2016-10-28 13:00:00,-0.0248,-0.0188,1.8132,0.0112,1.3408,100.991,16.52,0.0
2016-10-28 14:00:00,-0.0234,-0.018,1.7912,0.0111,1.4073,101.003,16.47,0.0
2016-10-28 15:00:00,-0.0059,-0.0049,1.7693,0.011,1.4738,101.016,16.42,46.992
2016-10-28 16:00:00,0.0504,0.0429,1.7894,0.0111,1.5608,101.05,16.95,140.052
2016-10-28 17:00:00,0.1489,0.1333,1.8095,0.0112,1.8224,101.084,17.49,229.259
2016-10-28 18:00:00,0.1931,0.1719,1.8297,0.0113,2.2006,101.117,18.02,292.028
2016-10-28 19:00:00,0.2276,0.2047,1.7903,0.0111,1.3418,101.141,18.6,334.534
2016-10-28 20:00:00,0.2408,0.2177,1.7509,0.0108,0.9124,101.164,19.18,350.348
2016-10-28 21:00:00,0.2361,0.2064,1.7115,0.0106,1.3923,101.188,19.76,323.488
2016-10-28 22:00:00,0.199,0.1698,1.7008,0.0105,1.6362,101.227,19.52,268.272
2016-10-28 23:00:00,0.1448,0.117,1.6902,0.0104,1.8886,101.266,19.28,187.072
2016-10-29 00:00:00,0.0311,0.0218,1.6796,0.0104,2.149,101.305,19.04,79.336
2016-10-29 01:00:00,-0.0051,-0.0056,1.6811,0.0104,1.5182,101.301,18.4,7.445
2016-10-29 02:00:00,-0.0225,-0.017,1.6827,0.0104,0.8905,101.296,17.75,0.0
2016-10-29 03:00:00,-0.0373,-0.025,1.6842,0.0104,0.3413,101.29,17.11,0.0
2016-10-29 04:00:00,-0.0336,-0.0233,1.6438,0.0102,0.5,101.313,16.23,0.0
2016-10-29 05:00:00,-0.0212,-0.0165,1.6034,0.0099,1.3379,101.335,15.35,0.0
2016-10-29 06:00:00,-0.0163,-0.0137,1.5629,0.0096,2.1714,101.357,14.47,0.0
2016-10-29 07:00:00,-0.0165,-0.0138,1.5365,0.0095,2.2416,101.317,14.09,0.0
2016-10-29 08:00:00,-0.0168,-0.0141,1.5102,0.0093,2.2981,101.277,13.72,0.0
2016-10-29 09:00:00,-0.017,-0.0142,1.4838,0.0092,2.3691,101.237,13.34,0.0
2016-10-29 10:00:00,-0.0186,-0.0153,1.4674,0.0091,2.044,101.236,13.21,0.0
2016-10-29 11:00:00,-0.0203,-0.0163,1.4508,0.009,1.7621,101.235,13.07,0.0
2016-10-29 12:00:00,-0.0217,-0.0171,1.4343,0.0089,1.5547,101.234,12.93,0.0
2016-10-29 13:00:00,-0.0231,-0.0179,1.4726,0.0091,1.4401,101.234,13.29,0.0
2016-10-29 14:00:00,-0.0242,-0.0186,1.511,0.0093,1.3503,101.234,13.64,0.0
2016-10-29 15:00:00,-0.0115,-0.0089,1.5492,0.0096,1.3005,101.234,14.0,40.384
2016-10-29 16:00:00,0.0365,0.03,1.6068,0.0099,1.3525,101.297,15.4,123.569
2016-10-29 17:00:00,0.1379,0.1221,1.6643,0.0103,1.4763,101.359,16.79,203.238
2016-10-29 18:00:00,0.231,0.2054,1.722,0.0106,1.6476,101.422,18.19,345.104
2016-10-29 19:00:00,0.2834,0.2487,1.7113,0.0106,1.6697,101.385,19.66,395.62
2016-10-29 20:00:00,0.3153,0.2725,1.7008,0.0105,1.7018,101.35,21.12,414.361
2016-10-29 21:00:00,0.3671,0.315,1.6902,0.0104,1.7288,101.314,22.59,479.776
2016-10-29 22:00:00,0.3244,0.2666,1.6558,0.0102,2.1273,101.329,22.83,397.424
2016-10-29 23:00:00,0.2565,0.1937,1.6215,0.01,2.5316,101.344,23.07,276.4
2016-10-30 00:00:00,0.1603,0.0935,1.5871,0.0098,2.9431,101.36,23.31,105.24
2016-10-30 01:00:00,0.0422,0.0283,1.601,0.0099,2.7601,101.302,21.8,8.122
2016-10-30 02:00:00,0.0269,0.0174,1.6149,0.01,2.7505,101.244,20.29,0.0
2016-10-30 03:00:00,0.0162,0.01,1.6287,0.0101,2.918,101.186,18.78,0.0
2016-10-30 04:00:00,0.009,0.0046,1.6058,0.0099,2.6778,101.172,17.97,0.0
2016-10-30 05:00:00,0.0021,-0.0005,1.583,0.0098,2.4376,101.158,17.15,0.0
2016-10-30 06:00:00,-0.0044,-0.0052,1.5602,0.0097,2.1974,101.143,16.33,0.0
2016-10-30 07:00:00,-0.0083,-0.0079,1.5374,0.0095,1.9633,101.124,15.87,0.0
2016-10-30 08:00:00,-0.0121,-0.0106,1.5145,0.0094,1.7404,101.105,15.4,0.0
2016-10-30 09:00:00,-0.0155,-0.0129,1.4917,0.0092,1.54,101.087,14.94,0.0
2016-10-30 10:00:00,-0.0169,-0.0138,1.5063,0.0093,1.4921,101.07,14.92,0.0
2016-10-30 11:00:00,-0.0181,-0.0145,1.521,0.0094,1.4577,101.055,14.91,0.0
2016-10-30 12:00:00,-0.0192,-0.0153,1.5356,0.0095,1.4256,101.039,14.89,0.0
2016-10-30 13:00:00,-0.0255,-0.0191,1.4939,0.0093,1.0096,100.989,14.17,0.0
2016-10-30 14:00:00,-0.0221,-0.0172,1.4521,0.009,1.365,100.938,13.46,0.0
2016-10-30 15:00:00,-0.005,-0.0044,1.4104,0.0087,2.1327,100.887,12.74,48.016
2016-10-30 16:00:00,0.0939,0.0656,1.4185,0.0088,4.0704,100.962,15.09,151.118
2016-10-30 17:00:00,0.2559,0.1871,1.4266,0.0088,6.0776,101.037,17.43,249.766
2016-10-30 18:00:00,0.3631,0.2467,1.4347,0.0089,8.1142,101.112,19.78,231.507
2016-10-30 19:00:00,0.3641,0.2537,1.4208,0.0088,7.5551,101.096,19.54,265.581
2016-10-30 20:00:00,0.3576,0.2521,1.4068,0.0087,7.1984,101.079,19.29,278.21
2016-10-30 21:00:00,0.3849,0.2805,1.3929,0.0086,7.06,101.063,19.05,374.432
2016-10-30 22:00:00,0.3534,0.2505,1.3582,0.0084,6.4989,101.14,19.17,309.824
2016-10-30 23:00:00,0.3004,0.2009,1.3234,0.0082,5.949,101.216,19.29,214.904
2016-10-31 00:00:00,0.0875,0.0701,1.2886,0.008,5.4249,101.292,19.4,92.316
2016-10-31 01:00:00,0.0509,0.0384,1.3073,0.0081,4.5239,101.346,18.21,5.561
2016-10-31 02:00:00,0.0305,0.0216,1.3259,0.0082,3.6509,101.4,17.02,0.0
2016-10-31 03:00:00,0.0128,0.0076,1.3446,0.0083,2.859,101.453,15.83,0.0
2016-10-31 04:00:00,0.0038,0.0007,1.3478,0.0083,2.2536,101.568,15.47,0.0
2016-10-31 05:00:00,-0.0064,-0.0067,1.3511,0.0083,1.6483,101.684,15.11,0.0
2016-10-31 06:00:00,-0.0184,-0.0146,1.3542,0.0083,1.0431,101.799,14.75,0.0
2016-10-31 07:00:00,-0.0227,-0.0172,1.3378,0.0082,0.8576,101.805,14.37,0.0
2016-10-31 08:00:00,-0.0277,-0.0201,1.3213,0.0081,0.6586,101.811,13.99,0.0
2016-10-31 09:00:00,-0.0328,-0.0228,1.3048,0.008,0.4696,101.817,13.61,0.0
2016-10-31 10:00:00,-0.0356,-0.0243,1.2746,0.0078,0.3672,101.791,13.0,0.0
2016-10-31 11:00:00,-0.0382,-0.0255,1.2445,0.0076,0.272,101.765,12.38,0.0
2016-10-31 12:00:00,-0.0408,-0.0267,1.2143,0.0075,0.1769,101.739,11.77,0.0
2016-10-31 13:00:00,-0.0378,-0.0252,1.1931,0.0073,0.2702,101.77,11.2,0.0
2016-10-31 14:00:00,-0.0352,-0.0239,1.1718,0.0072,0.3662,101.8,10.63,0.0
2016-10-31 15:00:00,-0.0052,-0.0038,1.1506,0.0071,0.4632,101.83,10.06,70.736
2016-10-31 16:00:00,0.0904,0.083,1.2177,0.0075,0.3311,101.88,12.3,229.328
2016-10-31 17:00:00,0.211,0.1961,1.2847,0.0079,0.2022,101.931,14.55,380.926
2016-10-31 18:00:00,0.2823,0.263,1.3518,0.0083,0.136,101.982,16.8,472.336
2016-10-31 19:00:00,0.342,0.3113,1.3057,0.008,0.6407,101.86,17.77,542.28
2016-10-31 20:00:00,0.3804,0.3354,1.2596,0.0077,1.2496,101.738,18.74,568.126
2016-10-31 21:00:00,0.3255,0.2692,1.2137,0.0075,1.8627,101.616,19.71,410.336
2016-10-31 22:00:00,0.2841,0.2259,1.2063,0.0074,2.1338,101.514,19.54,339.168
2016-10-31 23:00:00,0.2222,0.1629,1.1988,0.0074,2.4481,101.412,19.37,234.64
2016-11-01 00:00:00,0.1449,0.085,1.1914,0.0073,2.7987,101.31,19.19,114.372
2016-11-01 01:00:00,0.0353,0.0239,1.1811,0.0073,2.7281,101.27,17.58,4.923
2016-11-01 02:00:00,0.024,0.0157,1.1708,0.0072,2.7226,101.23,15.97,0.0
2016-11-01 03:00:00,0.0149,0.0093,1.1605,0.0072,2.7642,101.189,14.36,0.0
2016-11-01 04:00:00,0.01,0.0055,1.1775,0.0073,2.613,101.287,14.01,0.0
2016-11-01 05:00:00,0.0054,0.0021,1.1944,0.0074,2.4727,101.385,13.67,0.0
2016-11-01 06:00:00,0.0008,-0.0014,1.2114,0.0075,2.3224,101.482,13.33,0.0
2016-11-01 07:00:00,0.0015,-0.0008,1.225,0.0075,2.4339,101.493,13.42,0.0
