date,Rainf,LWdown,SWdown,PotEvap,PSurf,Qair,Tair,Wind_E,Wind_N
2016-08-13 08:00:00,0.0,317.71,0.0,0.0366,101270,0.0065,291.83,3.26,0.36
2016-08-13 09:00:00,0.0,306.15,0.0,0.0366,101262,0.0066,290.53,3.05,0.64
2016-08-13 10:00:00,0.0,306.15,0.0,0.0126,101263,0.0066,289.95,2.59,0.65
2016-08-13 11:00:00,0.0,306.15,0.0,0.0126,101264,0.0066,289.37,2.13,0.66
2016-08-13 12:00:00,0.0,309.32,0.0,0.0126,101265,0.0066,288.79,1.67,0.68
2016-08-13 13:00:00,0.0,309.32,0.0,0.0663,101275,0.0067,290.08,1.47,0.58
2016-08-13 14:00:00,0.0,309.31,88.962,0.0663,101285,0.0067,291.38,1.27,0.49
2016-08-13 15:00:00,0.0,353.93,289.34,0.0663,101294,0.0067,292.68,1.07,0.4
2016-08-13 16:00:00,0.0,353.91,469.08,0.6486,101316,0.0067,296.61,1.33,0.34
2016-08-13 17:00:00,0.0,353.9,624.136,0.6486,101338,0.0066,300.54,1.59,0.28
2016-08-13 18:00:00,0.0,406.62,766.297,0.6486,101360,0.0065,304.47,1.85,0.21
2016-08-13 19:00:00,0.0,406.61,894.085,1.1752,101251,0.0064,307.25,1.82,-0.2
2016-08-13 20:00:00,0.0,406.6,971.96,1.1752,101143,0.0063,310.03,1.8,-0.62
2016-08-13 21:00:00,0.0,429.41,963.687,1.1752,101035,0.0061,312.81,1.77,-1.03
2016-08-13 22:00:00,0.0,429.41,880.297,1.1743,100985,0.006,313.59,2.36,-0.88
2016-08-13 23:00:00,0.0,429.41,735.927,1.1743,100933,0.0059,314.38,2.94,-0.72
2016-08-14 00:00:00,0.0,400.14,522.176,1.1743,100883,0.0058,315.16,3.53,-0.57
2016-08-14 01:00:00,0.0,400.14,340.488,0.5914,100844,0.0057,312.12,3.84,-0.58
2016-08-14 02:00:00,0.0,400.15,166.528,0.5914,100804,0.0056,309.07,4.15,-0.59
2016-08-14 03:00:00,0.0,342.56,0.0,0.5914,100764,0.0055,306.02,4.46,-0.6
2016-08-14 04:00:00,0.0,342.57,0.0,0.0988,100808,0.0056,302.93,4.22,-0.39
2016-08-14 05:00:00,0.0,342.58,0.0,0.0988,100852,0.0057,299.83,3.97,-0.18
2016-08-14 06:00:00,0.0,324.79,0.0,0.0988,100895,0.0058,296.73,3.72,0.03
2016-08-14 07:00:00,0.0,324.79,0.0,0.0514,100954,0.0058,295.38,3.45,0.28
2016-08-14 08:00:00,0.0,324.8,0.0,0.0514,101012,0.0058,294.02,3.17,0.53
2016-08-14 09:00:00,0.0,311.85,0.0,0.0514,101071,0.0059,292.67,2.9,0.79
2016-08-14 10:00:00,0.0,311.85,0.0,0.0236,101045,0.0059,291.78,2.55,0.89
2016-08-14 11:00:00,0.0,311.85,0.0,0.0236,101020,0.006,290.9,2.21,0.99
2016-08-14 12:00:00,0.0,317.15,0.0,0.0236,100994,0.006,290.01,1.86,1.09
2016-08-14 13:00:00,0.0,317.14,0.0,0.082,101045,0.006,291.45,1.67,0.81
2016-08-14 14:00:00,0.0,317.14,87.219,0.082,101096,0.0061,292.88,1.49,0.52
2016-08-14 15:00:00,0.0,360.19,286.64,0.082,101146,0.0061,294.31,1.3,0.24
2016-08-14 16:00:00,0.0,360.18,466.2,0.692,101134,0.0061,297.99,1.62,0.29
2016-08-14 17:00:00,0.0,360.16,621.091,0.692,101121,0.0061,301.68,1.93,0.35
2016-08-14 18:00:00,0.0,411.19,762.054,0.692,101109,0.0061,305.36,2.25,0.41
2016-08-14 19:00:00,0.0,411.18,889.339,1.2213,101028,0.006,307.94,2.62,0.17
2016-08-14 20:00:00,0.0,411.18,966.76,1.2213,100946,0.0058,310.51,2.99,-0.07
2016-08-14 21:00:00,0.0,430.91,957.363,1.2213,100864,0.0057,313.09,3.36,-0.3
2016-08-14 22:00:00,0.0,430.91,874.063,1.2228,100853,0.0058,313.56,3.86,-0.34
2016-08-14 23:00:00,0.0,430.91,730.065,1.2228,100842,0.0059,314.02,4.36,-0.39
2016-08-15 00:00:00,0.0,395.71,519.216,1.2228,100831,0.0061,314.49,4.87,-0.43
2016-08-15 01:00:00,0.0,395.72,337.36,0.6195,100811,0.0058,311.4,4.84,-0.73
2016-08-15 02:00:00,0.0,395.73,163.124,0.6195,100791,0.0056,308.31,4.82,-1.03
2016-08-15 03:00:00,0.0,338.54,0.0,0.6195,100771,0.0054,305.22,4.79,-1.33
2016-08-15 04:00:00,0.0,338.55,0.0,0.1021,100844,0.0055,302.12,4.4,-1.02
2016-08-15 05:00:00,0.0,338.55,0.0,0.1021,100917,0.0055,299.03,4.0,-0.7
2016-08-15 06:00:00,0.0,318.57,0.0,0.1021,100989,0.0056,295.93,3.61,-0.39
2016-08-15 07:00:00,0.0,318.58,0.0,0.0526,101007,0.0057,294.45,3.51,-0.24
2016-08-15 08:00:00,0.0,318.58,0.0,0.0526,101025,0.0058,292.96,3.42,-0.08
2016-08-15 09:00:00,0.0,302.16,0.0,0.0526,101044,0.0058,291.48,3.33,0.07
2016-08-15 10:00:00,0.0,302.16,0.0,0.0249,101064,0.0059,290.3,3.18,0.24
2016-08-15 11:00:00,0.0,302.17,0.0,0.0249,101086,0.0059,289.12,3.04,0.41
2016-08-15 12:00:00,0.0,294.42,0.0,0.0249,101106,0.006,287.94,2.9,0.58
2016-08-15 13:00:00,0.0,294.41,0.0,0.0711,101123,0.0061,289.23,2.78,0.37
2016-08-15 14:00:00,0.0,294.41,86.981,0.0711,101141,0.0061,290.51,2.65,0.15
2016-08-15 15:00:00,0.0,332.69,288.621,0.0711,101158,0.0062,291.79,2.53,-0.06
2016-08-15 16:00:00,0.0,332.68,470.936,0.6308,101208,0.0062,295.18,2.69,0.06
2016-08-15 17:00:00,0.0,332.67,628.222,0.6308,101258,0.0063,298.57,2.86,0.19
2016-08-15 18:00:00,0.0,378.71,769.8,0.6308,101308,0.0063,301.96,3.03,0.31
2016-08-15 19:00:00,0.0,378.71,898.53,1.1433,101230,0.0062,304.26,3.13,0.05
2016-08-15 20:00:00,0.0,378.7,976.743,1.1433,101151,0.006,306.57,3.22,-0.21
2016-08-15 21:00:00,0.0,397.12,967.573,1.1433,101071,0.0059,308.87,3.31,-0.47
2016-08-15 22:00:00,0.0,397.12,882.926,1.1283,101004,0.0057,309.48,3.52,-0.48
2016-08-15 23:00:00,0.0,397.12,736.798,1.1283,100937,0.0056,310.1,3.74,-0.48
2016-08-16 00:00:00,0.0,365.96,525.584,1.1283,100869,0.0054,310.72,3.95,-0.49
2016-08-16 01:00:00,0.0,365.97,340.248,0.5624,100902,0.0053,307.69,4.32,-0.57
2016-08-16 02:00:00,0.0,365.98,162.56,0.5624,100935,0.0053,304.66,4.69,-0.65
2016-08-16 03:00:00,0.0,316.96,0.0,0.5624,100968,0.0052,301.62,5.06,-0.72
2016-08-16 04:00:00,0.0,316.97,0.0,0.0792,101040,0.0053,298.64,4.65,-0.65
2016-08-16 05:00:00,0.0,316.98,0.0,0.0792,101113,0.0055,295.67,4.23,-0.58
2016-08-16 06:00:00,0.0,302.42,0.0,0.0792,101186,0.0057,292.69,3.82,-0.52
2016-08-16 07:00:00,0.0,302.43,0.0,0.031,101179,0.0058,291.41,3.54,-0.32
2016-08-16 08:00:00,0.0,302.43,0.0,0.031,101172,0.0059,290.13,3.26,-0.13
2016-08-16 09:00:00,0.0,292.87,0.0,0.031,101164,0.006,288.85,2.98,0.07
2016-08-16 10:00:00,0.0,292.87,0.0,0.0116,101132,0.006,288.12,2.75,0.1
2016-08-16 11:00:00,0.0,292.88,0.0,0.0116,101099,0.0061,287.39,2.52,0.12
2016-08-16 12:00:00,0.0,289.44,0.0,0.0116,101066,0.0061,286.67,2.28,0.15
2016-08-16 13:00:00,0.0,289.43,0.0,0.0544,101087,0.0062,287.93,1.87,0.24
2016-08-16 14:00:00,0.0,289.43,84.714,0.0544,101107,0.0062,289.19,1.46,0.33
2016-08-16 15:00:00,0.0,331.76,286.275,0.0544,101128,0.0063,290.46,1.05,0.42
2016-08-16 16:00:00,0.0,331.74,468.643,0.6035,101159,0.0064,294.26,1.56,0.25
2016-08-16 17:00:00,0.0,331.73,625.939,0.6035,101191,0.0064,298.05,2.08,0.08
2016-08-16 18:00:00,0.0,382.14,767.078,0.6035,101223,0.0065,301.85,2.59,-0.09
2016-08-16 19:00:00,0.0,382.13,895.539,1.1262,101123,0.0063,304.55,2.66,-0.08
2016-08-16 20:00:00,0.0,382.12,973.409,1.1262,101023,0.0061,307.26,2.72,-0.08
2016-08-16 21:00:00,0.0,404.46,962.577,1.1262,100924,0.0059,309.96,2.79,-0.08
2016-08-16 22:00:00,0.0,404.46,877.908,1.124,100872,0.0057,310.75,2.97,-0.22
2016-08-16 23:00:00,0.0,404.46,731.904,1.124,100821,0.0054,311.53,3.15,-0.35
2016-08-17 00:00:00,0.0,372.63,519.472,1.124,100770,0.0052,312.32,3.33,-0.49
2016-08-17 01:00:00,0.0,372.64,335.024,0.5065,100772,0.005,309.22,3.55,-0.58
2016-08-17 02:00:00,0.0,372.65,158.06,0.5065,100773,0.0047,306.12,3.78,-0.67
2016-08-17 03:00:00,0.0,326.2,0.0,0.5065,100775,0.0044,303.03,4.0,-0.75
2016-08-17 04:00:00,0.0,326.21,0.0,0.0765,100826,0.0046,300.16,3.86,-0.63
2016-08-17 05:00:00,0.0,326.21,0.0,0.0765,100876,0.0048,297.29,3.73,-0.51
2016-08-17 06:00:00,0.0,314.47,0.0,0.0765,100927,0.0049,294.43,3.59,-0.39
2016-08-17 07:00:00,0.0,314.47,0.0,0.0447,100924,0.0051,293.12,3.46,-0.2
2016-08-17 08:00:00,0.0,314.48,0.0,0.0447,100921,0.0052,291.81,3.33,-0.01
2016-08-17 09:00:00,0.0,305.38,0.0,0.0447,100918,0.0053,290.5,3.19,0.18
2016-08-17 10:00:00,0.0,305.38,0.0,0.025,100921,0.0054,289.61,3.02,0.4
2016-08-17 11:00:00,0.0,305.38,0.0,0.025,100924,0.0055,288.72,2.84,0.62
2016-08-17 12:00:00,0.0,311.87,0.0,0.025,100927,0.0056,287.82,2.67,0.83
2016-08-17 13:00:00,0.0,311.87,0.0,0.0746,100951,0.0057,289.32,2.01,0.91
2016-08-17 14:00:00,0.0,311.87,80.311,0.0746,100974,0.0058,290.82,1.36,0.99
2016-08-17 15:00:00,0.0,352.73,279.563,0.0746,100997,0.0059,292.32,0.71,1.07
2016-08-17 16:00:00,0.0,352.72,459.172,0.6426,100997,0.0061,296.04,0.91,0.95
2016-08-17 17:00:00,0.0,352.71,614.065,0.6426,100997,0.0062,299.76,1.11,0.83
2016-08-17 18:00:00,0.0,403.07,756.378,0.6426,100998,0.0064,303.48,1.31,0.71
2016-08-17 19:00:00,0.0,403.06,883.212,1.1489,100904,0.0062,306.16,1.38,0.78
2016-08-17 20:00:00,0.0,403.05,959.973,1.1489,100810,0.0061,308.85,1.45,0.85
2016-08-17 21:00:00,0.0,424.2,950.201,1.1489,100716,0.0059,311.53,1.53,0.92
2016-08-17 22:00:00,0.0,424.2,866.144,1.1425,100663,0.0059,312.29,2.12,0.75
2016-08-17 23:00:00,0.0,424.19,721.391,1.1425,100612,0.0059,313.04,2.71,0.58
2016-08-18 00:00:00,0.0,406.2,500.336,1.1425,100560,0.0058,313.8,3.3,0.42
2016-08-18 01:00:00,0.0,406.21,321.408,0.5412,100565,0.006,310.75,3.7,0.08
2016-08-18 02:00:00,0.0,406.22,149.64,0.5412,100570,0.0062,307.71,4.09,-0.25
2016-08-18 03:00:00,0.0,352.42,0.0,0.5412,100574,0.0064,304.66,4.48,-0.58
2016-08-18 04:00:00,0.0,352.42,0.0,0.1149,100639,0.0066,301.93,4.55,-0.52
2016-08-18 05:00:00,0.0,352.43,0.0,0.1149,100703,0.0068,299.2,4.61,-0.46
2016-08-18 06:00:00,0.0,336.0,0.0,0.1149,100768,0.0069,296.46,4.68,-0.4
2016-08-18 07:00:00,0.0,336.0,0.0,0.0522,100788,0.007,295.07,4.09,-0.31
2016-08-18 08:00:00,0.0,336.01,0.0,0.0522,100809,0.0071,293.67,3.5,-0.22
2016-08-18 09:00:00,0.0,322.59,0.0,0.0522,100829,0.0072,292.27,2.92,-0.13
2016-08-18 10:00:00,0.0,322.6,0.0,0.0249,100839,0.0072,291.33,2.79,0.11
2016-08-18 11:00:00,0.0,322.6,0.0,0.0249,100849,0.0072,290.39,2.66,0.35
2016-08-18 12:00:00,0.0,321.4,0.0,0.0249,100858,0.0073,289.45,2.53,0.59
2016-08-18 13:00:00,0.0,321.4,0.0,0.0702,100891,0.0074,290.76,2.16,0.71
2016-08-18 14:00:00,0.0,321.39,77.51,0.0702,100924,0.0074,292.07,1.79,0.82
2016-08-18 15:00:00,0.0,360.53,275.393,0.0702,100958,0.0075,293.38,1.42,0.93
2016-08-18 16:00:00,0.0,360.53,453.866,0.6244,101001,0.0075,296.5,1.42,0.92
2016-08-18 17:00:00,0.0,360.52,607.747,0.6244,101045,0.0075,299.62,1.43,0.91
2016-08-18 18:00:00,0.0,410.28,749.576,0.6244,101089,0.0075,302.74,1.43,0.9
2016-08-18 19:00:00,0.0,410.27,875.459,1.1245,101018,0.0074,305.41,1.52,0.75
2016-08-18 20:00:00,0.0,410.26,951.468,1.1245,100947,0.0074,308.08,1.62,0.6
2016-08-18 21:00:00,0.0,431.32,942.649,1.1245,100876,0.0073,310.75,1.71,0.44
2016-08-18 22:00:00,0.0,431.32,858.753,1.1189,100796,0.0072,311.62,2.06,0.34
2016-08-18 23:00:00,0.0,431.32,714.537,1.1189,100718,0.007,312.5,2.41,0.24
2016-08-19 00:00:00,0.0,410.29,494.336,1.1189,100638,0.0069,313.37,2.75,0.14
2016-08-19 01:00:00,0.0,410.3,316.264,0.536,100638,0.0069,310.53,3.32,-0.09
2016-08-19 02:00:00,0.0,410.31,145.212,0.536,100639,0.007,307.68,3.89,-0.32
2016-08-19 03:00:00,0.0,356.66,0.0,0.536,100640,0.007,304.84,4.46,-0.55
2016-08-19 04:00:00,0.0,356.67,0.0,0.1123,100707,0.0071,302.19,4.45,-0.45
2016-08-19 05:00:00,0.0,356.68,0.0,0.1123,100775,0.0072,299.55,4.45,-0.34
2016-08-19 06:00:00,0.0,339.96,0.0,0.1123,100842,0.0073,296.9,4.44,-0.24
2016-08-19 07:00:00,0.0,339.96,0.0,0.0554,100839,0.0074,295.48,3.9,-0.16
2016-08-19 08:00:00,0.0,339.97,0.0,0.0554,100836,0.0074,294.06,3.37,-0.07
2016-08-19 09:00:00,0.0,328.53,0.0,0.0554,100832,0.0075,292.65,2.83,0.01
2016-08-19 10:00:00,0.0,328.54,0.0,0.03,100853,0.0075,291.68,2.81,0.22
2016-08-19 11:00:00,0.0,328.54,0.0,0.03,100874,0.0076,290.72,2.8,0.42
2016-08-19 12:00:00,0.0,319.23,0.0,0.03,100895,0.0076,289.75,2.78,0.63
2016-08-19 13:00:00,0.0,319.22,0.0,0.075,100958,0.0075,291.03,2.63,0.73
2016-08-19 14:00:00,0.0,319.22,75.368,0.075,101021,0.0075,292.31,2.48,0.83
2016-08-19 15:00:00,0.0,354.82,273.349,0.075,101083,0.0074,293.58,2.32,0.94
2016-08-19 16:00:00,0.0,354.81,452.024,0.6441,101139,0.0074,296.44,2.73,0.94
2016-08-19 17:00:00,0.0,354.8,606.078,0.6441,101195,0.0073,299.3,3.13,0.95
2016-08-19 18:00:00,0.0,397.13,749.019,0.6441,101250,0.0073,302.15,3.53,0.96
2016-08-19 19:00:00,0.0,397.12,874.947,1.1216,101136,0.0072,304.41,3.4,0.8
2016-08-19 20:00:00,0.0,397.11,950.85,1.1216,101023,0.0071,306.67,3.26,0.63
2016-08-19 21:00:00,0.0,414.98,942.761,1.1216,100910,0.007,308.92,3.13,0.47
2016-08-19 22:00:00,0.0,414.98,858.361,1.108,100871,0.007,309.62,3.77,0.37
2016-08-19 23:00:00,0.0,414.97,713.474,1.108,100832,0.0069,310.32,4.42,0.27
2016-08-20 00:00:00,0.0,389.86,493.968,1.108,100794,0.0068,311.02,5.06,0.17
2016-08-20 01:00:00,0.0,389.86,314.712,0.6048,100797,0.0068,308.41,5.33,0.03
2016-08-20 02:00:00,0.0,389.87,142.392,0.6048,100801,0.0067,305.8,5.6,-0.11
2016-08-20 03:00:00,0.0,340.88,0.0,0.6048,100805,0.0067,303.19,5.87,-0.25
2016-08-20 04:00:00,0.0,340.89,0.0,0.1351,100887,0.0068,300.18,5.54,-0.25
2016-08-20 05:00:00,0.0,340.9,0.0,0.1351,100969,0.007,297.16,5.2,-0.25
2016-08-20 06:00:00,0.0,324.49,0.0,0.1351,101051,0.0071,294.15,4.87,-0.25
2016-08-20 07:00:00,0.0,324.5,0.0,0.0416,101070,0.0072,292.91,4.15,-0.2
2016-08-20 08:00:00,0.0,324.5,0.0,0.0416,101090,0.0072,291.68,3.43,-0.15
2016-08-20 09:00:00,0.0,312.9,0.0,0.0416,101109,0.0073,290.45,2.72,-0.09
2016-08-20 10:00:00,0.0,312.9,0.0,0.0159,101099,0.0073,289.52,2.73,-0.01
2016-08-20 11:00:00,0.0,312.9,0.0,0.0159,101089,0.0074,288.58,2.74,0.06
2016-08-20 12:00:00,0.0,313.8,0.0,0.0159,101079,0.0074,287.65,2.74,0.14
2016-08-20 13:00:00,0.0,313.79,0.0,0.0578,101155,0.0074,289.07,2.37,0.39
2016-08-20 14:00:00,0.0,313.79,73.118,0.0578,101232,0.0074,290.48,2.0,0.64
2016-08-20 15:00:00,0.0,351.14,270.982,0.0578,101309,0.0074,291.9,1.63,0.88
2016-08-20 16:00:00,0.0,351.13,449.658,0.6013,101304,0.0073,294.89,2.16,0.69
2016-08-20 17:00:00,0.0,351.12,603.699,0.6013,101298,0.0073,297.89,2.69,0.5
2016-08-20 18:00:00,0.0,397.89,745.946,0.6013,101293,0.0072,300.88,3.22,0.3
2016-08-20 19:00:00,0.0,397.88,871.525,1.1028,101229,0.0072,303.47,3.17,0.33
2016-08-20 20:00:00,0.0,397.87,947.052,1.1028,101166,0.0071,306.06,3.13,0.36
2016-08-20 21:00:00,0.0,418.17,936.701,1.1028,101103,0.007,308.65,3.09,0.38
2016-08-20 22:00:00,0.0,418.17,852.323,1.1193,101012,0.007,309.28,4.06,0.33
2016-08-20 23:00:00,0.0,418.16,707.703,1.1193,100922,0.0069,309.92,5.02,0.27
2016-08-21 00:00:00,0.0,388.64,489.808,1.1193,100832,0.0069,310.55,5.99,0.21
2016-08-21 01:00:00,0.0,388.65,310.704,0.6053,100832,0.0068,307.96,6.08,0.02
2016-08-21 02:00:00,0.0,388.65,138.424,0.6053,100832,0.0067,305.36,6.17,-0.17
2016-08-21 03:00:00,0.0,340.54,0.0,0.6053,100832,0.0066,302.77,6.26,-0.37
2016-08-21 04:00:00,0.0,340.55,0.0,0.1277,100890,0.0068,299.63,5.58,-0.2
2016-08-21 05:00:00,0.0,340.56,0.0,0.1277,100948,0.0069,296.5,4.9,-0.03
2016-08-21 06:00:00,0.0,325.63,0.0,0.1277,101007,0.007,293.37,4.22,0.15
2016-08-21 07:00:00,0.0,325.64,0.0,0.0393,101013,0.0071,292.23,3.69,0.15
2016-08-21 08:00:00,0.0,325.64,0.0,0.0393,101020,0.0072,291.1,3.16,0.15
2016-08-21 09:00:00,0.0,315.89,0.0,0.0393,101026,0.0072,289.96,2.63,0.16
2016-08-21 10:00:00,0.0,315.89,0.0,0.0163,101023,0.0073,289.17,2.49,0.25
2016-08-21 11:00:00,0.0,315.89,0.0,0.0163,101020,0.0073,288.38,2.36,0.35
2016-08-21 12:00:00,0.0,307.43,0.0,0.0163,101017,0.0074,287.6,2.23,0.45
2016-08-21 13:00:00,0.0,307.42,0.0,0.0571,101076,0.0073,288.86,2.41,0.52
2016-08-21 14:00:00,0.0,307.42,71.648,0.0571,101134,0.0073,290.12,2.6,0.58
2016-08-21 15:00:00,0.0,343.71,269.158,0.0571,101192,0.0073,291.39,2.79,0.65
2016-08-21 16:00:00,0.0,343.7,448.183,0.5926,101209,0.0073,294.18,3.08,0.58
2016-08-21 17:00:00,0.0,343.7,602.491,0.5926,101224,0.0072,296.97,3.36,0.5
2016-08-21 18:00:00,0.0,389.01,743.507,0.5926,101240,0.0072,299.77,3.65,0.43
2016-08-21 19:00:00,0.0,389.0,868.804,1.0614,101144,0.0071,302.13,3.41,0.47
2016-08-21 20:00:00,0.0,388.99,944.001,1.0614,101049,0.007,304.49,3.16,0.5
2016-08-21 21:00:00,0.0,410.22,927.941,1.0614,100953,0.007,306.86,2.92,0.54
2016-08-21 22:00:00,0.0,410.22,843.826,1.0904,100932,0.0069,307.53,3.76,0.64
2016-08-21 23:00:00,0.0,410.22,699.885,1.0904,100912,0.0069,308.2,4.59,0.74
2016-08-22 00:00:00,0.0,383.9,482.256,1.0904,100892,0.0069,308.87,5.43,0.83
2016-08-22 01:00:00,0.0,383.91,304.544,0.5699,100909,0.0067,306.25,5.4,0.59
2016-08-22 02:00:00,0.0,383.92,133.484,0.5699,100927,0.0066,303.62,5.37,0.36
2016-08-22 03:00:00,0.0,338.59,0.0,0.5699,100944,0.0065,300.99,5.34,0.12
2016-08-22 04:00:00,0.0,338.6,0.0,0.1176,100989,0.0066,298.25,4.97,-0.01
2016-08-22 05:00:00,0.0,338.6,0.0,0.1176,101035,0.0068,295.52,4.6,-0.14
2016-08-22 06:00:00,0.0,324.25,0.0,0.1176,101081,0.0069,292.78,4.23,-0.27
2016-08-22 07:00:00,0.0,324.25,0.0,0.0373,101100,0.007,291.65,3.74,-0.24
2016-08-22 08:00:00,0.0,324.26,0.0,0.0373,101120,0.0071,290.53,3.25,-0.22
2016-08-22 09:00:00,0.0,324.76,0.0,0.0373,101138,0.0072,289.4,2.76,-0.19
2016-08-22 10:00:00,0.0,324.76,0.0,0.0188,101151,0.0072,289.09,2.49,-0.02
2016-08-22 11:00:00,0.0,324.76,0.0,0.0188,101163,0.0073,288.78,2.22,0.15
2016-08-22 12:00:00,0.0,322.86,0.0,0.0188,101176,0.0073,288.47,1.95,0.32
2016-08-22 13:00:00,0.0,322.86,0.0,0.0588,101230,0.0073,289.48,2.04,0.25
2016-08-22 14:00:00,0.0,322.86,68.552,0.0588,101284,0.0074,290.49,2.12,0.18
2016-08-22 15:00:00,0.0,352.55,254.321,0.0588,101339,0.0074,291.5,2.2,0.1
2016-08-22 16:00:00,0.0,352.54,425.011,0.5428,101281,0.0074,294.22,2.08,0.01
2016-08-22 17:00:00,0.0,352.53,572.088,0.5428,101224,0.0075,296.93,1.95,-0.09
2016-08-22 18:00:00,0.0,395.55,740.479,0.5428,101166,0.0075,299.65,1.82,-0.18
2016-08-22 19:00:00,0.0,395.54,865.423,1.0512,101124,0.0074,302.45,2.28,-0.55
2016-08-22 20:00:00,0.0,395.54,940.236,1.0512,101081,0.0072,305.24,2.74,-0.91
2016-08-22 21:00:00,0.0,418.13,929.089,1.0512,101039,0.0071,308.04,3.2,-1.27
2016-08-22 22:00:00,0.0,418.12,844.316,1.1179,101006,0.007,308.99,4.17,-1.2
2016-08-22 23:00:00,0.0,418.12,699.521,1.1179,100973,0.007,309.95,5.14,-1.13
2016-08-23 00:00:00,0.0,387.62,481.424,1.1179,100941,0.0069,310.91,6.1,-1.06
2016-08-23 01:00:00,0.0,387.63,302.608,0.5848,100978,0.0067,308.0,5.88,-0.76
2016-08-23 02:00:00,0.0,387.63,130.372,0.5848,101015,0.0066,305.09,5.65,-0.46
2016-08-23 03:00:00,0.0,340.96,0.0,0.5848,101051,0.0064,302.18,5.43,-0.16
2016-08-23 04:00:00,0.0,340.97,0.0,0.1191,101132,0.0066,299.44,4.98,-0.09
2016-08-23 05:00:00,0.0,340.98,0.0,0.1191,101213,0.0067,296.69,4.52,-0.02
2016-08-23 06:00:00,0.0,324.38,0.0,0.1191,101295,0.0068,293.95,4.07,0.05
2016-08-23 07:00:00,0.0,324.38,0.0,0.0414,101312,0.0069,292.71,3.62,0.19
2016-08-23 08:00:00,0.0,324.38,0.0,0.0414,101329,0.007,291.47,3.18,0.33
2016-08-23 09:00:00,0.0,313.95,0.0,0.0414,101347,0.0071,290.23,2.73,0.47
2016-08-23 10:00:00,0.0,313.96,0.0,0.0146,101376,0.0071,289.55,2.65,0.38
2016-08-23 11:00:00,0.0,313.96,0.0,0.0146,101406,0.0072,288.86,2.58,0.29
2016-08-23 12:00:00,0.0,311.86,0.0,0.0146,101436,0.0072,288.18,2.5,0.19
2016-08-23 13:00:00,0.0,311.86,0.0,0.0497,101494,0.0073,289.24,2.04,0.22
2016-08-23 14:00:00,0.0,311.85,67.126,0.0497,101553,0.0073,290.3,1.58,0.25
2016-08-23 15:00:00,0.0,347.48,264.621,0.0497,101611,0.0073,291.35,1.12,0.28
2016-08-23 16:00:00,0.0,347.47,443.776,0.5791,101630,0.0072,294.52,1.78,0.22
2016-08-23 17:00:00,0.0,347.46,598.166,0.5791,101649,0.0072,297.68,2.44,0.15
2016-08-23 18:00:00,0.0,392.33,737.249,0.5791,101668,0.0072,300.85,3.1,0.09
2016-08-23 19:00:00,0.0,392.33,861.77,1.0832,101597,0.0069,303.41,3.41,-0.3
2016-08-23 20:00:00,0.0,392.32,936.177,1.0832,101527,0.0067,305.97,3.73,-0.69
2016-08-23 21:00:00,0.0,410.56,928.746,1.0832,101456,0.0065,308.53,4.04,-1.08
2016-08-23 22:00:00,0.0,410.56,843.446,1.1059,101424,0.0063,309.29,4.3,-1.01
2016-08-23 23:00:00,0.0,410.56,697.998,1.1059,101391,0.0061,310.05,4.56,-0.94
2016-08-24 00:00:00,0.0,389.37,477.44,1.1059,101359,0.0059,310.81,4.81,-0.87
2016-08-24 01:00:00,0.0,389.38,298.664,0.5421,101337,0.006,307.8,4.86,-0.82
2016-08-24 02:00:00,0.0,389.39,126.356,0.5421,101316,0.0061,304.79,4.91,-0.77
2016-08-24 03:00:00,0.0,339.24,0.0,0.5421,101293,0.0062,301.78,4.96,-0.71
2016-08-24 04:00:00,0.0,339.25,0.0,0.0988,101416,0.0063,299.2,4.57,-0.45
2016-08-24 05:00:00,0.0,339.25,0.0,0.0988,101539,0.0064,296.61,4.19,-0.19
2016-08-24 06:00:00,0.0,320.03,0.0,0.0988,101662,0.0065,294.03,3.8,0.07
2016-08-24 07:00:00,0.0,320.03,0.0,0.0399,101640,0.0065,292.79,3.53,0.03
2016-08-24 08:00:00,0.0,320.03,0.0,0.0399,101617,0.0066,291.55,3.27,-0.01
2016-08-24 09:00:00,0.0,305.13,0.0,0.0399,101594,0.0066,290.31,3.0,-0.04
2016-08-24 10:00:00,0.0,305.13,0.0,0.0154,101634,0.0067,289.44,2.79,-0.06
2016-08-24 11:00:00,0.0,305.14,0.0,0.0154,101673,0.0067,288.57,2.58,-0.09
2016-08-24 12:00:00,0.0,290.14,0.0,0.0154,101713,0.0067,287.7,2.37,-0.11
2016-08-24 13:00:00,0.0,290.14,0.0,0.0447,101702,0.0067,288.49,1.87,0.17
2016-08-24 14:00:00,0.0,290.13,67.279,0.0447,101691,0.0066,289.27,1.38,0.45
2016-08-24 15:00:00,0.0,327.05,268.545,0.0447,101680,0.0066,290.05,0.89,0.73
2016-08-24 16:00:00,0.0,327.04,452.007,0.5829,101681,0.0063,293.78,1.63,0.35
2016-08-24 17:00:00,0.0,327.03,610.05,0.5829,101681,0.0061,297.51,2.36,-0.03
2016-08-24 18:00:00,0.0,369.27,754.228,0.5829,101681,0.0058,301.23,3.1,-0.4
2016-08-24 19:00:00,0.0,369.26,881.748,1.1361,101592,0.0053,303.78,3.56,-0.62
2016-08-24 20:00:00,0.0,369.26,957.777,1.1361,101502,0.0049,306.33,4.02,-0.83
2016-08-24 21:00:00,0.0,381.74,947.374,1.1361,101411,0.0044,308.87,4.47,-1.04
2016-08-24 22:00:00,0.0,381.74,859.794,1.1417,101345,0.0041,309.43,4.78,-1.06
2016-08-24 23:00:00,0.0,381.74,710.689,1.1417,101277,0.0038,309.98,5.09,-1.08
2016-08-25 00:00:00,0.0,365.29,485.632,1.1417,101210,0.0036,310.54,5.4,-1.1
2016-08-25 01:00:00,0.0,365.29,302.28,0.5479,101197,0.0038,307.25,5.21,-0.83
2016-08-25 02:00:00,0.0,365.3,125.448,0.5479,101185,0.004,303.97,5.03,-0.55
2016-08-25 03:00:00,0.0,317.35,0.0,0.5479,101173,0.0042,300.69,4.84,-0.28
2016-08-25 04:00:00,0.0,317.35,0.0,0.0892,101217,0.0044,298.02,4.41,-0.03
2016-08-25 05:00:00,0.0,317.36,0.0,0.0892,101262,0.0045,295.36,3.97,0.22
2016-08-25 06:00:00,0.0,300.6,0.0,0.0892,101306,0.0047,292.69,3.54,0.46
2016-08-25 07:00:00,0.0,300.6,0.0,0.0436,101271,0.0048,291.45,3.27,0.45
2016-08-25 08:00:00,0.0,300.6,0.0,0.0436,101237,0.0049,290.2,3.0,0.44
2016-08-25 09:00:00,0.0,288.49,0.0,0.0436,101202,0.005,288.96,2.73,0.42
2016-08-25 10:00:00,0.0,288.49,0.0,0.0181,101216,0.005,287.95,2.66,0.44
2016-08-25 11:00:00,0.0,288.49,0.0,0.0181,101231,0.0051,286.94,2.58,0.46
2016-08-25 12:00:00,0.0,289.0,0.0,0.0181,101245,0.0052,285.93,2.51,0.47
2016-08-25 13:00:00,0.0,289.0,0.0,0.0548,101288,0.0053,287.01,1.99,0.43
2016-08-25 14:00:00,0.0,288.99,64.778,0.0548,101332,0.0053,288.09,1.47,0.39
2016-08-25 15:00:00,0.0,326.88,265.312,0.0548,101375,0.0054,289.17,0.96,0.34
2016-08-25 16:00:00,0.0,326.87,448.227,0.5858,101346,0.0054,292.93,1.67,0.04
2016-08-25 17:00:00,0.0,326.86,605.767,0.5858,101318,0.0055,296.7,2.38,-0.27
2016-08-25 18:00:00,0.0,371.87,747.969,0.5858,101290,0.0055,300.46,3.1,-0.58
2016-08-25 19:00:00,0.0,371.86,874.568,1.0782,101217,0.0053,303.06,2.94,-0.5
2016-08-25 20:00:00,0.0,371.85,949.849,1.0782,101145,0.0051,305.65,2.79,-0.42
2016-08-25 21:00:00,0.0,391.09,917.084,1.0782,101072,0.0049,308.24,2.63,-0.34
2016-08-25 22:00:00,0.0,391.08,831.721,1.0723,100984,0.0048,308.84,3.41,-0.31
2016-08-25 23:00:00,0.0,391.08,686.651,1.0723,100896,0.0047,309.44,4.19,-0.28
2016-08-26 00:00:00,0.0,358.88,484.768,1.0723,100808,0.0046,310.04,4.97,-0.25
2016-08-26 01:00:00,0.0,358.89,300.2,0.4977,100801,0.0048,306.5,4.93,-0.25
2016-08-26 02:00:00,0.0,358.9,122.072,0.4977,100793,0.0049,302.96,4.89,-0.25
2016-08-26 03:00:00,0.0,312.68,0.0,0.4977,100786,0.0051,299.42,4.85,-0.25
2016-08-26 04:00:00,0.0,312.69,0.0,0.0744,100858,0.0053,296.77,4.47,-0.2
2016-08-26 05:00:00,0.0,312.7,0.0,0.0744,100930,0.0055,294.12,4.1,-0.14
2016-08-26 06:00:00,0.0,298.46,0.0,0.0744,101002,0.0057,291.47,3.72,-0.09
2016-08-26 07:00:00,0.0,298.46,0.0,0.0308,101040,0.0059,290.27,3.45,-0.14
2016-08-26 08:00:00,0.0,298.46,0.0,0.0308,101077,0.006,289.07,3.17,-0.19
2016-08-26 09:00:00,0.0,288.66,0.0,0.0308,101115,0.0062,287.86,2.9,-0.23
2016-08-26 10:00:00,0.0,288.66,0.0,0.0052,101140,0.0063,287.39,2.58,-0.26
2016-08-26 11:00:00,0.0,288.66,0.0,0.0052,101165,0.0064,286.92,2.27,-0.29
2016-08-26 12:00:00,0.0,283.37,0.0,0.0052,101189,0.0065,286.45,1.96,-0.32
2016-08-26 13:00:00,0.0,283.37,0.0,0.0324,101233,0.0066,287.06,1.69,-0.19
2016-08-26 14:00:00,0.0,283.37,62.833,0.0324,101275,0.0066,287.67,1.42,-0.05
2016-08-26 15:00:00,0.0,321.32,263.216,0.0324,101318,0.0067,288.28,1.15,0.08
2016-08-26 16:00:00,0.0,321.31,446.338,0.5247,101346,0.0068,291.63,1.74,-0.14
2016-08-26 17:00:00,0.0,321.3,604.005,0.5247,101373,0.0069,294.98,2.34,-0.36
2016-08-26 18:00:00,0.0,365.49,747.235,0.5247,101400,0.0069,298.33,2.94,-0.57
2016-08-26 19:00:00,0.0,365.48,873.842,1.0031,101362,0.0067,300.86,2.63,-0.37
2016-08-26 20:00:00,0.0,365.48,948.929,1.0031,101324,0.0065,303.38,2.33,-0.17
2016-08-26 21:00:00,0.0,385.04,936.189,1.0031,101285,0.0062,305.9,2.03,0.04
2016-08-26 22:00:00,0.0,385.04,848.426,1.0071,101201,0.006,306.7,2.46,-0.26
2016-08-26 23:00:00,0.0,385.04,699.578,1.0071,101116,0.0057,307.5,2.89,-0.56
2016-08-27 00:00:00,0.0,368.16,474.08,1.0071,101032,0.0055,308.31,3.33,-0.86
2016-08-27 01:00:00,0.0,368.17,292.024,0.432,101040,0.0057,305.34,3.47,-0.79
2016-08-27 02:00:00,0.0,368.17,116.208,0.432,101049,0.006,302.38,3.61,-0.71
2016-08-27 03:00:00,0.0,323.42,0.0,0.432,101057,0.0062,299.42,3.75,-0.64
2016-08-27 04:00:00,0.0,323.43,0.0,0.0638,101122,0.0064,297.02,3.67,-0.65
2016-08-27 05:00:00,0.0,323.44,0.0,0.0638,101186,0.0066,294.63,3.59,-0.66
2016-08-27 06:00:00,0.0,310.24,0.0,0.0638,101250,0.0067,292.23,3.51,-0.67
2016-08-27 07:00:00,0.0,310.24,0.0,0.0273,101272,0.0069,291.03,3.38,-0.67
2016-08-27 08:00:00,0.0,310.25,0.0,0.0273,101294,0.007,289.83,3.25,-0.67
2016-08-27 09:00:00,0.0,299.62,0.0,0.0273,101316,0.0071,288.62,3.12,-0.67
2016-08-27 10:00:00,0.0,299.62,0.0,0.0052,101303,0.0072,287.84,3.02,-0.53
2016-08-27 11:00:00,0.0,299.62,0.0,0.0052,101291,0.0072,287.05,2.93,-0.39
2016-08-27 12:00:00,0.0,290.24,0.0,0.0052,101278,0.0073,286.26,2.84,-0.26
2016-08-27 13:00:00,0.0,290.24,0.0,0.0288,101315,0.0073,287.21,2.29,-0.1
2016-08-27 14:00:00,0.0,290.23,60.459,0.0288,101352,0.0074,288.16,1.75,0.06
2016-08-27 15:00:00,0.0,327.42,261.11,0.0288,101388,0.0074,289.11,1.21,0.21
2016-08-27 16:00:00,0.0,327.41,444.449,0.539,101443,0.0074,292.69,1.78,-0.05
2016-08-27 17:00:00,0.0,327.4,602.256,0.539,101499,0.0073,296.26,2.36,-0.32
2016-08-27 18:00:00,0.0,371.21,745.357,0.539,101555,0.0073,299.84,2.93,-0.58
2016-08-27 19:00:00,0.0,371.2,871.742,1.0297,101495,0.0071,302.23,3.02,-0.62
2016-08-27 20:00:00,0.0,371.19,946.532,1.0297,101436,0.0069,304.61,3.1,-0.65
2016-08-27 21:00:00,0.0,390.63,931.483,1.0297,101376,0.0067,307.0,3.19,-0.69
2016-08-27 22:00:00,0.0,390.63,843.553,1.0263,101307,0.0064,307.71,3.5,-0.48
2016-08-27 23:00:00,0.0,390.62,694.679,1.0263,101237,0.0062,308.43,3.81,-0.26
2016-08-28 00:00:00,0.0,368.9,469.296,1.0263,101167,0.0059,309.14,4.12,-0.05
2016-08-28 01:00:00,0.0,368.91,287.496,0.4552,101184,0.0061,305.9,4.24,-0.31
2016-08-28 02:00:00,0.0,368.92,111.808,0.4552,101200,0.0062,302.66,4.35,-0.57
2016-08-28 03:00:00,0.0,323.09,0.0,0.4552,101217,0.0064,299.42,4.47,-0.83
2016-08-28 04:00:00,0.0,323.1,0.0,0.0636,101298,0.0065,297.01,4.08,-0.61
2016-08-28 05:00:00,0.0,323.1,0.0,0.0636,101379,0.0067,294.61,3.7,-0.4
2016-08-28 06:00:00,0.0,309.58,0.0,0.0636,101462,0.0068,292.2,3.32,-0.18
2016-08-28 07:00:00,0.0,309.58,0.0,0.0272,101472,0.0069,291.06,3.21,-0.21
2016-08-28 08:00:00,0.0,309.58,0.0,0.0272,101483,0.0069,289.92,3.1,-0.25
2016-08-28 09:00:00,0.0,299.54,0.0,0.0272,101495,0.007,288.78,2.99,-0.28
2016-08-28 10:00:00,0.0,299.54,0.0,0.0078,101504,0.007,287.9,2.9,-0.12
2016-08-28 11:00:00,0.0,299.54,0.0,0.0078,101513,0.0071,287.02,2.81,0.03
2016-08-28 12:00:00,0.0,290.18,0.0,0.0078,101522,0.0071,286.15,2.72,0.19
2016-08-28 13:00:00,0.0,290.18,0.0,0.0304,101560,0.0071,287.02,2.22,0.21
2016-08-28 14:00:00,0.0,290.18,58.325,0.0304,101599,0.0071,287.9,1.72,0.24
2016-08-28 15:00:00,0.0,327.0,258.202,0.0304,101637,0.0072,288.77,1.22,0.27
2016-08-28 16:00:00,0.0,326.99,441.191,0.5297,101686,0.0071,292.38,1.55,0.13
2016-08-28 17:00:00,0.0,326.98,598.661,0.5297,101735,0.007,295.99,1.88,-0.01
2016-08-28 18:00:00,0.0,371.11,740.819,0.5297,101784,0.007,299.61,2.22,-0.14
2016-08-28 19:00:00,0.0,371.11,866.553,1.0205,101730,0.0068,302.22,2.2,-0.13
2016-08-28 20:00:00,0.0,371.1,940.758,1.0205,101676,0.0066,304.83,2.18,-0.11
2016-08-28 21:00:00,0.0,390.95,927.258,1.0205,101622,0.0064,307.44,2.16,-0.1
2016-08-28 22:00:00,0.0,390.94,839.102,1.0289,101525,0.0061,308.32,2.65,-0.14
2016-08-28 23:00:00,0.0,390.94,690.114,1.0289,101428,0.0059,309.2,3.14,-0.18
2016-08-29 00:00:00,0.0,369.45,470.88,1.0289,101330,0.0056,310.07,3.64,-0.23
2016-08-29 01:00:00,0.0,369.46,286.84,0.4685,101337,0.0057,306.76,3.93,-0.46
2016-08-29 02:00:00,0.0,369.47,108.86,0.4685,101343,0.0057,303.44,4.22,-0.69
2016-08-29 03:00:00,0.0,321.62,0.0,0.4685,101349,0.0057,300.13,4.51,-0.92
2016-08-29 04:00:00,0.0,321.63,0.0,0.0796,101447,0.0058,297.59,4.15,-0.75
2016-08-29 05:00:00,0.0,321.64,0.0,0.0796,101545,0.006,295.05,3.79,-0.58
2016-08-29 06:00:00,0.0,306.68,0.0,0.0796,101642,0.0061,292.52,3.43,-0.41
2016-08-29 07:00:00,0.0,306.68,0.0,0.0358,101635,0.0062,291.34,3.26,-0.27
2016-08-29 08:00:00,0.0,306.68,0.0,0.0358,101628,0.0062,290.16,3.08,-0.13
2016-08-29 09:00:00,0.0,296.22,0.0,0.0358,101621,0.0063,288.98,2.91,0.01
2016-08-29 10:00:00,0.0,296.22,0.0,0.0135,101615,0.0064,288.08,2.84,0.08
2016-08-29 11:00:00,0.0,296.23,0.0,0.0135,101609,0.0064,287.18,2.77,0.14
2016-08-29 12:00:00,0.0,286.13,0.0,0.0135,101603,0.0065,286.28,2.71,0.2
2016-08-29 13:00:00,0.0,286.13,0.0,0.0322,101620,0.0065,287.17,1.78,0.18
2016-08-29 14:00:00,0.0,286.13,57.843,0.0322,101637,0.0065,288.07,0.85,0.15
2016-08-29 15:00:00,0.0,326.12,254.833,0.0322,101654,0.0065,288.97,-0.07,0.12
2016-08-29 16:00:00,0.0,326.11,437.13,0.5497,101679,0.0064,292.76,1.09,-0.26
2016-08-29 17:00:00,0.0,326.1,593.976,0.5497,101704,0.0063,296.55,2.26,-0.64
2016-08-29 18:00:00,0.0,370.39,730.345,0.5497,101729,0.0063,300.35,3.42,-1.02
2016-08-29 19:00:00,0.0,370.39,854.416,1.0714,101666,0.006,302.88,3.73,-1.15
2016-08-29 20:00:00,0.0,370.38,927.43,1.0714,101603,0.0057,305.41,4.03,-1.29
2016-08-29 21:00:00,0.0,392.04,878.121,1.0714,101540,0.0055,307.94,4.33,-1.42
2016-08-29 22:00:00,0.0,392.04,794.015,1.043,101435,0.0053,308.51,4.66,-1.25
2016-08-29 23:00:00,0.0,392.04,652.176,1.043,101330,0.0052,309.08,4.99,-1.08
2016-08-30 00:00:00,0.0,359.11,464.952,1.043,101225,0.0051,309.65,5.31,-0.91
2016-08-30 01:00:00,0.0,359.12,281.576,0.4784,101243,0.0052,306.22,5.11,-0.81
2016-08-30 02:00:00,0.0,359.13,104.112,0.4784,101261,0.0053,302.78,4.9,-0.7
2016-08-30 03:00:00,0.0,318.52,0.0,0.4784,101279,0.0054,299.34,4.7,-0.6
2016-08-30 04:00:00,0.0,318.53,0.0,0.073,101307,0.0056,296.96,4.4,-0.27
2016-08-30 05:00:00,0.0,318.53,0.0,0.073,101336,0.0058,294.59,4.1,0.06
2016-08-30 06:00:00,0.0,314.21,0.0,0.073,101364,0.006,292.21,3.8,0.39
2016-08-30 07:00:00,0.0,314.22,0.0,0.0419,101405,0.0062,291.23,3.51,0.44
2016-08-30 08:00:00,0.0,314.22,0.0,0.0419,101446,0.0063,290.25,3.21,0.49
2016-08-30 09:00:00,0.0,305.23,0.0,0.0419,101487,0.0065,289.27,2.92,0.54
2016-08-30 10:00:00,0.0,305.23,0.0,0.0132,101440,0.0066,288.55,2.8,0.64
2016-08-30 11:00:00,0.0,305.23,0.0,0.0132,101393,0.0067,287.83,2.67,0.74
2016-08-30 12:00:00,0.0,295.61,0.0,0.0132,101347,0.0068,287.11,2.55,0.84
2016-08-30 13:00:00,0.0,295.61,0.0,0.0401,101383,0.0068,288.08,1.91,0.8
2016-08-30 14:00:00,0.0,295.61,56.822,0.0401,101419,0.0068,289.06,1.27,0.77
2016-08-30 15:00:00,0.0,348.27,226.545,0.0401,101454,0.0068,290.04,0.63,0.73
2016-08-30 16:00:00,0.0,348.26,390.144,0.5241,101472,0.0068,293.68,1.41,0.64
2016-08-30 17:00:00,0.0,348.25,530.846,0.5241,101490,0.0067,297.31,2.19,0.56
2016-08-30 18:00:00,0.0,387.35,690.808,0.5241,101508,0.0066,300.95,2.97,0.47
2016-08-30 19:00:00,0.0,387.34,808.278,1.0348,101383,0.0063,303.24,3.21,0.38
2016-08-30 20:00:00,0.0,387.33,877.203,1.0348,101259,0.006,305.53,3.45,0.29
2016-08-30 21:00:00,0.0,407.03,823.613,1.0348,101134,0.0058,307.82,3.69,0.2
2016-08-30 22:00:00,0.0,407.03,744.14,1.0033,101109,0.0058,308.11,4.03,0.22
2016-08-30 23:00:00,0.0,407.03,610.384,1.0033,101085,0.0057,308.4,4.38,0.25
2016-08-31 00:00:00,0.0,376.9,449.36,1.0033,101061,0.0057,308.68,4.72,0.27
2016-08-31 01:00:00,0.0,376.91,270.488,0.4407,100995,0.0061,305.72,4.69,0.17
2016-08-31 02:00:00,0.0,376.92,97.268,0.4407,100929,0.0064,302.75,4.66,0.07
2016-08-31 03:00:00,0.0,347.24,0.0,0.4407,100864,0.0068,299.78,4.63,-0.02
2016-08-31 04:00:00,0.0,347.24,0.0,0.0917,100951,0.0069,297.99,4.24,0.16
2016-08-31 05:00:00,0.0,347.25,0.0,0.0917,101038,0.0071,296.2,3.85,0.35
2016-08-31 06:00:00,0.0,336.44,0.0,0.0917,101126,0.0072,294.41,3.47,0.53
2016-08-31 07:00:00,0.0,336.44,0.0,0.0417,101115,0.0073,293.41,3.26,0.51
2016-08-31 08:00:00,0.0,336.45,0.0,0.0417,101104,0.0074,292.41,3.05,0.49
2016-08-31 09:00:00,0.0,324.62,0.0,0.0417,101093,0.0075,291.41,2.84,0.47
2016-08-31 10:00:00,0.0,324.62,0.0,0.0181,101072,0.0075,290.45,2.88,0.49
2016-08-31 11:00:00,0.0,324.62,0.0,0.0181,101051,0.0076,289.5,2.91,0.5
2016-08-31 12:00:00,0.0,299.45,0.0,0.0181,101031,0.0076,288.54,2.94,0.52
2016-08-31 13:00:00,0.0,299.45,0.0,0.0369,101077,0.0076,289.25,2.51,0.55
2016-08-31 14:00:00,0.0,299.44,51.547,0.0369,101124,0.0076,289.97,2.08,0.59
2016-08-31 15:00:00,0.0,334.39,250.047,0.0369,101170,0.0076,290.68,1.65,0.63
2016-08-31 16:00:00,0.0,334.38,432.335,0.5446,101215,0.0076,293.87,2.18,0.58
2016-08-31 17:00:00,0.0,334.37,589.062,0.5446,101261,0.0076,297.07,2.7,0.53
2016-08-31 18:00:00,0.0,377.05,731.048,0.5446,101305,0.0076,300.26,3.22,0.48
2016-08-31 19:00:00,0.0,377.05,855.447,1.0484,101199,0.0073,302.43,3.47,0.49
2016-08-31 20:00:00,0.0,377.04,928.245,1.0484,101093,0.007,304.59,3.71,0.5
2016-08-31 21:00:00,0.0,391.11,910.782,1.0484,100987,0.0068,306.76,3.96,0.52
2016-08-31 22:00:00,0.0,391.11,822.245,1.0599,101009,0.0066,307.02,4.48,0.57
2016-08-31 23:00:00,0.0,391.11,673.52,1.0599,101031,0.0065,307.28,5.0,0.62
2016-09-01 00:00:00,0.0,360.61,465.208,1.0599,101052,0.0063,307.54,5.52,0.67
2016-09-01 01:00:00,0.0,360.61,290.352,0.5069,101003,0.0064,304.63,5.42,0.59
2016-09-01 02:00:00,0.0,360.62,101.348,0.5069,100954,0.0064,301.71,5.32,0.51
2016-09-01 03:00:00,0.0,317.15,0.0,0.5069,100905,0.0065,298.8,5.22,0.43
2016-09-01 04:00:00,0.0,317.16,0.0,0.0823,101007,0.0067,296.26,4.58,0.52
2016-09-01 05:00:00,0.0,317.16,0.0,0.0823,101110,0.0069,293.72,3.94,0.62
2016-09-01 06:00:00,0.0,304.24,0.0,0.0823,101212,0.0071,291.17,3.29,0.72
2016-09-01 07:00:00,0.0,304.24,0.0,0.0213,101192,0.0072,290.21,3.06,0.79
2016-09-01 08:00:00,0.0,304.25,0.0,0.0213,101172,0.0073,289.24,2.84,0.86
2016-09-01 09:00:00,0.0,293.88,0.0,0.0213,101152,0.0074,288.27,2.61,0.93
2016-09-01 10:00:00,0.0,293.88,0.0,-0.0006,101185,0.0074,287.43,2.63,0.61
2016-09-01 11:00:00,0.0,293.89,0.0,-0.0006,101217,0.0074,286.6,2.65,0.29
2016-09-01 12:00:00,0.0,293.11,0.0,-0.0006,101249,0.0074,285.77,2.67,-0.03
2016-09-01 13:00:00,0.0,293.11,0.0,0.0191,101266,0.0075,286.59,1.99,0.24
2016-09-01 14:00:00,0.0,293.11,47.541,0.0191,101284,0.0076,287.41,1.32,0.52
2016-09-01 15:00:00,0.0,327.99,239.454,0.0191,101301,0.0077,288.23,0.64,0.8
2016-09-01 16:00:00,0.0,327.98,407.433,0.4804,101306,0.0078,291.53,1.38,0.77
2016-09-01 17:00:00,0.0,327.97,605.825,0.4804,101311,0.0079,294.84,2.12,0.75
2016-09-01 18:00:00,0.0,369.1,737.209,0.4804,101316,0.0079,298.14,2.85,0.72
2016-09-01 19:00:00,0.0,369.1,844.297,0.9722,101296,0.0077,300.38,3.12,0.43
2016-09-01 20:00:00,0.0,369.09,907.983,0.9722,101276,0.0075,302.62,3.39,0.14
2016-09-01 21:00:00,0.0,383.34,913.129,0.9722,101256,0.0072,304.86,3.66,-0.15
2016-09-01 22:00:00,0.0,383.34,825.985,0.9775,101203,0.007,305.38,3.89,0.03
2016-09-01 23:00:00,0.0,383.33,650.053,0.9775,101150,0.0068,305.91,4.11,0.2
2016-09-02 00:00:00,0.0,347.69,469.992,0.9775,101097,0.0066,306.44,4.34,0.38
2016-09-02 01:00:00,0.0,347.7,291.44,0.4187,101040,0.0063,303.17,4.17,0.29
2016-09-02 02:00:00,0.0,347.71,98.528,0.4187,100983,0.0061,299.91,4.01,0.2
2016-09-02 03:00:00,0.0,305.24,0.0,0.4187,100926,0.0058,296.65,3.85,0.11
2016-09-02 04:00:00,0.0,305.24,0.0,0.0542,101011,0.006,294.45,3.73,0.24
2016-09-02 05:00:00,0.0,305.25,0.0,0.0542,101097,0.0061,292.25,3.61,0.37
2016-09-02 06:00:00,0.0,294.2,0.0,0.0542,101183,0.0063,290.05,3.48,0.49
2016-09-02 07:00:00,0.0,294.2,0.0,0.0175,101183,0.0064,289.15,3.0,0.63
2016-09-02 08:00:00,0.0,294.2,0.0,0.0175,101183,0.0065,288.25,2.52,0.77
2016-09-02 09:00:00,0.0,286.95,0.0,0.0175,101183,0.0066,287.35,2.04,0.91
2016-09-02 10:00:00,0.0,286.95,0.0,0.0002,101204,0.0066,286.64,2.06,0.82
2016-09-02 11:00:00,0.0,286.95,0.0,0.0002,101225,0.0066,285.92,2.07,0.72
2016-09-02 12:00:00,0.0,299.79,0.0,0.0002,101247,0.0067,285.2,2.09,0.62
2016-09-02 13:00:00,0.0,299.79,0.0,0.0265,101224,0.0068,286.14,1.8,0.36
2016-09-02 14:00:00,0.0,299.79,45.142,0.0265,101202,0.007,287.08,1.52,0.1
2016-09-02 15:00:00,0.0,340.68,232.478,0.0265,101180,0.0071,288.02,1.23,-0.16
2016-09-02 16:00:00,0.0,340.67,397.212,0.4972,101171,0.0073,291.61,1.54,-0.01
2016-09-02 17:00:00,0.0,340.66,591.458,0.4972,101163,0.0074,295.19,1.85,0.15
2016-09-02 18:00:00,0.0,386.33,698.299,0.4972,101154,0.0076,298.78,2.16,0.3
2016-09-02 19:00:00,0.0,386.32,799.831,0.9633,101071,0.0074,301.15,2.62,0.23
2016-09-02 20:00:00,0.0,386.32,859.993,0.9633,100988,0.0073,303.52,3.07,0.16
2016-09-02 21:00:00,0.0,401.46,873.191,0.9633,100905,0.0071,305.89,3.53,0.08
2016-09-02 22:00:00,0.0,401.46,789.179,1.0028,100871,0.007,306.4,4.25,0.15
2016-09-02 23:00:00,0.0,401.45,620.192,1.0028,100836,0.0069,306.91,4.97,0.22
2016-09-03 00:00:00,0.0,373.12,451.688,1.0028,100802,0.0068,307.42,5.69,0.29
2016-09-03 01:00:00,0.0,373.13,278.216,0.4642,100775,0.0067,304.6,5.4,0.31
2016-09-03 02:00:00,0.0,373.14,90.876,0.4642,100749,0.0067,301.77,5.11,0.33
2016-09-03 03:00:00,0.0,332.96,0.0,0.4642,100722,0.0067,298.95,4.82,0.34
2016-09-03 04:00:00,0.0,332.97,0.0,0.0674,100778,0.0068,296.72,4.3,0.45
2016-09-03 05:00:00,0.0,332.97,0.0,0.0674,100834,0.0068,294.48,3.79,0.55
2016-09-03 06:00:00,0.0,319.82,0.0,0.0674,100891,0.0069,292.25,3.28,0.66
2016-09-03 07:00:00,0.0,319.82,0.0,0.0311,100857,0.007,291.19,3.14,0.6
2016-09-03 08:00:00,0.0,319.82,0.0,0.0311,100823,0.007,290.14,3.0,0.54
2016-09-03 09:00:00,0.0,306.13,0.0,0.0311,100790,0.007,289.08,2.86,0.48
2016-09-03 10:00:00,0.0,306.13,0.0,0.0091,100844,0.007,288.22,2.75,0.5
2016-09-03 11:00:00,0.0,306.13,0.0,0.0091,100898,0.0071,287.37,2.63,0.52
2016-09-03 12:00:00,0.0,291.49,0.0,0.0091,100953,0.0071,286.51,2.52,0.54
2016-09-03 13:00:00,0.0,291.49,0.0,0.0328,100927,0.0071,287.36,2.09,0.52
2016-09-03 14:00:00,0.0,291.49,48.055,0.0328,100902,0.007,288.2,1.66,0.49
2016-09-03 15:00:00,0.0,322.1,227.924,0.0328,100876,0.007,289.04,1.23,0.47
2016-09-03 16:00:00,0.0,322.1,391.072,0.5018,100881,0.0069,292.03,1.83,0.44
2016-09-03 17:00:00,0.0,322.09,583.141,0.5018,100886,0.0069,295.01,2.43,0.41
2016-09-03 18:00:00,0.0,356.92,735.084,0.5018,100891,0.0068,298.0,3.03,0.38
2016-09-03 19:00:00,0.0,356.92,842.038,0.9951,100820,0.0065,300.18,3.17,0.64
2016-09-03 20:00:00,0.0,356.91,905.202,0.9951,100748,0.0062,302.36,3.31,0.91
2016-09-03 21:00:00,0.0,368.28,910.003,0.9951,100677,0.0058,304.54,3.44,1.17
2016-09-03 22:00:00,0.0,368.28,821.741,0.9992,100627,0.0056,304.83,4.09,1.22
2016-09-03 23:00:00,0.0,368.28,644.832,0.9992,100576,0.0054,305.12,4.74,1.28
2016-09-04 00:00:00,0.0,340.65,454.664,0.9992,100526,0.0051,305.41,5.39,1.33
2016-09-04 01:00:00,0.0,340.66,278.12,0.4694,100522,0.0053,302.35,5.42,1.11
2016-09-04 02:00:00,0.0,340.66,87.536,0.4694,100518,0.0055,299.3,5.44,0.9
2016-09-04 03:00:00,0.0,299.71,0.0,0.4694,100514,0.0057,296.24,5.47,0.68
2016-09-04 04:00:00,0.0,299.71,0.0,0.1011,100566,0.0059,293.64,4.83,0.9
2016-09-04 05:00:00,0.0,299.72,0.0,0.1011,100617,0.0061,291.05,4.18,1.13
2016-09-04 06:00:00,0.0,291.77,0.0,0.1011,100668,0.0064,288.45,3.54,1.36
2016-09-04 07:00:00,0.0,291.77,0.0,0.0167,100723,0.0065,287.39,3.21,1.24
2016-09-04 08:00:00,0.0,291.77,0.0,0.0167,100777,0.0066,286.33,2.87,1.13
2016-09-04 09:00:00,0.0,280.16,0.0,0.0167,100832,0.0067,285.28,2.54,1.01
2016-09-04 10:00:00,0.0,280.17,0.0,-0.003,100861,0.0067,284.59,2.02,1.24
2016-09-04 11:00:00,0.0,280.17,0.0,-0.003,100890,0.0066,283.91,1.5,1.47
2016-09-04 12:00:00,0.0,277.34,0.0,-0.003,100918,0.0066,283.23,0.98,1.69
2016-09-04 13:00:00,0.0,277.33,0.0,0.0133,100967,0.0066,284.03,0.85,1.3
2016-09-04 14:00:00,0.0,277.33,41.95,0.0133,101015,0.0067,284.84,0.72,0.91
2016-09-04 15:00:00,0.0,309.23,234.108,0.0133,101064,0.0068,285.64,0.59,0.52
2016-09-04 16:00:00,0.0,309.22,403.371,0.4249,101066,0.0069,288.5,1.18,0.43
2016-09-04 17:00:00,0.0,309.21,602.353,0.4249,101068,0.007,291.36,1.76,0.35
2016-09-04 18:00:00,0.0,346.25,733.424,0.4249,101070,0.0071,294.22,2.34,0.26
2016-09-04 19:00:00,0.0,346.25,840.232,0.8759,101009,0.0069,296.3,2.48,0.11
2016-09-04 20:00:00,0.0,346.24,903.085,0.8759,100948,0.0067,298.38,2.62,-0.04
2016-09-04 21:00:00,0.0,359.63,906.616,0.8759,100887,0.0065,300.45,2.75,-0.2
2016-09-04 22:00:00,0.0,359.63,817.974,0.899,100829,0.0062,301.06,3.37,-0.32
2016-09-04 23:00:00,0.0,359.63,640.896,0.899,100771,0.0059,301.66,3.99,-0.44
2016-09-05 00:00:00,0.0,348.55,444.008,0.899,100712,0.0057,302.27,4.61,-0.56
2016-09-05 01:00:00,0.0,348.55,269.656,0.3624,100704,0.0059,299.79,4.6,-0.4
2016-09-05 02:00:00,0.0,348.56,81.528,0.3624,100696,0.0062,297.31,4.59,-0.24
2016-09-05 03:00:00,0.0,314.31,0.0,0.3624,100687,0.0064,294.83,4.58,-0.08
2016-09-05 04:00:00,0.0,314.32,0.0,0.0487,100771,0.0065,292.95,4.15,0.06
2016-09-05 05:00:00,0.0,314.32,0.0,0.0487,100854,0.0065,291.07,3.72,0.19
2016-09-05 06:00:00,0.0,302.05,0.0,0.0487,100938,0.0066,289.19,3.3,0.33
2016-09-05 07:00:00,0.0,302.05,0.0,0.0167,100877,0.0066,288.22,3.2,0.17
2016-09-05 08:00:00,0.0,302.05,0.0,0.0167,100816,0.0066,287.26,3.11,0.01
2016-09-05 09:00:00,0.0,290.38,0.0,0.0167,100755,0.0066,286.3,3.02,-0.16
2016-09-05 10:00:00,0.0,290.38,0.0,0.0027,100817,0.0066,285.41,2.97,-0.03
2016-09-05 11:00:00,0.0,290.39,0.0,0.0027,100879,0.0065,284.53,2.93,0.1
2016-09-05 12:00:00,0.0,285.73,0.0,0.0027,100941,0.0065,283.65,2.89,0.23
2016-09-05 13:00:00,0.0,285.73,0.0,0.0191,100943,0.0065,284.57,2.23,0.28
2016-09-05 14:00:00,0.0,285.72,39.454,0.0191,100946,0.0066,285.49,1.58,0.33
2016-09-05 15:00:00,0.0,321.24,230.698,0.0191,100948,0.0067,286.41,0.92,0.38
2016-09-05 16:00:00,0.0,321.23,399.212,0.4834,100974,0.0066,290.24,1.38,0.24
2016-09-05 17:00:00,0.0,321.22,596.996,0.4834,100999,0.0065,294.07,1.83,0.1
2016-09-05 18:00:00,0.0,358.8,730.044,0.4834,101025,0.0064,297.9,2.29,-0.04
2016-09-05 19:00:00,0.0,358.8,836.459,0.9821,100926,0.0061,300.1,2.6,-0.7
2016-09-05 20:00:00,0.0,358.79,898.837,0.9821,100826,0.0058,302.3,2.92,-1.36
2016-09-05 21:00:00,0.0,367.0,902.982,0.9821,100727,0.0055,304.5,3.23,-2.02
2016-09-05 22:00:00,0.0,367.0,813.97,0.9923,100715,0.0051,304.87,3.56,-2.05
2016-09-05 23:00:00,0.0,367.0,636.784,0.9923,100703,0.0048,305.24,3.88,-2.08
2016-09-06 00:00:00,0.0,347.69,444.048,0.9923,100692,0.0045,305.61,4.21,-2.11
2016-09-06 01:00:00,0.0,347.7,267.688,0.3924,100688,0.0046,302.65,4.12,-1.49
2016-09-06 02:00:00,0.0,347.71,77.478,0.3924,100684,0.0046,299.69,4.03,-0.87
2016-09-06 03:00:00,0.0,308.91,0.0,0.3924,100680,0.0046,296.72,3.94,-0.25
2016-09-06 04:00:00,0.0,308.92,0.0,0.0607,100744,0.0047,294.6,3.82,-0.06
2016-09-06 05:00:00,0.0,308.92,0.0,0.0607,100807,0.0048,292.47,3.7,0.13
2016-09-06 06:00:00,0.0,295.11,0.0,0.0607,100870,0.0049,290.35,3.58,0.32
2016-09-06 07:00:00,0.0,295.11,0.0,0.0302,100856,0.0049,289.25,3.31,0.31
2016-09-06 08:00:00,0.0,295.11,0.0,0.0302,100842,0.005,288.15,3.04,0.31
2016-09-06 09:00:00,0.0,283.58,0.0,0.0302,100828,0.005,287.05,2.77,0.3
2016-09-06 10:00:00,0.0,283.58,0.0,0.0125,100882,0.0051,286.55,2.44,0.4
2016-09-06 11:00:00,0.0,283.58,0.0,0.0125,100936,0.0051,286.05,2.11,0.5
2016-09-06 12:00:00,0.0,283.97,0.0,0.0125,100990,0.0051,285.55,1.78,0.6
2016-09-06 13:00:00,0.0,283.97,0.0,0.0332,101019,0.0052,286.18,1.31,0.75
2016-09-06 14:00:00,0.0,283.97,37.339,0.0332,101047,0.0052,286.81,0.84,0.89
2016-09-06 15:00:00,0.0,323.8,228.214,0.0332,101076,0.0053,287.43,0.37,1.04
2016-09-06 16:00:00,0.0,323.79,396.681,0.5357,101101,0.0052,291.77,0.85,0.68
2016-09-06 17:00:00,0.0,323.78,594.065,0.5357,101127,0.0052,296.1,1.33,0.32
2016-09-06 18:00:00,0.0,366.88,725.803,0.5357,101152,0.0051,300.43,1.82,-0.04
2016-09-06 19:00:00,0.0,366.87,831.678,1.0454,101103,0.0048,302.91,1.86,-0.09
2016-09-06 20:00:00,0.0,366.87,893.529,1.0454,101055,0.0045,305.39,1.91,-0.15
2016-09-06 21:00:00,0.0,380.07,895.451,1.0454,101006,0.0042,307.87,1.95,-0.2
2016-09-06 22:00:00,0.0,380.07,806.457,1.0255,100909,0.0041,308.22,2.51,-0.2
2016-09-06 23:00:00,0.0,380.07,629.904,1.0255,100812,0.0039,308.56,3.07,-0.21
2016-09-07 00:00:00,0.0,354.6,441.352,1.0255,100716,0.0038,308.91,3.63,-0.21
2016-09-07 01:00:00,0.0,354.61,264.032,0.3896,100712,0.0038,305.76,3.78,-0.39
2016-09-07 02:00:00,0.0,354.62,72.864,0.3896,100708,0.0037,302.61,3.93,-0.57
2016-09-07 03:00:00,0.0,318.48,0.0,0.3896,100705,0.0037,299.46,4.08,-0.75
2016-09-07 04:00:00,0.0,318.49,0.0,0.0716,100765,0.0039,297.28,3.91,-0.22
2016-09-07 05:00:00,0.0,318.49,0.0,0.0716,100825,0.004,295.1,3.74,0.32
2016-09-07 06:00:00,0.0,309.57,0.0,0.0716,100886,0.0042,292.92,3.57,0.85
2016-09-07 07:00:00,0.0,309.57,0.0,0.0354,100885,0.0043,292.38,3.02,0.47
2016-09-07 08:00:00,0.0,309.57,0.0,0.0354,100884,0.0044,291.84,2.47,0.09
2016-09-07 09:00:00,0.0,299.1,0.0,0.0354,100883,0.0045,291.3,1.91,-0.29
2016-09-07 10:00:00,0.0,299.1,0.0,0.0195,100955,0.0046,290.27,1.96,-0.02
2016-09-07 11:00:00,0.0,299.1,0.0,0.0195,101028,0.0046,289.23,2.01,0.26
2016-09-07 12:00:00,0.0,297.94,0.0,0.0195,101100,0.0047,288.19,2.06,0.53
2016-09-07 13:00:00,0.0,297.94,0.0,0.0425,101129,0.0048,288.81,1.79,0.19
2016-09-07 14:00:00,0.0,297.94,35.191,0.0425,101157,0.0049,289.42,1.51,-0.15
2016-09-07 15:00:00,0.0,338.11,225.729,0.0425,101186,0.0049,290.04,1.23,-0.49
2016-09-07 16:00:00,0.0,338.1,394.096,0.5796,101183,0.005,294.53,1.38,-0.93
2016-09-07 17:00:00,0.0,338.08,591.073,0.5796,101180,0.0051,299.01,1.54,-1.37
2016-09-07 18:00:00,0.0,384.33,716.586,0.5796,101178,0.0051,303.5,1.69,-1.81
2016-09-07 19:00:00,0.0,384.32,821.207,1.1063,101164,0.0052,305.74,1.62,-2.11
2016-09-07 20:00:00,0.0,384.31,882.09,1.1063,101150,0.0053,307.99,1.55,-2.42
2016-09-07 21:00:00,0.0,401.74,884.766,1.1063,101136,0.0054,310.24,1.48,-2.72
2016-09-07 22:00:00,0.0,401.74,796.086,1.0279,101087,0.0054,310.59,1.49,-2.16
2016-09-07 23:00:00,0.0,401.74,620.816,1.0279,101038,0.0053,310.95,1.51,-1.6
2016-09-08 00:00:00,0.0,384.96,427.32,1.0279,100989,0.0053,311.31,1.52,-1.04
2016-09-08 01:00:00,0.0,384.97,253.608,0.3398,101008,0.0054,308.4,2.36,-1.04
2016-09-08 02:00:00,0.0,384.97,66.428,0.3398,101028,0.0055,305.49,3.19,-1.04
2016-09-08 03:00:00,0.0,344.21,0.0,0.3398,101047,0.0056,302.57,4.02,-1.04
2016-09-08 04:00:00,0.0,344.22,0.0,0.074,101100,0.0057,300.4,3.91,-0.84
2016-09-08 05:00:00,0.0,344.22,0.0,0.074,101154,0.0058,298.23,3.79,-0.64
2016-09-08 06:00:00,0.0,331.44,0.0,0.074,101207,0.0058,296.06,3.67,-0.45
2016-09-08 07:00:00,0.0,331.44,0.0,0.044,101257,0.0059,294.89,3.53,-0.28
2016-09-08 08:00:00,0.0,331.44,0.0,0.044,101308,0.0059,293.72,3.39,-0.11
2016-09-08 09:00:00,0.0,318.95,0.0,0.044,101358,0.0059,292.55,3.25,0.06
2016-09-08 10:00:00,0.0,318.95,0.0,0.0298,101399,0.006,291.49,3.25,0.0
2016-09-08 11:00:00,0.0,318.95,0.0,0.0298,101440,0.0061,290.42,3.24,-0.05
2016-09-08 12:00:00,0.0,310.05,0.0,0.0298,101481,0.0061,289.36,3.23,-0.11
2016-09-08 13:00:00,0.0,310.05,0.0,0.0558,101543,0.0063,290.07,3.22,-0.12
2016-09-08 14:00:00,0.0,310.05,32.733,0.0558,101604,0.0064,290.78,3.2,-0.13
2016-09-08 15:00:00,0.0,346.23,220.854,0.0558,101666,0.0065,291.49,3.19,-0.14
2016-09-08 16:00:00,0.0,346.22,387.348,0.5739,101712,0.0068,294.81,3.35,-0.36
2016-09-08 17:00:00,0.0,346.21,581.814,0.5739,101759,0.007,298.12,3.52,-0.58
2016-09-08 18:00:00,0.0,388.88,711.706,0.5739,101805,0.0073,301.44,3.69,-0.8
2016-09-08 19:00:00,0.0,388.87,815.684,1.0368,101702,0.0072,303.67,3.54,-0.59
2016-09-08 20:00:00,0.0,388.87,875.974,1.0368,101599,0.0071,305.9,3.4,-0.39
2016-09-08 21:00:00,0.0,406.2,874.594,1.0368,101496,0.0071,308.12,3.26,-0.18
2016-09-08 22:00:00,0.0,406.19,786.217,1.0182,101459,0.0071,308.44,3.91,-0.2
2016-09-08 23:00:00,0.0,406.19,612.112,1.0182,101421,0.007,308.76,4.57,-0.22
2016-09-09 00:00:00,0.0,375.22,421.432,1.0182,101384,0.007,309.08,5.22,-0.24
2016-09-09 01:00:00,0.0,375.23,248.064,0.4384,101358,0.007,306.01,5.35,-0.42
2016-09-09 02:00:00,0.0,375.24,61.342,0.4384,101332,0.007,302.95,5.47,-0.6
2016-09-09 03:00:00,0.0,332.76,0.0,0.4384,101306,0.0069,299.88,5.59,-0.78
2016-09-09 04:00:00,0.0,332.77,0.0,0.0836,101372,0.0071,297.58,4.83,-0.51
2016-09-09 05:00:00,0.0,332.78,0.0,0.0836,101439,0.0072,295.27,4.07,-0.24
2016-09-09 06:00:00,0.0,318.78,0.0,0.0836,101505,0.0073,292.97,3.3,0.03
2016-09-09 07:00:00,0.0,318.78,0.0,0.024,101501,0.0073,292.06,2.97,-0.04
2016-09-09 08:00:00,0.0,318.78,0.0,0.024,101497,0.0074,291.14,2.64,-0.1
2016-09-09 09:00:00,0.0,306.93,0.0,0.024,101492,0.0074,290.23,2.31,-0.17
2016-09-09 10:00:00,0.0,306.93,0.0,0.006,101489,0.0074,289.43,2.18,0.07
2016-09-09 11:00:00,0.0,306.94,0.0,0.006,101485,0.0074,288.62,2.05,0.31
2016-09-09 12:00:00,0.0,300.4,0.0,0.006,101480,0.0074,287.81,1.92,0.56
2016-09-09 13:00:00,0.0,300.4,0.0,0.0232,101489,0.0074,288.24,1.69,0.44
2016-09-09 14:00:00,0.0,300.4,30.754,0.0232,101497,0.0074,288.66,1.46,0.33
2016-09-09 15:00:00,0.0,336.15,219.656,0.0232,101506,0.0074,289.08,1.23,0.22
2016-09-09 16:00:00,0.0,336.14,387.047,0.5091,101515,0.0073,292.93,1.82,-0.09
2016-09-09 17:00:00,0.0,336.13,582.245,0.5091,101525,0.0072,296.78,2.4,-0.39
2016-09-09 18:00:00,0.0,380.72,714.485,0.5091,101534,0.0071,300.63,2.99,-0.69
2016-09-09 19:00:00,0.0,380.71,818.936,1.0196,101436,0.0069,303.24,2.89,-0.7
2016-09-09 20:00:00,0.0,380.7,879.269,1.0196,101339,0.0066,305.86,2.8,-0.7
2016-09-09 21:00:00,0.0,399.66,879.884,1.0196,101241,0.0064,308.47,2.71,-0.71
2016-09-09 22:00:00,0.0,399.65,790.217,1.0021,101189,0.0062,309.26,3.21,-0.72
2016-09-09 23:00:00,0.0,399.65,614.208,1.0021,101137,0.006,310.05,3.72,-0.74
2016-09-10 00:00:00,0.0,373.49,419.744,1.0021,101085,0.0058,310.84,4.22,-0.76
2016-09-10 01:00:00,0.0,373.5,244.976,0.397,101137,0.0059,307.32,4.36,-0.6
2016-09-10 02:00:00,0.0,373.51,56.83,0.397,101189,0.0059,303.81,4.49,-0.44
2016-09-10 03:00:00,0.0,328.77,0.0,0.397,101241,0.0059,300.29,4.62,-0.28
2016-09-10 04:00:00,0.0,328.77,0.0,0.0738,101284,0.006,297.93,4.23,-0.18
2016-09-10 05:00:00,0.0,328.78,0.0,0.0738,101328,0.0061,295.56,3.85,-0.08
2016-09-10 06:00:00,0.0,313.92,0.0,0.0738,101371,0.0062,293.19,3.47,0.03
2016-09-10 07:00:00,0.0,313.93,0.0,0.0362,101404,0.0062,292.0,3.23,0.14
2016-09-10 08:00:00,0.0,313.93,0.0,0.0362,101438,0.0063,290.8,3.0,0.25
2016-09-10 09:00:00,0.0,302.31,0.0,0.0362,101471,0.0063,289.6,2.76,0.36
2016-09-10 10:00:00,0.0,302.32,0.0,0.0136,101415,0.0064,288.64,2.85,0.32
2016-09-10 11:00:00,0.0,302.32,0.0,0.0136,101359,0.0064,287.68,2.94,0.28
2016-09-10 12:00:00,0.0,301.08,0.0,0.0136,101304,0.0064,286.71,3.03,0.23
2016-09-10 13:00:00,0.0,301.08,0.0,0.0338,101373,0.0065,287.53,2.51,0.37
2016-09-10 14:00:00,0.0,301.08,28.581,0.0338,101442,0.0065,288.35,2.0,0.51
2016-09-10 15:00:00,0.0,337.22,216.083,0.0338,101511,0.0065,289.16,1.48,0.65
2016-09-10 16:00:00,0.0,337.21,382.57,0.5421,101514,0.0065,292.97,2.31,0.17
2016-09-10 17:00:00,0.0,337.2,576.37,0.5421,101517,0.0064,296.78,3.15,-0.31
2016-09-10 18:00:00,0.0,380.48,707.729,0.5421,101520,0.0063,300.58,3.98,-0.8
2016-09-10 19:00:00,0.0,380.48,811.291,1.0494,101459,0.0061,303.12,4.16,-0.64
2016-09-10 20:00:00,0.0,380.47,870.85,1.0494,101397,0.006,305.66,4.34,-0.49
2016-09-10 21:00:00,0.0,397.48,869.762,1.0494,101336,0.0058,308.19,4.53,-0.34
2016-09-10 22:00:00,0.0,397.48,780.368,1.0367,101284,0.0057,308.69,5.01,-0.44
2016-09-10 23:00:00,0.0,397.48,605.52,1.0367,101232,0.0056,309.19,5.5,-0.54
2016-09-11 00:00:00,0.0,375.01,409.0,1.0367,101179,0.0055,309.68,5.99,-0.64
2016-09-11 01:00:00,0.0,375.02,236.616,0.4609,101198,0.0056,306.6,5.94,-0.4
2016-09-11 02:00:00,0.0,375.03,51.11,0.4609,101216,0.0056,303.52,5.89,-0.17
2016-09-11 03:00:00,0.0,334.03,0.0,0.4609,101234,0.0056,300.44,5.85,0.07
2016-09-11 04:00:00,0.0,334.04,0.0,0.0873,101315,0.0057,297.88,5.31,0.08
2016-09-11 05:00:00,0.0,334.04,0.0,0.0873,101395,0.0059,295.32,4.77,0.08
2016-09-11 06:00:00,0.0,317.46,0.0,0.0873,101476,0.006,292.76,4.23,0.09
2016-09-11 07:00:00,0.0,317.46,0.0,0.041,101482,0.0061,291.54,3.75,0.2
2016-09-11 08:00:00,0.0,317.46,0.0,0.041,101488,0.0062,290.33,3.26,0.3
2016-09-11 09:00:00,0.0,305.95,0.0,0.041,101494,0.0063,289.11,2.78,0.41
2016-09-11 10:00:00,0.0,305.95,0.0,0.0155,101505,0.0063,288.37,2.55,0.53
2016-09-11 11:00:00,0.0,305.96,0.0,0.0155,101517,0.0064,287.64,2.33,0.66
2016-09-11 12:00:00,0.0,301.47,0.0,0.0155,101528,0.0064,286.91,2.11,0.78
2016-09-11 13:00:00,0.0,301.47,0.0,0.0327,101574,0.0065,287.5,1.91,0.74
2016-09-11 14:00:00,0.0,301.47,26.444,0.0327,101619,0.0065,288.1,1.71,0.69
2016-09-11 15:00:00,0.0,333.88,212.978,0.0327,101665,0.0065,288.69,1.52,0.64
2016-09-11 16:00:00,0.0,333.87,378.882,0.5122,101707,0.0065,292.09,1.89,0.67
2016-09-11 17:00:00,0.0,333.86,571.712,0.5122,101750,0.0065,295.48,2.26,0.7
2016-09-11 18:00:00,0.0,375.81,703.141,0.5122,101792,0.0065,298.88,2.63,0.73
2016-09-11 19:00:00,0.0,375.8,806.091,0.9937,101690,0.0063,301.37,3.09,0.6
2016-09-11 20:00:00,0.0,375.8,865.086,0.9937,101587,0.0062,303.86,3.56,0.46
2016-09-11 21:00:00,0.0,391.16,863.787,0.9937,101485,0.006,306.35,4.03,0.33
2016-09-11 22:00:00,0.0,391.16,774.23,0.9956,101378,0.006,306.82,4.6,0.36
2016-09-11 23:00:00,0.0,391.16,599.712,0.9956,101271,0.0059,307.28,5.17,0.4
2016-09-12 00:00:00,0.0,364.54,403.32,0.9956,101164,0.0059,307.75,5.74,0.43
2016-09-12 01:00:00,0.0,364.55,231.208,0.4371,101137,0.0061,304.47,5.62,0.44
2016-09-12 02:00:00,0.0,364.56,46.08,0.4371,101110,0.0063,301.2,5.51,0.44
2016-09-12 03:00:00,0.0,321.32,0.0,0.4371,101083,0.0065,297.92,5.39,0.45
2016-09-12 04:00:00,0.0,321.32,0.0,0.0896,101118,0.0066,295.4,4.97,0.5
2016-09-12 05:00:00,0.0,321.33,0.0,0.0896,101154,0.0068,292.87,4.55,0.56
2016-09-12 06:00:00,0.0,304.42,0.0,0.0896,101190,0.0069,290.35,4.12,0.62
2016-09-12 07:00:00,0.0,304.42,0.0,0.0209,101169,0.007,289.28,3.61,0.51
2016-09-12 08:00:00,0.0,304.42,0.0,0.0209,101148,0.0071,288.22,3.1,0.4
2016-09-12 09:00:00,0.0,291.89,0.0,0.0209,101126,0.0071,287.15,2.58,0.29
2016-09-12 10:00:00,0.0,291.9,0.0,-0.0007,101126,0.0071,286.38,2.49,0.21
2016-09-12 11:00:00,0.0,291.9,0.0,-0.0007,101126,0.0071,285.62,2.4,0.14
2016-09-12 12:00:00,0.0,278.34,0.0,-0.0007,101125,0.007,284.85,2.3,0.07
2016-09-12 13:00:00,0.0,278.34,0.0,0.0084,101117,0.007,285.25,1.77,0.43
2016-09-12 14:00:00,0.0,278.34,25.217,0.0084,101110,0.007,285.66,1.23,0.79
2016-09-12 15:00:00,0.0,307.11,215.029,0.0084,101104,0.007,286.06,0.69,1.15
2016-09-12 16:00:00,0.0,307.1,384.413,0.4394,101169,0.0069,289.33,1.2,1.04
2016-09-12 17:00:00,0.0,307.09,580.949,0.4394,101235,0.0069,292.59,1.71,0.92
2016-09-12 18:00:00,0.0,343.21,713.325,0.4394,101302,0.0068,295.86,2.22,0.81
2016-09-12 19:00:00,0.0,343.21,817.855,0.909,101175,0.0065,297.93,2.8,0.95
2016-09-12 20:00:00,0.0,343.2,877.484,0.909,101047,0.0061,300.01,3.38,1.1
2016-09-12 21:00:00,0.0,348.47,878.176,0.909,100920,0.0058,302.08,3.96,1.25
2016-09-12 22:00:00,0.0,348.47,786.345,0.9251,100874,0.0056,301.94,4.79,1.24
2016-09-12 23:00:00,0.0,348.47,608.032,0.9251,100827,0.0054,301.8,5.63,1.22
2016-09-13 00:00:00,0.0,321.51,409.648,0.9251,100781,0.0051,301.65,6.47,1.21
2016-09-13 01:00:00,0.0,321.52,232.616,0.3779,100798,0.0053,298.72,6.1,0.97
2016-09-13 02:00:00,0.0,321.52,42.298,0.3779,100815,0.0054,295.78,5.73,0.73
2016-09-13 03:00:00,0.0,291.28,0.0,0.3779,100832,0.0056,292.85,5.36,0.5
2016-09-13 04:00:00,0.0,291.29,0.0,0.0449,100844,0.0057,290.61,4.75,0.56
2016-09-13 05:00:00,0.0,291.3,0.0,0.0449,100855,0.0059,288.38,4.14,0.62
2016-09-13 06:00:00,0.0,285.07,0.0,0.0449,100867,0.0061,286.14,3.53,0.68
2016-09-13 07:00:00,0.0,285.08,0.0,0.0079,100898,0.0062,285.47,3.09,0.7
2016-09-13 08:00:00,0.0,285.08,0.0,0.0079,100929,0.0063,284.79,2.65,0.73
2016-09-13 09:00:00,0.0,283.67,0.0,0.0079,100959,0.0064,284.11,2.22,0.76
2016-09-13 10:00:00,0.0,283.67,0.0,-0.0037,100995,0.0063,283.72,1.71,0.9
2016-09-13 11:00:00,0.0,283.67,0.0,-0.0037,101031,0.0063,283.34,1.21,1.05
2016-09-13 12:00:00,0.0,277.79,0.0,-0.0037,101068,0.0062,282.95,0.7,1.19
2016-09-13 13:00:00,0.0,277.79,0.0,0.0064,101098,0.0063,283.35,0.69,0.84
2016-09-13 14:00:00,0.0,277.79,22.944,0.0064,101129,0.0063,283.75,0.68,0.49
2016-09-13 15:00:00,0.0,308.95,210.877,0.0064,101159,0.0064,284.14,0.67,0.14
2016-09-13 16:00:00,0.0,308.94,378.87,0.3876,101198,0.0065,287.25,0.55,0.25
2016-09-13 17:00:00,0.0,308.93,573.483,0.3876,101237,0.0067,290.35,0.43,0.37
2016-09-13 18:00:00,0.0,343.23,704.997,0.3876,101276,0.0068,293.45,0.31,0.48
2016-09-13 19:00:00,0.0,343.22,808.39,0.8402,101282,0.0065,295.46,-0.05,0.95
2016-09-13 20:00:00,0.0,343.22,867.113,0.8402,101289,0.0062,297.47,-0.41,1.42
2016-09-13 21:00:00,0.0,353.19,863.239,0.8402,101296,0.0058,299.48,-0.77,1.89
2016-09-13 22:00:00,0.0,353.19,772.179,0.8222,101253,0.0056,299.78,-0.17,1.76
2016-09-13 23:00:00,0.0,353.19,596.016,0.8222,101209,0.0054,300.08,0.43,1.64
2016-09-14 00:00:00,0.0,338.92,395.584,0.8222,101166,0.0052,300.37,1.03,1.52
2016-09-14 01:00:00,0.0,338.93,222.44,0.2558,101194,0.0052,298.05,1.83,1.02
2016-09-14 02:00:00,0.0,338.94,36.382,0.2558,101222,0.0052,295.73,2.63,0.51
2016-09-14 03:00:00,0.0,309.38,0.0,0.2558,101250,0.0052,293.4,3.44,0.01
2016-09-14 04:00:00,0.0,309.39,0.0,0.0414,101314,0.0053,291.79,3.4,-0.04
2016-09-14 05:00:00,0.0,309.39,0.0,0.0414,101377,0.0055,290.17,3.36,-0.08
2016-09-14 06:00:00,0.0,300.66,0.0,0.0414,101440,0.0056,288.56,3.32,-0.13
2016-09-14 07:00:00,0.0,300.67,0.0,0.0168,101489,0.0057,287.74,3.06,0.05
2016-09-14 08:00:00,0.0,300.67,0.0,0.0168,101538,0.0059,286.91,2.79,0.24
2016-09-14 09:00:00,0.0,291.85,0.0,0.0168,101587,0.006,286.09,2.52,0.42
2016-09-14 10:00:00,0.0,291.85,0.0,0.0016,101608,0.0061,285.53,2.32,0.46
2016-09-14 11:00:00,0.0,291.85,0.0,0.0016,101628,0.0061,284.96,2.11,0.49
2016-09-14 12:00:00,0.0,289.78,0.0,0.0016,101648,0.0062,284.4,1.9,0.53
2016-09-14 13:00:00,0.0,289.78,0.0,0.0124,101715,0.0062,284.92,1.41,0.69
2016-09-14 14:00:00,0.0,289.77,20.672,0.0124,101782,0.0063,285.43,0.91,0.84
2016-09-14 15:00:00,0.0,324.34,206.988,0.0124,101849,0.0064,285.95,0.41,1.0
2016-09-14 16:00:00,0.0,324.33,373.787,0.4401,101867,0.0065,289.51,0.98,0.68
2016-09-14 17:00:00,0.0,324.32,566.717,0.4401,101884,0.0066,293.07,1.54,0.37
2016-09-14 18:00:00,0.0,359.8,699.768,0.4401,101902,0.0067,296.63,2.11,0.05
2016-09-14 19:00:00,0.0,359.8,802.45,0.8929,101841,0.0065,298.57,1.81,0.13
2016-09-14 20:00:00,0.0,359.79,860.558,0.8929,101779,0.0063,300.52,1.51,0.22
2016-09-14 21:00:00,0.0,369.38,858.377,0.8929,101718,0.0061,302.46,1.21,0.31
2016-09-14 22:00:00,0.0,369.37,767.053,0.8641,101672,0.0059,302.84,1.76,-0.17
2016-09-14 23:00:00,0.0,369.37,590.976,0.8641,101627,0.0057,303.21,2.32,-0.64
2016-09-15 00:00:00,0.0,348.91,391.456,0.8641,101581,0.0055,303.59,2.87,-1.12
2016-09-15 01:00:00,0.0,348.92,217.896,0.2728,101546,0.0056,300.82,3.14,-0.89
2016-09-15 02:00:00,0.0,348.92,31.468,0.2728,101511,0.0057,298.05,3.42,-0.66
2016-09-15 03:00:00,0.0,315.39,0.0,0.2728,101476,0.0058,295.29,3.69,-0.43
2016-09-15 04:00:00,0.0,315.4,0.0,0.049,101545,0.0059,293.51,3.59,-0.38
2016-09-15 05:00:00,0.0,315.4,0.0,0.049,101614,0.006,291.73,3.49,-0.32
2016-09-15 06:00:00,0.0,304.31,0.0,0.049,101684,0.006,289.96,3.38,-0.27
2016-09-15 07:00:00,0.0,304.31,0.0,0.0219,101665,0.0061,289.19,3.02,-0.1
2016-09-15 08:00:00,0.0,304.31,0.0,0.0219,101647,0.0062,288.42,2.66,0.07
2016-09-15 09:00:00,0.0,294.18,0.0,0.0219,101627,0.0063,287.66,2.29,0.24
2016-09-15 10:00:00,0.0,294.18,0.0,0.0029,101642,0.0063,287.13,1.99,0.44
2016-09-15 11:00:00,0.0,294.18,0.0,0.0029,101658,0.0063,286.6,1.69,0.63
2016-09-15 12:00:00,0.0,287.88,0.0,0.0029,101673,0.0064,286.06,1.39,0.83
2016-09-15 13:00:00,0.0,287.88,0.0,0.0121,101704,0.0064,286.27,1.26,0.78
2016-09-15 14:00:00,0.0,287.88,18.944,0.0121,101736,0.0065,286.48,1.13,0.72
2016-09-15 15:00:00,0.0,323.63,205.787,0.0121,101767,0.0065,286.69,1.0,0.67
2016-09-15 16:00:00,0.0,323.62,373.57,0.4589,101739,0.0065,290.7,1.22,0.33
2016-09-15 17:00:00,0.0,323.61,567.297,0.4589,101711,0.0065,294.7,1.44,-0.01
2016-09-15 18:00:00,0.0,362.27,700.085,0.4589,101683,0.0064,298.7,1.66,-0.36
2016-09-15 19:00:00,0.0,362.27,802.908,0.9461,101596,0.0061,300.62,1.83,-0.38
2016-09-15 20:00:00,0.0,362.26,860.83,0.9461,101510,0.0058,302.54,1.99,-0.41
2016-09-15 21:00:00,0.0,370.61,858.026,0.9461,101423,0.0055,304.46,2.16,-0.44
2016-09-15 22:00:00,0.0,370.61,765.923,0.9059,101367,0.0053,304.82,2.6,-0.56
2016-09-15 23:00:00,0.0,370.61,589.008,0.9059,101310,0.0051,305.17,3.04,-0.68
2016-09-16 00:00:00,0.0,348.4,388.616,0.9059,101254,0.0049,305.53,3.48,-0.8
2016-09-16 01:00:00,0.0,348.4,214.04,0.2954,101245,0.005,302.39,3.61,-0.71
2016-09-16 02:00:00,0.0,348.41,26.618,0.2954,101237,0.0051,299.26,3.73,-0.62
2016-09-16 03:00:00,0.0,312.07,0.0,0.2954,101228,0.0053,296.12,3.85,-0.54
2016-09-16 04:00:00,0.0,312.07,0.0,0.0519,101258,0.0053,294.23,3.76,-0.4
2016-09-16 05:00:00,0.0,312.08,0.0,0.0519,101287,0.0054,292.33,3.67,-0.26
2016-09-16 06:00:00,0.0,298.93,0.0,0.0519,101317,0.0054,290.43,3.58,-0.12
2016-09-16 07:00:00,0.0,298.93,0.0,0.0232,101330,0.0055,289.35,3.34,0.03
2016-09-16 08:00:00,0.0,298.93,0.0,0.0232,101342,0.0055,288.26,3.09,0.18
2016-09-16 09:00:00,0.0,288.81,0.0,0.0232,101355,0.0055,287.18,2.85,0.33
2016-09-16 10:00:00,0.0,288.81,0.0,0.0073,101334,0.0056,286.77,2.37,0.52
2016-09-16 11:00:00,0.0,288.81,0.0,0.0073,101312,0.0056,286.36,1.89,0.71
2016-09-16 12:00:00,0.0,279.27,0.0,0.0073,101291,0.0056,285.95,1.42,0.9
2016-09-16 13:00:00,0.0,279.27,0.0,0.0174,101334,0.0056,285.99,1.2,0.95
2016-09-16 14:00:00,0.0,279.27,17.248,0.0174,101376,0.0057,286.03,0.99,1.0
2016-09-16 15:00:00,0.0,313.35,205.783,0.0174,101419,0.0057,286.07,0.77,1.05
2016-09-16 16:00:00,0.0,313.34,375.563,0.4773,101440,0.0057,290.32,1.16,0.45
2016-09-16 17:00:00,0.0,313.33,571.28,0.4773,101460,0.0056,294.57,1.54,-0.15
2016-09-16 18:00:00,0.0,354.61,705.109,0.4773,101481,0.0056,298.82,1.93,-0.75
2016-09-16 19:00:00,0.0,354.6,808.719,0.9628,101409,0.0054,301.4,1.81,-0.77
2016-09-16 20:00:00,0.0,354.59,866.847,0.9628,101337,0.0052,303.98,1.7,-0.79
2016-09-16 21:00:00,0.0,370.07,863.738,0.9628,101266,0.005,306.56,1.58,-0.82
2016-09-16 22:00:00,0.0,370.07,770.2,0.9168,101206,0.0047,307.25,1.91,-1.11
2016-09-16 23:00:00,0.0,370.07,591.184,0.9168,101145,0.0044,307.93,2.24,-1.41
2016-09-17 00:00:00,0.0,351.03,386.376,0.9168,101085,0.0041,308.62,2.57,-1.7
2016-09-17 01:00:00,0.0,351.04,210.492,0.2665,101044,0.0042,305.21,3.04,-1.45
2016-09-17 02:00:00,0.0,351.05,21.748,0.2665,101004,0.0043,301.8,3.51,-1.2
2016-09-17 03:00:00,0.0,312.88,0.0,0.2665,100965,0.0045,298.39,3.98,-0.95
2016-09-17 04:00:00,0.0,312.88,0.0,0.0535,101055,0.0045,296.29,3.78,-0.52
2016-09-17 05:00:00,0.0,312.89,0.0,0.0535,101146,0.0046,294.2,3.57,-0.08
2016-09-17 06:00:00,0.0,300.35,0.0,0.0535,101236,0.0046,292.1,3.37,0.36
2016-09-17 07:00:00,0.0,300.35,0.0,0.0298,101251,0.0047,290.93,3.24,0.18
2016-09-17 08:00:00,0.0,300.36,0.0,0.0298,101267,0.0048,289.77,3.12,0.0
2016-09-17 09:00:00,0.0,289.26,0.0,0.0298,101282,0.0048,288.6,2.99,-0.18
2016-09-17 10:00:00,0.0,289.26,0.0,0.0107,101303,0.0049,288.11,2.34,0.2
2016-09-17 11:00:00,0.0,289.26,0.0,0.0107,101325,0.0049,287.62,1.7,0.59
2016-09-17 12:00:00,0.0,289.34,0.0,0.0107,101346,0.005,287.13,1.05,0.97
2016-09-17 13:00:00,0.0,289.34,0.0,0.0233,101375,0.0051,287.34,1.1,0.7
2016-09-17 14:00:00,0.0,289.34,15.024,0.0233,101404,0.0052,287.55,1.14,0.44
2016-09-17 15:00:00,0.0,328.38,200.529,0.0233,101432,0.0053,287.77,1.19,0.17
2016-09-17 16:00:00,0.0,328.37,367.98,0.4986,101454,0.0054,292.19,1.45,-0.03
2016-09-17 17:00:00,0.0,328.35,560.672,0.4986,101476,0.0054,296.62,1.71,-0.24
2016-09-17 18:00:00,0.0,374.27,690.595,0.4986,101498,0.0054,301.04,1.97,-0.45
2016-09-17 19:00:00,0.0,374.26,792.183,0.9924,101452,0.0053,303.71,1.93,-0.57
2016-09-17 20:00:00,0.0,374.25,848.913,0.9924,101407,0.0051,306.38,1.9,-0.7
2016-09-17 21:00:00,0.0,390.36,839.138,0.9924,101361,0.005,309.05,1.86,-0.82
2016-09-17 22:00:00,0.0,390.36,747.47,0.9571,101274,0.0048,309.56,2.48,-0.7
2016-09-17 23:00:00,0.0,390.36,572.64,0.9571,101186,0.0046,310.06,3.09,-0.57
2016-09-18 00:00:00,0.0,359.57,377.688,0.9571,101098,0.0044,310.56,3.7,-0.45
2016-09-18 01:00:00,0.0,359.58,203.432,0.2803,101082,0.0043,307.01,3.85,-0.48
2016-09-18 02:00:00,0.0,359.59,16.526,0.2803,101066,0.0043,303.47,4.01,-0.51
2016-09-18 03:00:00,0.0,320.85,0.0,0.2803,101051,0.0042,299.92,4.17,-0.54
2016-09-18 04:00:00,0.0,320.86,0.0,0.0625,101127,0.0043,297.77,3.89,-0.38
2016-09-18 05:00:00,0.0,320.87,0.0,0.0625,101204,0.0044,295.62,3.61,-0.23
2016-09-18 06:00:00,0.0,309.17,0.0,0.0625,101280,0.0045,293.47,3.33,-0.07
2016-09-18 07:00:00,0.0,309.17,0.0,0.0332,101235,0.0045,292.88,2.88,-0.07
2016-09-18 08:00:00,0.0,309.18,0.0,0.0332,101190,0.0046,292.29,2.43,-0.08
2016-09-18 09:00:00,0.0,299.43,0.0,0.0332,101144,0.0047,291.69,1.99,-0.08
2016-09-18 10:00:00,0.0,299.43,0.0,0.015,101182,0.0048,290.8,1.5,0.24
2016-09-18 11:00:00,0.0,299.43,0.0,0.015,101220,0.0048,289.91,1.02,0.56
2016-09-18 12:00:00,0.0,298.73,0.0,0.015,101257,0.0049,289.02,0.54,0.87
2016-09-18 13:00:00,0.0,298.73,0.0,0.0241,101253,0.005,289.3,0.46,0.67
2016-09-18 14:00:00,0.0,298.73,12.992,0.0241,101250,0.0051,289.59,0.38,0.48
2016-09-18 15:00:00,0.0,339.77,197.16,0.0241,101246,0.0052,289.87,0.29,0.28
2016-09-18 16:00:00,0.0,339.76,363.822,0.5227,101319,0.0052,294.44,0.63,0.12
2016-09-18 17:00:00,0.0,339.75,555.291,0.5227,101392,0.0053,299.01,0.98,-0.03
2016-09-18 18:00:00,0.0,389.54,686.319,0.5227,101466,0.0054,303.59,1.32,-0.19
2016-09-18 19:00:00,0.0,389.53,787.346,1.036,101361,0.0052,306.23,1.45,-0.35
2016-09-18 20:00:00,0.0,389.52,843.513,1.036,101257,0.005,308.88,1.59,-0.51
2016-09-18 21:00:00,0.0,406.0,837.162,1.036,101153,0.0048,311.52,1.72,-0.68
2016-09-18 22:00:00,0.0,406.0,744.892,0.975,101076,0.0046,312.02,1.98,-0.5
2016-09-18 23:00:00,0.0,406.0,569.552,0.975,100999,0.0045,312.52,2.24,-0.33
2016-09-19 00:00:00,0.0,380.42,367.032,0.975,100922,0.0043,313.01,2.5,-0.15
2016-09-19 01:00:00,0.0,380.42,195.372,0.2746,100875,0.0044,309.64,2.94,-0.4
2016-09-19 02:00:00,0.0,380.43,11.339,0.2746,100829,0.0045,306.26,3.38,-0.65
2016-09-19 03:00:00,0.0,342.8,0.0,0.2746,100782,0.0046,302.89,3.81,-0.9
2016-09-19 04:00:00,0.0,342.8,0.0,0.0647,100874,0.0047,300.97,3.62,-0.45
2016-09-19 05:00:00,0.0,342.81,0.0,0.0647,100967,0.0048,299.06,3.43,0.0
2016-09-19 06:00:00,0.0,333.38,0.0,0.0647,101059,0.005,297.14,3.23,0.45
2016-09-19 07:00:00,0.0,333.38,0.0,0.038,101088,0.005,296.62,2.94,0.25
2016-09-19 08:00:00,0.0,333.38,0.0,0.038,101116,0.0051,296.09,2.65,0.05
2016-09-19 09:00:00,0.0,322.84,0.0,0.038,101145,0.0052,295.56,2.36,-0.15
2016-09-19 10:00:00,0.0,322.84,0.0,0.0214,101131,0.0053,294.74,2.07,-0.01
2016-09-19 11:00:00,0.0,322.84,0.0,0.0214,101117,0.0054,293.92,1.77,0.13
2016-09-19 12:00:00,0.0,319.2,0.0,0.0214,101104,0.0055,293.1,1.48,0.26
2016-09-19 13:00:00,0.0,319.2,0.0,0.0293,101117,0.0056,293.23,1.34,0.3
2016-09-19 14:00:00,0.0,319.2,11.056,0.0293,101131,0.0058,293.36,1.2,0.34
2016-09-19 15:00:00,0.0,360.56,193.447,0.0293,101144,0.0059,293.49,1.06,0.38
2016-09-19 16:00:00,0.0,360.55,358.999,0.5691,101129,0.0061,297.9,1.49,0.15
2016-09-19 17:00:00,0.0,360.53,548.895,0.5691,101114,0.0063,302.31,1.93,-0.09
2016-09-19 18:00:00,0.0,409.64,679.253,0.5691,101099,0.0065,306.73,2.36,-0.32
2016-09-19 19:00:00,0.0,409.64,779.324,1.0904,101032,0.0065,309.05,3.02,-0.3
2016-09-19 20:00:00,0.0,409.63,834.719,1.0904,100965,0.0065,311.38,3.68,-0.28
2016-09-19 21:00:00,0.0,421.14,828.237,1.0904,100899,0.0065,313.7,4.33,-0.26
2016-09-19 22:00:00,0.0,421.14,736.15,1.032,100865,0.0064,313.76,4.72,0.03
2016-09-19 23:00:00,0.0,421.14,561.744,1.032,100831,0.0063,313.82,5.12,0.32
2016-09-20 00:00:00,0.0,381.56,362.688,1.032,100797,0.0062,313.87,5.51,0.61
2016-09-20 01:00:00,0.0,381.57,190.712,0.4125,100830,0.0062,310.21,5.6,0.41
2016-09-20 02:00:00,0.0,381.58,6.418,0.4125,100862,0.0063,306.54,5.69,0.21
2016-09-20 03:00:00,0.0,337.13,0.0,0.4125,100894,0.0063,302.87,5.79,0.01
2016-09-20 04:00:00,0.0,337.14,0.0,0.1177,100975,0.0064,300.39,5.09,0.18
2016-09-20 05:00:00,0.0,337.15,0.0,0.1177,101055,0.0065,297.91,4.38,0.34
2016-09-20 06:00:00,0.0,322.33,0.0,0.1177,101136,0.0066,295.43,3.68,0.5
2016-09-20 07:00:00,0.0,322.34,0.0,0.0412,101170,0.0066,294.39,3.07,0.87
2016-09-20 08:00:00,0.0,322.34,0.0,0.0412,101203,0.0067,293.34,2.46,1.23
2016-09-20 09:00:00,0.0,314.59,0.0,0.0412,101237,0.0067,292.29,1.85,1.59
2016-09-20 10:00:00,0.0,314.59,0.0,0.0206,101268,0.0067,291.51,1.94,1.28
2016-09-20 11:00:00,0.0,314.59,0.0,0.0206,101298,0.0067,290.73,2.03,0.97
2016-09-20 12:00:00,0.0,305.94,0.0,0.0206,101328,0.0068,289.96,2.12,0.66
2016-09-20 13:00:00,0.0,305.94,0.0,0.025,101349,0.0068,290.19,1.83,0.53
2016-09-20 14:00:00,0.0,305.94,9.104,0.025,101369,0.0067,290.43,1.53,0.39
2016-09-20 15:00:00,0.0,339.36,190.31,0.025,101389,0.0067,290.67,1.23,0.26
2016-09-20 16:00:00,0.0,339.35,355.244,0.5224,101378,0.0066,294.19,1.83,0.22
2016-09-20 17:00:00,0.0,339.34,544.122,0.5224,101366,0.0064,297.71,2.43,0.17
2016-09-20 18:00:00,0.0,376.44,671.826,0.5224,101355,0.0063,301.23,3.03,0.13
2016-09-20 19:00:00,0.0,376.44,770.905,0.9995,101274,0.006,303.25,3.28,-0.03
2016-09-20 20:00:00,0.0,376.43,825.452,0.9995,101192,0.0056,305.26,3.54,-0.19
2016-09-20 21:00:00,0.0,388.47,804.675,0.9995,101111,0.0053,307.28,3.79,-0.35
2016-09-20 22:00:00,0.0,388.47,714.398,0.9484,101035,0.0051,307.49,4.14,-0.21
2016-09-20 23:00:00,0.0,388.47,544.064,0.9484,100960,0.0049,307.7,4.49,-0.06
2016-09-21 00:00:00,0.0,359.24,352.184,0.9484,100885,0.0047,307.91,4.84,0.08
2016-09-21 01:00:00,0.0,359.25,182.844,0.3396,100898,0.0045,304.61,4.45,0.07
2016-09-21 02:00:00,0.0,359.26,1.461,0.3396,100910,0.0043,301.31,4.05,0.07
2016-09-21 03:00:00,0.0,340.26,0.0,0.3396,100924,0.004,298.01,3.65,0.06
2016-09-21 04:00:00,0.0,340.27,0.0,0.1036,100929,0.0042,296.64,3.64,0.2
2016-09-21 05:00:00,0.0,340.27,0.0,0.1036,100933,0.0043,295.26,3.63,0.34
2016-09-21 06:00:00,0.0,364.48,0.0,0.1036,100938,0.0044,293.88,3.62,0.47
2016-09-21 07:00:00,0.0,364.49,0.0,0.0755,100950,0.0045,293.48,3.35,0.28
2016-09-21 08:00:00,0.0,364.49,0.0,0.0755,100961,0.0046,293.09,3.08,0.08
2016-09-21 09:00:00,0.0,372.54,0.0,0.0755,100973,0.0047,292.7,2.81,-0.12
2016-09-21 10:00:00,0.0,372.54,0.0,0.0637,101032,0.0049,292.33,2.49,-0.06
2016-09-21 11:00:00,0.0,372.54,0.0,0.0637,101092,0.005,291.95,2.17,0.0
2016-09-21 12:00:00,0.0,367.6,0.0,0.0637,101151,0.0051,291.58,1.85,0.05
2016-09-21 13:00:00,0.0,367.6,0.0,0.0783,101163,0.0051,291.82,1.95,0.12
2016-09-21 14:00:00,0.0,367.6,3.712,0.0783,101175,0.0052,292.06,2.04,0.18
2016-09-21 15:00:00,0.0,378.35,73.868,0.0783,101188,0.0053,292.3,2.13,0.25
2016-09-21 16:00:00,0.0,378.35,138.724,0.3416,101215,0.0054,293.49,2.39,0.88
2016-09-21 17:00:00,0.0,378.34,212.871,0.3416,101244,0.0055,294.67,2.65,1.51
2016-09-21 18:00:00,0.0,390.03,222.095,0.3416,101272,0.0055,295.86,2.9,2.14
2016-09-21 19:00:00,0.0,390.02,254.865,0.4728,101218,0.0055,296.68,3.28,2.07
2016-09-21 20:00:00,0.0,390.02,272.848,0.4728,101164,0.0055,297.49,3.65,2.0
2016-09-21 21:00:00,0.0,378.92,380.205,0.4728,101110,0.0054,298.31,4.02,1.93
2016-09-21 22:00:00,0.0,378.92,337.184,0.546,101089,0.0054,298.45,4.47,1.93
2016-09-21 23:00:00,0.0,378.92,256.256,0.546,101069,0.0054,298.59,4.92,1.92
2016-09-22 00:00:00,0.0,311.62,345.184,0.546,101049,0.0053,298.73,5.37,1.92
2016-09-22 01:00:00,0.0,311.62,176.856,0.2897,101008,0.0054,296.08,5.36,1.53
2016-09-22 02:00:00,0.0,311.63,0.0,0.2897,100967,0.0054,293.44,5.35,1.14
2016-09-22 03:00:00,0.0,276.69,0.0,0.2897,100927,0.0054,290.79,5.34,0.75
2016-09-22 04:00:00,0.0,276.69,0.0,0.0409,100989,0.0056,288.87,4.84,1.03
2016-09-22 05:00:00,0.0,276.7,0.0,0.0409,101051,0.0058,286.94,4.35,1.32
2016-09-22 06:00:00,0.0,267.5,0.0,0.0409,101114,0.0059,285.01,3.86,1.61
2016-09-22 07:00:00,0.0,267.5,0.0,0.0015,101153,0.0059,284.01,3.56,1.44
2016-09-22 08:00:00,0.0,267.51,0.0,0.0015,101192,0.006,283.01,3.26,1.27
2016-09-22 09:00:00,0.0,263.27,0.0,0.0015,101232,0.006,282.01,2.96,1.1
2016-09-22 10:00:00,0.0,263.27,0.0,-0.0108,101314,0.0058,281.37,2.72,1.29
2016-09-22 11:00:00,0.0,263.27,0.0,-0.0108,101395,0.0057,280.74,2.49,1.47
2016-09-22 12:00:00,0.0,263.11,0.0,-0.0108,101477,0.0056,280.1,2.26,1.66
2016-09-22 13:00:00,0.0,263.11,0.0,-0.002,101501,0.0056,280.76,1.66,1.44
2016-09-22 14:00:00,0.0,263.1,5.648,-0.002,101525,0.0057,281.42,1.06,1.21
2016-09-22 15:00:00,0.0,297.1,188.787,-0.002,101549,0.0057,282.08,0.45,0.99
2016-09-22 16:00:00,0.0,297.09,356.729,0.3701,101613,0.0058,285.81,1.22,0.69
2016-09-22 17:00:00,0.0,297.08,548.361,0.3701,101677,0.0059,289.54,1.99,0.4
2016-09-22 18:00:00,0.0,330.72,678.432,0.3701,101741,0.0059,293.27,2.75,0.1
2016-09-22 19:00:00,0.0,330.71,778.662,0.8332,101647,0.0055,294.97,3.32,-0.65
2016-09-22 20:00:00,0.0,330.71,833.36,0.8332,101553,0.0051,296.67,3.88,-1.39
2016-09-22 21:00:00,0.0,334.97,825.276,0.8332,101458,0.0047,298.37,4.44,-2.13
2016-09-22 22:00:00,0.0,334.97,731.036,0.8242,101477,0.0045,298.4,4.64,-2.26
2016-09-22 23:00:00,0.0,334.97,554.448,0.8242,101497,0.0044,298.44,4.84,-2.4
2016-09-23 00:00:00,0.0,318.6,348.72,0.8242,101516,0.0042,298.47,5.04,-2.53
2016-09-23 01:00:00,0.0,318.61,176.22,0.2573,101486,0.0044,295.89,4.67,-1.97
2016-09-23 02:00:00,0.0,318.62,0.0,0.2573,101457,0.0045,293.32,4.3,-1.42
2016-09-23 03:00:00,0.0,293.39,0.0,0.2573,101428,0.0047,290.75,3.93,-0.86
2016-09-23 04:00:00,0.0,293.39,0.0,0.0435,101491,0.0048,289.21,3.7,-0.48
2016-09-23 05:00:00,0.0,293.39,0.0,0.0435,101554,0.0049,287.66,3.48,-0.1
2016-09-23 06:00:00,0.0,286.69,0.0,0.0435,101617,0.005,286.12,3.25,0.28
2016-09-23 07:00:00,0.0,286.69,0.0,0.0168,101694,0.0051,285.34,3.21,0.12
2016-09-23 08:00:00,0.0,286.69,0.0,0.0168,101770,0.0052,284.57,3.17,-0.04
2016-09-23 09:00:00,0.0,280.53,0.0,0.0168,101847,0.0053,283.79,3.13,-0.19
2016-09-23 10:00:00,0.0,280.53,0.0,0.0029,101861,0.0053,283.6,2.74,-0.09
2016-09-23 11:00:00,0.0,280.53,0.0,0.0029,101874,0.0054,283.41,2.34,0.01
2016-09-23 12:00:00,0.0,274.46,0.0,0.0029,101889,0.0054,283.21,1.95,0.11
2016-09-23 13:00:00,0.0,274.46,0.0,0.0065,101919,0.0054,283.41,1.88,0.0
2016-09-23 14:00:00,0.0,274.46,3.872,0.0065,101949,0.0055,283.6,1.8,-0.1
2016-09-23 15:00:00,0.0,308.22,183.946,0.0065,101979,0.0055,283.79,1.73,-0.2
2016-09-23 16:00:00,0.0,308.2,349.796,0.4251,101982,0.0054,287.94,2.15,-0.91
2016-09-23 17:00:00,0.0,308.19,538.723,0.4251,101984,0.0053,292.09,2.58,-1.62
2016-09-23 18:00:00,0.0,345.08,662.175,0.4251,101987,0.0053,296.25,3.0,-2.32
2016-09-23 19:00:00,0.0,345.07,760.095,0.9173,101891,0.0049,298.09,3.32,-2.79
2016-09-23 20:00:00,0.0,345.07,813.283,0.9173,101795,0.0045,299.93,3.64,-3.25
2016-09-23 21:00:00,0.0,356.94,792.654,0.9173,101700,0.0042,301.77,3.96,-3.72
2016-09-23 22:00:00,0.0,356.94,701.32,0.8822,101710,0.0042,302.04,4.08,-3.52
2016-09-23 23:00:00,0.0,356.94,530.8,0.8822,101719,0.0041,302.32,4.2,-3.32
2016-09-24 00:00:00,0.0,341.64,342.776,0.8822,101729,0.0041,302.59,4.33,-3.12
2016-09-24 01:00:00,0.0,341.65,170.752,0.2635,101685,0.004,299.9,4.07,-2.46
2016-09-24 02:00:00,0.0,341.65,0.0,0.2635,101642,0.0039,297.21,3.82,-1.79
2016-09-24 03:00:00,0.0,316.18,0.0,0.2635,101598,0.0038,294.52,3.57,-1.13
2016-09-24 04:00:00,0.0,316.19,0.0,0.0578,101708,0.0039,293.17,3.46,-0.69
2016-09-24 05:00:00,0.0,316.19,0.0,0.0578,101819,0.004,291.81,3.34,-0.26
2016-09-24 06:00:00,0.0,308.83,0.0,0.0578,101929,0.0042,290.46,3.22,0.18
2016-09-24 07:00:00,0.0,308.83,0.0,0.0356,101898,0.0043,289.6,3.02,-0.06
2016-09-24 08:00:00,0.0,308.84,0.0,0.0356,101867,0.0044,288.75,2.82,-0.29
2016-09-24 09:00:00,0.0,300.88,0.0,0.0356,101836,0.0046,287.89,2.62,-0.53
2016-09-24 10:00:00,0.0,300.88,0.0,0.0208,101866,0.0046,287.37,2.44,-0.49
2016-09-24 11:00:00,0.0,300.89,0.0,0.0208,101895,0.0047,286.85,2.27,-0.44
2016-09-24 12:00:00,0.0,294.62,0.0,0.0208,101925,0.0048,286.32,2.09,-0.4
2016-09-24 13:00:00,0.0,294.62,0.0,0.0228,101882,0.0049,286.42,1.93,-0.3
2016-09-24 14:00:00,0.0,294.62,1.936,0.0228,101839,0.005,286.51,1.77,-0.2
2016-09-24 15:00:00,0.0,327.88,175.308,0.0228,101797,0.0051,286.61,1.62,-0.11
2016-09-24 16:00:00,0.0,327.87,335.544,0.4566,101848,0.0052,290.87,1.83,-0.34
2016-09-24 17:00:00,0.0,327.86,517.748,0.4566,101899,0.0054,295.13,2.04,-0.58
2016-09-24 18:00:00,0.0,368.58,654.166,0.4566,101950,0.0055,299.39,2.24,-0.81
2016-09-24 19:00:00,0.0,368.57,750.987,0.9078,101847,0.0057,301.63,2.09,-1.39
2016-09-24 20:00:00,0.0,368.57,803.326,0.9078,101745,0.0058,303.88,1.94,-1.97
2016-09-24 21:00:00,0.0,384.42,792.028,0.9078,101642,0.006,306.12,1.79,-2.55
2016-09-24 22:00:00,0.0,384.42,699.96,0.8862,101603,0.0059,306.66,1.99,-2.71
2016-09-24 23:00:00,0.0,384.42,528.64,0.8862,101563,0.0058,307.2,2.19,-2.87
2016-09-25 00:00:00,0.0,358.92,335.168,0.8862,101524,0.0057,307.73,2.38,-3.02
2016-09-25 01:00:00,0.0,358.93,164.492,0.2532,101509,0.0057,304.84,2.68,-2.51
2016-09-25 02:00:00,0.0,358.93,0.0,0.2532,101495,0.0057,301.95,2.98,-1.99
2016-09-25 03:00:00,0.0,322.89,0.0,0.2532,101480,0.0058,299.05,3.27,-1.47
2016-09-25 04:00:00,0.0,322.89,0.0,0.0477,101551,0.0057,297.13,3.33,-1.27
2016-09-25 05:00:00,0.0,322.9,0.0,0.0477,101624,0.0057,295.2,3.39,-1.06
2016-09-25 06:00:00,0.0,307.99,0.0,0.0477,101695,0.0057,293.27,3.44,-0.85
2016-09-25 07:00:00,0.0,308.0,0.0,0.0217,101652,0.0057,292.62,2.9,-0.69
2016-09-25 08:00:00,0.0,308.0,0.0,0.0217,101609,0.0057,291.98,2.35,-0.52
2016-09-25 09:00:00,0.0,292.26,0.0,0.0217,101566,0.0056,291.33,1.8,-0.35
2016-09-25 10:00:00,0.0,292.26,0.0,0.0095,101610,0.0056,290.34,1.32,-0.16
2016-09-25 11:00:00,0.0,292.26,0.0,0.0095,101654,0.0055,289.35,0.83,0.02
2016-09-25 12:00:00,0.0,287.14,0.0,0.0095,101698,0.0054,288.35,0.35,0.21
2016-09-25 13:00:00,0.0,287.14,0.0,0.0116,101701,0.0055,288.26,0.28,0.36
2016-09-25 14:00:00,0.0,287.14,0.208,0.0116,101703,0.0055,288.16,0.21,0.5
2016-09-25 15:00:00,0.0,320.66,180.66,0.0116,101705,0.0055,288.06,0.15,0.65
2016-09-25 16:00:00,0.0,320.65,348.109,0.4658,101749,0.0053,292.64,-0.07,0.93
2016-09-25 17:00:00,0.0,320.64,538.195,0.4658,101793,0.0052,297.22,-0.29,1.21
2016-09-25 18:00:00,0.0,368.22,667.069,0.4658,101837,0.005,301.8,-0.5,1.49
2016-09-25 19:00:00,0.0,368.21,765.894,0.9662,101733,0.0046,304.4,-0.81,1.05
2016-09-25 20:00:00,0.0,368.2,819.093,0.9662,101630,0.0043,307.0,-1.12,0.62
2016-09-25 21:00:00,0.0,384.81,810.954,0.9662,101527,0.004,309.6,-1.44,0.19
2016-09-25 22:00:00,0.0,384.81,715.845,0.8824,101441,0.0039,310.15,-1.11,0.18
2016-09-25 23:00:00,0.0,384.81,539.472,0.8824,101356,0.0039,310.7,-0.78,0.17
2016-09-26 00:00:00,0.0,373.26,329.816,0.8824,101270,0.0038,311.25,-0.46,0.15
2016-09-26 01:00:00,0.0,373.27,159.368,0.1763,101280,0.004,309.15,0.18,-0.04
2016-09-26 02:00:00,0.0,373.27,0.0,0.1763,101289,0.0043,307.05,0.82,-0.24
2016-09-26 03:00:00,0.0,336.7,0.0,0.1763,101298,0.0045,304.95,1.46,-0.44
2016-09-26 04:00:00,0.0,336.71,0.0,0.0474,101311,0.0045,302.42,1.97,-0.43
2016-09-26 05:00:00,0.0,336.72,0.0,0.0474,101325,0.0045,299.88,2.49,-0.42
2016-09-26 06:00:00,0.0,324.83,0.0,0.0474,101339,0.0045,297.35,3.01,-0.41
2016-09-26 07:00:00,0.0,324.84,0.0,0.0331,101387,0.0046,296.62,2.61,-0.3
2016-09-26 08:00:00,0.0,324.84,0.0,0.0331,101435,0.0046,295.9,2.21,-0.18
2016-09-26 09:00:00,0.0,313.01,0.0,0.0331,101483,0.0046,295.17,1.81,-0.07
2016-09-26 10:00:00,0.0,313.02,0.0,0.0205,101446,0.0047,294.1,1.38,0.08
2016-09-26 11:00:00,0.0,313.02,0.0,0.0205,101409,0.0047,293.03,0.94,0.22
2016-09-26 12:00:00,0.0,308.44,0.0,0.0205,101373,0.0048,291.97,0.51,0.36
2016-09-26 13:00:00,0.0,308.44,0.0,0.024,101441,0.0048,291.82,0.21,0.41
2016-09-26 14:00:00,0.0,308.44,0.0,0.024,101510,0.0049,291.67,-0.08,0.46
2016-09-26 15:00:00,0.0,344.56,175.813,0.024,101578,0.0049,291.52,-0.38,0.5
2016-09-26 16:00:00,0.0,344.54,341.085,0.4961,101555,0.0049,295.89,-0.33,0.4
2016-09-26 17:00:00,0.0,344.53,528.386,0.4961,101533,0.0049,300.27,-0.28,0.3
2016-09-26 18:00:00,0.0,390.89,659.74,0.4961,101511,0.0049,304.65,-0.22,0.2
2016-09-26 19:00:00,0.0,390.89,757.595,0.9936,101460,0.0048,306.98,0.11,0.17
2016-09-26 20:00:00,0.0,390.88,809.997,0.9936,101408,0.0048,309.31,0.44,0.13
2016-09-26 21:00:00,0.0,403.58,798.34,0.9936,101358,0.0048,311.64,0.77,0.09
2016-09-26 22:00:00,0.0,403.58,703.872,0.9243,101275,0.0047,311.94,1.59,-0.32
2016-09-26 23:00:00,0.0,403.58,529.296,0.9243,101192,0.0046,312.25,2.41,-0.73
2016-09-27 00:00:00,0.0,375.32,323.464,0.9243,101110,0.0045,312.55,3.23,-1.15
2016-09-27 01:00:00,0.0,375.33,153.784,0.2432,101089,0.0045,309.4,3.25,-1.08
2016-09-27 02:00:00,0.0,375.34,0.0,0.2432,101067,0.0044,306.25,3.27,-1.02
2016-09-27 03:00:00,0.0,340.89,0.0,0.2432,101046,0.0044,303.1,3.29,-0.96
2016-09-27 04:00:00,0.0,340.9,0.0,0.0676,101102,0.0045,301.21,3.31,-0.67
2016-09-27 05:00:00,0.0,340.9,0.0,0.0676,101159,0.0045,299.31,3.32,-0.37
2016-09-27 06:00:00,0.0,330.26,0.0,0.0676,101215,0.0046,297.41,3.33,-0.08
2016-09-27 07:00:00,0.0,330.26,0.0,0.0405,101197,0.0047,296.72,2.87,0.13
2016-09-27 08:00:00,0.0,330.26,0.0,0.0405,101179,0.0047,296.03,2.4,0.35
2016-09-27 09:00:00,0.0,318.7,0.0,0.0405,101160,0.0048,295.34,1.94,0.56
2016-09-27 10:00:00,0.0,318.71,0.0,0.0247,101141,0.0048,294.46,1.47,0.66
2016-09-27 11:00:00,0.0,318.71,0.0,0.0247,101121,0.0049,293.58,1.0,0.76
2016-09-27 12:00:00,0.0,306.87,0.0,0.0247,101101,0.0049,292.71,0.53,0.86
2016-09-27 13:00:00,0.0,306.87,0.0,0.0241,101170,0.0049,292.41,0.35,0.79
2016-09-27 14:00:00,0.0,306.87,0.0,0.0241,101239,0.0049,292.11,0.16,0.73
2016-09-27 15:00:00,0.0,341.05,173.745,0.0241,101308,0.0049,291.81,-0.02,0.67
2016-09-27 16:00:00,0.0,341.03,339.47,0.505,101311,0.0049,296.19,0.28,0.38
2016-09-27 17:00:00,0.0,341.02,526.96,0.505,101315,0.0049,300.57,0.58,0.09
2016-09-27 18:00:00,0.0,384.78,658.835,0.505,101319,0.0049,304.95,0.89,-0.2
2016-09-27 19:00:00,0.0,384.77,756.69,0.9997,101178,0.0047,307.14,1.2,-0.4
2016-09-27 20:00:00,0.0,384.76,808.821,0.9997,101038,0.0046,309.33,1.52,-0.61
2016-09-27 21:00:00,0.0,395.85,796.727,0.9997,100898,0.0045,311.51,1.84,-0.81
2016-09-27 22:00:00,0.0,395.85,701.613,0.9257,100841,0.0043,311.75,2.3,-0.96
2016-09-27 23:00:00,0.0,395.85,526.416,0.9257,100785,0.0042,311.98,2.77,-1.11
2016-09-28 00:00:00,0.0,373.96,316.624,0.9257,100729,0.0041,312.21,3.23,-1.26
2016-09-28 01:00:00,0.0,373.97,148.008,0.2457,100732,0.0042,308.83,3.52,-1.05
2016-09-28 02:00:00,0.0,373.98,0.0,0.2457,100733,0.0043,305.45,3.8,-0.83
2016-09-28 03:00:00,0.0,340.11,0.0,0.2457,100736,0.0044,302.06,4.08,-0.62
2016-09-28 04:00:00,0.0,340.11,0.0,0.0726,100817,0.0044,300.3,3.75,-0.39
2016-09-28 05:00:00,0.0,340.12,0.0,0.0726,100899,0.0045,298.54,3.42,-0.15
2016-09-28 06:00:00,0.0,327.7,0.0,0.0726,100981,0.0046,296.77,3.1,0.08
2016-09-28 07:00:00,0.0,327.7,0.0,0.0453,100995,0.0047,295.97,2.64,0.09
2016-09-28 08:00:00,0.0,327.7,0.0,0.0453,101008,0.0048,295.16,2.19,0.09
2016-09-28 09:00:00,0.0,316.91,0.0,0.0453,101022,0.0049,294.36,1.74,0.1
2016-09-28 10:00:00,0.0,316.91,0.0,0.0247,100993,0.0049,293.46,1.53,0.2
2016-09-28 11:00:00,0.0,316.92,0.0,0.0247,100965,0.005,292.56,1.33,0.3
2016-09-28 12:00:00,0.0,308.27,0.0,0.0247,100937,0.005,291.65,1.12,0.4
2016-09-28 13:00:00,0.0,308.27,0.0,0.024,101004,0.0051,291.43,1.01,0.31
2016-09-28 14:00:00,0.0,308.27,0.0,0.024,101071,0.0052,291.2,0.91,0.21
2016-09-28 15:00:00,0.0,341.47,169.822,0.024,101139,0.0053,290.97,0.81,0.12
2016-09-28 16:00:00,0.0,341.46,334.222,0.4899,101150,0.0054,295.0,1.01,-0.1
2016-09-28 17:00:00,0.0,341.45,519.882,0.4899,101162,0.0055,299.02,1.21,-0.31
2016-09-28 18:00:00,0.0,386.15,651.007,0.4899,101174,0.0056,303.05,1.42,-0.53
2016-09-28 19:00:00,0.0,386.14,747.81,0.9741,101088,0.0055,305.48,1.96,-0.6
2016-09-28 20:00:00,0.0,386.13,799.124,0.9741,101002,0.0054,307.92,2.51,-0.68
2016-09-28 21:00:00,0.0,399.47,785.678,0.9741,100917,0.0053,310.35,3.06,-0.75
2016-09-28 22:00:00,0.0,399.47,691.047,0.9321,100890,0.0052,310.64,3.77,-0.45
2016-09-28 23:00:00,0.0,399.47,517.328,0.9321,100863,0.0051,310.93,4.48,-0.15
2016-09-29 00:00:00,0.0,368.6,311.616,0.9321,100836,0.005,311.22,5.19,0.16
2016-09-29 01:00:00,0.0,368.61,143.116,0.3063,100858,0.0051,307.47,5.2,0.13
2016-09-29 02:00:00,0.0,368.62,0.0,0.3063,100881,0.0053,303.71,5.21,0.11
2016-09-29 03:00:00,0.0,330.44,0.0,0.3063,100903,0.0054,299.96,5.22,0.09
2016-09-29 04:00:00,0.0,330.44,0.0,0.0865,100979,0.0055,297.81,4.54,0.19
2016-09-29 05:00:00,0.0,330.45,0.0,0.0865,101054,0.0057,295.66,3.85,0.29
2016-09-29 06:00:00,0.0,313.98,0.0,0.0865,101130,0.0058,293.51,3.17,0.4
2016-09-29 07:00:00,0.0,313.98,0.0,0.0431,101191,0.0059,292.41,2.94,0.52
2016-09-29 08:00:00,0.0,313.98,0.0,0.0431,101253,0.0059,291.3,2.72,0.64
2016-09-29 09:00:00,0.0,301.54,0.0,0.0431,101315,0.006,290.19,2.49,0.76
2016-09-29 10:00:00,0.0,301.55,0.0,0.0182,101350,0.0061,289.37,2.19,0.85
2016-09-29 11:00:00,0.0,301.55,0.0,0.0182,101385,0.0061,288.55,1.88,0.94
2016-09-29 12:00:00,0.0,291.93,0.0,0.0182,101420,0.0062,287.73,1.57,1.03
2016-09-29 13:00:00,0.0,291.93,0.0,0.0136,101433,0.0062,287.76,1.54,1.03
2016-09-29 14:00:00,0.0,291.93,0.0,0.0136,101446,0.0063,287.78,1.52,1.04
2016-09-29 15:00:00,0.0,320.28,168.383,0.0136,101459,0.0063,287.8,1.49,1.04
2016-09-29 16:00:00,0.0,320.27,333.897,0.439,101518,0.0063,291.47,1.7,0.91
2016-09-29 17:00:00,0.0,320.26,520.482,0.439,101576,0.0063,295.14,1.91,0.77
2016-09-29 18:00:00,0.0,360.03,651.887,0.439,101635,0.0063,298.8,2.12,0.64
2016-09-29 19:00:00,0.0,360.03,748.933,0.902,101609,0.006,301.1,2.65,0.61
2016-09-29 20:00:00,0.0,360.02,800.15,0.902,101583,0.0058,303.4,3.19,0.58
2016-09-29 21:00:00,0.0,370.77,786.264,0.902,101557,0.0055,305.71,3.72,0.55
2016-09-29 22:00:00,0.0,370.77,690.734,0.8849,101494,0.0053,305.82,4.53,0.29
2016-09-29 23:00:00,0.0,370.77,515.92,0.8849,101431,0.0051,305.94,5.33,0.03
2016-09-30 00:00:00,0.0,344.92,307.016,0.8849,101369,0.0049,306.05,6.13,-0.24
2016-09-30 01:00:00,0.0,344.93,138.428,0.3128,101386,0.005,302.6,5.64,-0.24
2016-09-30 02:00:00,0.0,344.94,0.0,0.3128,101403,0.005,299.15,5.15,-0.25
2016-09-30 03:00:00,0.0,311.16,0.0,0.3128,101420,0.0051,295.69,4.66,-0.26
2016-09-30 04:00:00,0.0,311.17,0.0,0.0683,101474,0.0052,293.86,4.15,0.09
2016-09-30 05:00:00,0.0,311.17,0.0,0.0683,101528,0.0052,292.03,3.64,0.43
2016-09-30 06:00:00,0.0,297.95,0.0,0.0683,101582,0.0053,290.2,3.13,0.78
2016-09-30 07:00:00,0.0,297.95,0.0,0.0335,101581,0.0054,289.11,3.05,0.79
2016-09-30 08:00:00,0.0,297.96,0.0,0.0335,101581,0.0054,288.03,2.97,0.8
2016-09-30 09:00:00,0.0,288.35,0.0,0.0335,101581,0.0055,286.95,2.89,0.81
2016-09-30 10:00:00,0.0,288.36,0.0,0.013,101614,0.0055,286.22,2.65,0.9
2016-09-30 11:00:00,0.0,288.36,0.0,0.013,101647,0.0056,285.5,2.41,1.0
2016-09-30 12:00:00,0.0,279.4,0.0,0.013,101681,0.0056,284.78,2.17,1.09
2016-09-30 13:00:00,0.0,279.4,0.0,0.0117,101744,0.0056,284.92,1.85,0.94
2016-09-30 14:00:00,0.0,279.39,0.0,0.0117,101806,0.0056,285.06,1.52,0.79
2016-09-30 15:00:00,0.0,309.81,165.523,0.0117,101868,0.0056,285.19,1.2,0.63
2016-09-30 16:00:00,0.0,309.8,330.779,0.4185,101867,0.0056,288.97,1.84,0.87
2016-09-30 17:00:00,0.0,309.79,516.727,0.4185,101866,0.0055,292.74,2.48,1.11
2016-09-30 18:00:00,0.0,344.89,646.026,0.4185,101865,0.0055,296.51,3.12,1.35
2016-09-30 19:00:00,0.0,344.88,742.345,0.8893,101813,0.0051,298.43,3.87,1.16
2016-09-30 20:00:00,0.0,344.88,792.9,0.8893,101761,0.0048,300.35,4.61,0.96
2016-09-30 21:00:00,0.0,351.44,763.414,0.8893,101710,0.0045,302.27,5.36,0.77
2016-09-30 22:00:00,0.0,351.44,669.825,0.8539,101641,0.0044,302.1,5.77,0.56
2016-09-30 23:00:00,0.0,351.44,499.152,0.8539,101573,0.0043,301.93,6.17,0.34
2016-10-01 00:00:00,0.0,327.16,266.768,0.8539,101505,0.0042,301.76,6.58,0.13
2016-10-01 01:00:00,0.0,327.17,117.984,0.3399,101497,0.0043,298.95,6.19,0.09
2016-10-01 02:00:00,0.0,327.17,0.0,0.3399,101489,0.0045,296.14,5.81,0.06
2016-10-01 03:00:00,0.0,300.77,0.0,0.3399,101482,0.0046,293.33,5.42,0.03
2016-10-01 04:00:00,0.0,300.78,0.0,0.1099,101564,0.0048,291.59,5.06,0.18
2016-10-01 05:00:00,0.0,300.78,0.0,0.1099,101647,0.005,289.85,4.71,0.33
2016-10-01 06:00:00,0.0,287.49,0.0,0.1099,101730,0.0052,288.12,4.35,0.49
2016-10-01 07:00:00,0.0,287.49,0.0,0.0287,101755,0.0052,286.89,3.78,0.64
2016-10-01 08:00:00,0.0,287.5,0.0,0.0287,101781,0.0053,285.65,3.22,0.8
2016-10-01 09:00:00,0.0,271.41,0.0,0.0287,101806,0.0054,284.42,2.65,0.96
2016-10-01 10:00:00,0.0,271.42,0.0,0.0039,101809,0.0054,283.51,2.61,1.07
2016-10-01 11:00:00,0.0,271.42,0.0,0.0039,101813,0.0055,282.59,2.57,1.18
2016-10-01 12:00:00,0.0,263.85,0.0,0.0039,101817,0.0055,281.68,2.53,1.29
2016-10-01 13:00:00,0.0,263.85,0.0,0.0017,101856,0.0055,282.0,2.46,1.13
2016-10-01 14:00:00,0.0,263.85,0.0,0.0017,101894,0.0055,282.33,2.39,0.98
2016-10-01 15:00:00,0.0,292.14,170.591,0.0017,101933,0.0056,282.65,2.32,0.82
2016-10-01 16:00:00,0.0,292.13,343.648,0.3629,101949,0.0056,286.44,2.87,-0.02
2016-10-01 17:00:00,0.0,292.12,514.985,0.3629,101964,0.0057,290.22,3.42,-0.86
2016-10-01 18:00:00,0.0,323.13,648.514,0.3629,101980,0.0057,294.0,3.97,-1.71
2016-10-01 19:00:00,0.0,323.13,734.829,0.8008,101903,0.0054,295.62,3.61,-1.72
2016-10-01 20:00:00,0.0,323.12,771.578,0.8008,101826,0.005,297.23,3.24,-1.74
2016-10-01 21:00:00,0.0,330.59,749.435,0.8008,101749,0.0046,298.85,2.88,-1.76
2016-10-01 22:00:00,0.0,330.59,642.756,0.7288,101633,0.0045,298.97,3.13,-1.34
2016-10-01 23:00:00,0.0,330.59,480.64,0.7288,101518,0.0043,299.09,3.37,-0.93
2016-10-02 00:00:00,0.0,305.7,269.328,0.7288,101402,0.0042,299.21,3.62,-0.51
2016-10-02 01:00:00,0.0,305.71,116.736,0.2128,101367,0.0041,296.18,3.69,-0.35
2016-10-02 02:00:00,0.0,305.72,0.0,0.2128,101334,0.0041,293.15,3.76,-0.18
2016-10-02 03:00:00,0.0,282.23,0.0,0.2128,101300,0.004,290.13,3.82,-0.02
2016-10-02 04:00:00,0.0,282.23,0.0,0.0497,101395,0.0042,288.61,3.64,0.27
2016-10-02 05:00:00,0.0,282.24,0.0,0.0497,101489,0.0043,287.09,3.46,0.55
2016-10-02 06:00:00,0.0,274.76,0.0,0.0497,101584,0.0045,285.57,3.27,0.84
2016-10-02 07:00:00,0.0,274.76,0.0,0.0225,101581,0.0046,284.82,3.06,0.94
2016-10-02 08:00:00,0.0,274.76,0.0,0.0225,101577,0.0047,284.06,2.85,1.03
2016-10-02 09:00:00,0.0,267.15,0.0,0.0225,101574,0.0048,283.31,2.64,1.12
2016-10-02 10:00:00,0.0,267.15,0.0,0.0039,101567,0.0049,282.56,2.52,1.2
2016-10-02 11:00:00,0.0,267.15,0.0,0.0039,101559,0.005,281.82,2.39,1.28
2016-10-02 12:00:00,0.0,267.82,0.0,0.0039,101552,0.0051,281.07,2.27,1.36
2016-10-02 13:00:00,0.0,267.82,0.0,0.0041,101573,0.0051,281.45,2.01,1.43
2016-10-02 14:00:00,0.0,267.82,0.0,0.0041,101594,0.0052,281.83,1.75,1.51
2016-10-02 15:00:00,0.0,296.27,166.041,0.0041,101615,0.0053,282.22,1.5,1.58
2016-10-02 16:00:00,0.0,296.26,337.242,0.3711,101645,0.0055,285.74,2.92,0.87
2016-10-02 17:00:00,0.0,296.25,506.524,0.3711,101676,0.0057,289.27,4.35,0.17
2016-10-02 18:00:00,0.0,332.88,603.348,0.3711,101706,0.006,292.8,5.77,-0.53
2016-10-02 19:00:00,0.0,332.88,683.782,0.7757,101677,0.0057,293.66,5.95,-0.57
2016-10-02 20:00:00,0.0,332.88,717.809,0.7757,101648,0.0054,294.52,6.12,-0.62
2016-10-02 21:00:00,0.0232,355.03,602.923,0.7757,101618,0.0052,295.37,6.3,-0.66
2016-10-02 22:00:00,0.2428,355.03,516.464,0.6519,101602,0.0054,295.15,6.35,-0.61
2016-10-02 23:00:00,0.0,355.03,385.296,0.6519,101585,0.0055,294.93,6.41,-0.56
2016-10-03 00:00:00,0.0,322.29,241.84,0.6519,101569,0.0057,294.71,6.47,-0.52
2016-10-03 01:00:00,0.0,322.3,102.632,0.2038,101528,0.0057,292.37,5.38,-0.32
2016-10-03 02:00:00,0.0,322.3,0.0,0.2038,101487,0.0058,290.04,4.29,-0.12
2016-10-03 03:00:00,0.0,288.57,0.0,0.2038,101446,0.0058,287.7,3.21,0.09
2016-10-03 04:00:00,0.0,288.57,0.0,0.0208,101490,0.0059,286.47,3.1,0.27
2016-10-03 05:00:00,0.0,288.58,0.0,0.0208,101534,0.006,285.25,2.99,0.46
2016-10-03 06:00:00,0.0,282.98,0.0,0.0208,101578,0.0061,284.02,2.88,0.65
2016-10-03 07:00:00,0.0,282.99,0.0,0.0003,101666,0.0061,283.55,2.43,0.89
2016-10-03 08:00:00,0.0,282.99,0.0,0.0003,101753,0.0061,283.07,1.98,1.13
2016-10-03 09:00:00,0.0,278.85,0.0,0.0003,101842,0.0061,282.59,1.53,1.37
2016-10-03 10:00:00,0.0,278.85,0.0,-0.0075,101800,0.006,282.27,1.21,1.23
2016-10-03 11:00:00,0.0,278.85,0.0,-0.0075,101757,0.006,281.95,0.89,1.08
2016-10-03 12:00:00,0.0,275.15,0.0,-0.0075,101715,0.0059,281.64,0.56,0.94
2016-10-03 13:00:00,0.0,275.15,0.0,-0.0048,101784,0.0059,281.81,0.35,0.93
2016-10-03 14:00:00,0.0,275.15,0.0,-0.0048,101853,0.0059,281.98,0.14,0.93
2016-10-03 15:00:00,0.0,335.75,85.518,-0.0048,101922,0.0059,282.15,-0.07,0.92
2016-10-03 16:00:00,0.0034,335.74,175.175,0.1878,101938,0.0061,284.69,-0.56,0.8
2016-10-03 17:00:00,0.015,335.73,263.709,0.1878,101955,0.0063,287.22,-1.04,0.69
2016-10-03 18:00:00,0.0098,374.76,252.53,0.1878,101971,0.0065,289.75,-1.53,0.57
2016-10-03 19:00:00,0.0064,374.76,286.244,0.3374,101949,0.0064,290.86,-1.41,0.87
2016-10-03 20:00:00,0.0,374.75,300.433,0.3374,101926,0.0062,291.96,-1.28,1.17
2016-10-03 21:00:00,0.0,382.11,295.107,0.3374,101903,0.0061,293.06,-1.16,1.47
2016-10-03 22:00:00,0.0,382.11,252.48,0.3345,101834,0.0061,293.09,-1.14,1.51
2016-10-03 23:00:00,0.0,382.11,187.904,0.3345,101764,0.0062,293.13,-1.13,1.55
2016-10-04 00:00:00,0.0,368.37,145.64,0.3345,101695,0.0063,293.16,-1.12,1.58
2016-10-04 01:00:00,0.0,368.37,60.454,0.1117,101634,0.0062,292.21,-0.73,0.37
2016-10-04 02:00:00,0.0,368.38,0.0,0.1117,101573,0.0062,291.26,-0.35,-0.84
2016-10-04 03:00:00,0.0,361.27,0.0,0.1117,101513,0.0061,290.31,0.03,-2.06
2016-10-04 04:00:00,0.0,361.27,0.0,0.0351,101549,0.0062,289.8,0.25,-2.03
2016-10-04 05:00:00,0.0,361.27,0.0,0.0351,101585,0.0063,289.29,0.47,-2.0
2016-10-04 06:00:00,0.0,359.44,0.0,0.0351,101622,0.0064,288.78,0.68,-1.97
2016-10-04 07:00:00,0.0,359.44,0.0,0.0245,101570,0.0064,288.46,0.67,-1.82
2016-10-04 08:00:00,0.0,359.44,0.0,0.0245,101518,0.0064,288.14,0.66,-1.68
2016-10-04 09:00:00,0.0,365.74,0.0,0.0245,101466,0.0065,287.82,0.65,-1.53
2016-10-04 10:00:00,0.0,365.74,0.0,0.047,101511,0.0065,287.65,0.68,-1.47
2016-10-04 11:00:00,0.0,365.74,0.0,0.047,101558,0.0066,287.47,0.7,-1.41
2016-10-04 12:00:00,0.0,341.27,0.0,0.047,101604,0.0066,287.29,0.73,-1.34
2016-10-04 13:00:00,0.0,341.27,0.0,0.027,101616,0.0066,287.27,0.92,-1.43
2016-10-04 14:00:00,0.0,341.27,0.0,0.027,101627,0.0066,287.26,1.1,-1.51
2016-10-04 15:00:00,0.0,362.83,127.321,0.027,101639,0.0065,287.24,1.29,-1.59
2016-10-04 16:00:00,0.0,362.82,263.116,0.3518,101683,0.0066,289.25,1.58,-1.64
2016-10-04 17:00:00,0.0,362.82,397.075,0.3518,101729,0.0067,291.25,1.87,-1.69
2016-10-04 18:00:00,0.0,366.77,559.145,0.3518,101773,0.0067,293.25,2.17,-1.74
2016-10-04 19:00:00,0.0,366.77,633.964,0.6842,101651,0.0066,294.52,2.55,-1.78
2016-10-04 20:00:00,0.0,366.77,665.234,0.6842,101530,0.0065,295.8,2.92,-1.82
2016-10-04 21:00:00,0.0,346.91,711.982,0.6842,101408,0.0064,297.07,3.3,-1.86
2016-10-04 22:00:00,0.0,346.91,608.352,0.6877,101354,0.0062,297.34,3.72,-1.92
2016-10-04 23:00:00,0.0,346.91,451.68,0.6877,101300,0.006,297.61,4.14,-1.97
2016-10-05 00:00:00,0.0,319.42,248.272,0.6877,101245,0.0058,297.88,4.56,-2.02
2016-10-05 01:00:00,0.0,319.42,100.688,0.1823,101241,0.0058,295.37,4.21,-1.55
2016-10-05 02:00:00,0.0,319.43,0.0,0.1823,101237,0.0057,292.85,3.86,-1.09
2016-10-05 03:00:00,0.0,294.64,0.0,0.1823,101233,0.0057,290.34,3.5,-0.62
2016-10-05 04:00:00,0.0,294.64,0.0,0.0341,101309,0.0057,289.01,3.43,-0.23
2016-10-05 05:00:00,0.0,294.64,0.0,0.0341,101385,0.0058,287.69,3.35,0.17
2016-10-05 06:00:00,0.0,284.68,0.0,0.0341,101461,0.0059,286.36,3.28,0.57
2016-10-05 07:00:00,0.0,284.69,0.0,0.0083,101463,0.0059,285.56,3.01,0.66
2016-10-05 08:00:00,0.0,284.69,0.0,0.0083,101465,0.006,284.77,2.74,0.75
2016-10-05 09:00:00,0.0,276.13,0.0,0.0083,101466,0.0061,283.97,2.47,0.84
2016-10-05 10:00:00,0.0,276.14,0.0,-0.0044,101520,0.006,283.71,2.16,0.74
2016-10-05 11:00:00,0.0,276.14,0.0,-0.0044,101574,0.0059,283.46,1.85,0.63
2016-10-05 12:00:00,0.0,274.92,0.0,-0.0044,101628,0.0059,283.2,1.54,0.53
2016-10-05 13:00:00,0.0,274.92,0.0,-0.0036,101624,0.0059,283.03,1.71,-0.05
2016-10-05 14:00:00,0.0,274.92,0.0,-0.0036,101620,0.0059,282.85,1.88,-0.63
2016-10-05 15:00:00,0.0,300.4,156.519,-0.0036,101616,0.0059,282.68,2.05,-1.2
2016-10-05 16:00:00,0.0,300.39,326.456,0.3298,101709,0.006,286.35,2.42,-1.56
2016-10-05 17:00:00,0.0,300.38,493.843,0.3298,101801,0.0061,290.03,2.78,-1.92
2016-10-05 18:00:00,0.0,334.03,626.95,0.3298,101893,0.0062,293.71,3.14,-2.28
2016-10-05 19:00:00,0.0,334.03,710.994,0.7782,101782,0.006,295.47,3.25,-2.63
2016-10-05 20:00:00,0.0,334.03,745.905,0.7782,101670,0.0057,297.23,3.35,-2.98
2016-10-05 21:00:00,0.0,337.64,721.351,0.7782,101558,0.0054,298.99,3.46,-3.33
2016-10-05 22:00:00,0.0,337.64,615.584,0.7343,101550,0.0051,299.04,3.63,-3.36
2016-10-05 23:00:00,0.0,337.64,455.944,0.7343,101543,0.0048,299.09,3.8,-3.39
2016-10-06 00:00:00,0.0,313.93,244.704,0.7343,101535,0.0046,299.14,3.96,-3.41
2016-10-06 01:00:00,0.0,313.94,96.848,0.2054,101534,0.0045,296.25,3.82,-2.66
2016-10-06 02:00:00,0.0,313.95,0.0,0.2054,101533,0.0045,293.37,3.68,-1.91
2016-10-06 03:00:00,0.0,290.68,0.0,0.2054,101532,0.0044,290.48,3.54,-1.16
2016-10-06 04:00:00,0.0,290.68,0.0,0.0368,101546,0.0045,289.1,3.51,-0.96
2016-10-06 05:00:00,0.0,290.69,0.0,0.0368,101562,0.0046,287.72,3.48,-0.77
2016-10-06 06:00:00,0.0,282.99,0.0,0.0368,101577,0.0046,286.34,3.46,-0.57
2016-10-06 07:00:00,0.0,282.99,0.0,0.0151,101618,0.0047,285.59,3.17,-0.71
2016-10-06 08:00:00,0.0,282.99,0.0,0.0151,101660,0.0048,284.84,2.89,-0.84
2016-10-06 09:00:00,0.0,274.1,0.0,0.0151,101702,0.0048,284.09,2.6,-0.98
2016-10-06 10:00:00,0.0,274.1,0.0,0.0026,101694,0.0049,283.72,2.3,-0.98
2016-10-06 11:00:00,0.0,274.1,0.0,0.0026,101686,0.0049,283.35,1.99,-0.98
2016-10-06 12:00:00,0.0,266.97,0.0,0.0026,101678,0.0049,282.98,1.68,-0.99
2016-10-06 13:00:00,0.0,266.97,0.0,0.0026,101659,0.0049,282.59,1.76,-1.0
2016-10-06 14:00:00,0.0,266.97,0.0,0.0026,101641,0.0049,282.21,1.84,-1.02
2016-10-06 15:00:00,0.0,292.8,153.759,0.0026,101621,0.005,281.83,1.92,-1.04
2016-10-06 16:00:00,0.0,292.79,323.736,0.3628,101672,0.0049,286.17,2.3,-1.44
2016-10-06 17:00:00,0.0,292.78,490.965,0.3628,101721,0.0049,290.52,2.69,-1.84
2016-10-06 18:00:00,0.0,326.94,621.52,0.3628,101772,0.0049,294.87,3.07,-2.25
2016-10-06 19:00:00,0.0,326.94,705.012,0.814,101678,0.0047,296.75,2.93,-2.55
2016-10-06 20:00:00,0.0,326.94,739.481,0.814,101583,0.0045,298.63,2.78,-2.86
2016-10-06 21:00:00,0.0,335.91,717.267,0.814,101489,0.0043,300.51,2.63,-3.16
2016-10-06 22:00:00,0.0,335.91,611.328,0.7472,101442,0.0042,300.75,2.63,-2.95
2016-10-06 23:00:00,0.0,335.91,451.68,0.7472,101395,0.004,300.98,2.64,-2.75
2016-10-07 00:00:00,0.0,318.93,244.496,0.7472,101347,0.0038,301.21,2.65,-2.54
2016-10-07 01:00:00,0.0,318.94,94.316,0.1315,101315,0.0039,298.54,2.84,-2.03
2016-10-07 02:00:00,0.0,318.94,0.0,0.1315,101283,0.004,295.87,3.03,-1.52
2016-10-07 03:00:00,0.0,296.31,0.0,0.1315,101251,0.004,293.19,3.22,-1.01
2016-10-07 04:00:00,0.0,296.32,0.0,0.0371,101304,0.0041,291.59,3.15,-0.71
2016-10-07 05:00:00,0.0,296.32,0.0,0.0371,101356,0.0041,289.99,3.08,-0.42
2016-10-07 06:00:00,0.0,289.41,0.0,0.0371,101408,0.0041,288.39,3.01,-0.12
2016-10-07 07:00:00,0.0,289.41,0.0,0.0199,101451,0.0042,287.99,2.59,0.02
2016-10-07 08:00:00,0.0,289.41,0.0,0.0199,101494,0.0042,287.59,2.18,0.16
2016-10-07 09:00:00,0.0,283.51,0.0,0.0199,101537,0.0043,287.2,1.76,0.3
2016-10-07 10:00:00,0.0,283.51,0.0,0.0085,101527,0.0043,286.53,1.52,0.39
2016-10-07 11:00:00,0.0,283.51,0.0,0.0085,101517,0.0043,285.86,1.28,0.48
2016-10-07 12:00:00,0.0,273.53,0.0,0.0085,101507,0.0044,285.2,1.04,0.57
2016-10-07 13:00:00,0.0,273.53,0.0,0.0059,101538,0.0044,284.8,0.69,0.41
2016-10-07 14:00:00,0.0,273.53,0.0,0.0059,101568,0.0044,284.4,0.34,0.24
2016-10-07 15:00:00,0.0,300.99,150.37,0.0059,101599,0.0045,284.0,-0.01,0.07
2016-10-07 16:00:00,0.0,300.98,319.696,0.3677,101655,0.0045,288.36,0.28,-0.36
2016-10-07 17:00:00,0.0,300.96,486.097,0.3677,101710,0.0045,292.73,0.57,-0.8
2016-10-07 18:00:00,0.0,342.26,612.169,0.3677,101766,0.0045,297.09,0.87,-1.23
2016-10-07 19:00:00,0.0,342.25,694.587,0.8292,101607,0.0043,299.48,0.94,-1.54
2016-10-07 20:00:00,0.0,342.25,728.401,0.8292,101448,0.004,301.87,1.01,-1.85
2016-10-07 21:00:00,0.0,355.46,700.645,0.8292,101289,0.0038,304.26,1.08,-2.16
2016-10-07 22:00:00,0.0,355.46,596.4,0.7808,101237,0.0036,304.76,1.21,-2.27
2016-10-07 23:00:00,0.0,355.46,439.56,0.7808,101187,0.0034,305.25,1.34,-2.38
2016-10-08 00:00:00,0.0,332.62,235.624,0.7808,101135,0.0032,305.75,1.47,-2.49
2016-10-08 01:00:00,0.0,332.63,88.472,0.1181,101112,0.0033,303.33,1.64,-2.04
2016-10-08 02:00:00,0.0,332.63,0.0,0.1181,101088,0.0033,300.92,1.81,-1.6
2016-10-08 03:00:00,0.0,307.09,0.0,0.1181,101064,0.0034,298.5,1.98,-1.16
2016-10-08 04:00:00,0.0,307.09,0.0,0.0255,101098,0.0034,296.91,1.89,-0.68
2016-10-08 05:00:00,0.0,307.1,0.0,0.0255,101131,0.0035,295.32,1.81,-0.2
2016-10-08 06:00:00,0.0,298.06,0.0,0.0255,101164,0.0035,293.72,1.72,0.27
2016-10-08 07:00:00,0.0,298.07,0.0,0.0201,101180,0.0036,292.63,1.32,0.14
2016-10-08 08:00:00,0.0,298.07,0.0,0.0201,101197,0.0036,291.54,0.91,0.0
2016-10-08 09:00:00,0.0,287.62,0.0,0.0201,101214,0.0037,290.45,0.51,-0.14
2016-10-08 10:00:00,0.0,287.62,0.0,0.0133,101222,0.0037,289.51,0.25,0.04
2016-10-08 11:00:00,0.0,287.63,0.0,0.0133,101230,0.0038,288.58,-0.01,0.23
2016-10-08 12:00:00,0.0,287.7,0.0,0.0133,101239,0.0038,287.64,-0.26,0.42
2016-10-08 13:00:00,0.0,287.71,0.0,0.015,101193,0.0038,287.18,-0.02,-0.1
2016-10-08 14:00:00,0.0,287.71,0.0,0.015,101147,0.0038,286.73,0.22,-0.61
2016-10-08 15:00:00,0.0,314.51,147.177,0.015,101102,0.0038,286.27,0.45,-1.12
2016-10-08 16:00:00,0.0,314.49,316.1,0.4102,101228,0.0039,290.86,0.59,-1.03
2016-10-08 17:00:00,0.0,314.48,481.892,0.4102,101355,0.004,295.45,0.73,-0.94
2016-10-08 18:00:00,0.0,358.52,614.482,0.4102,101482,0.004,300.04,0.87,-0.84
2016-10-08 19:00:00,0.0,358.51,697.405,0.8718,101328,0.004,302.37,0.71,-0.9
2016-10-08 20:00:00,0.0,358.51,731.227,0.8718,101174,0.004,304.69,0.56,-0.95
2016-10-08 21:00:00,0.0,370.72,704.57,0.8718,101020,0.004,307.02,0.4,-1.01
2016-10-08 22:00:00,0.0,370.72,598.992,0.7681,101028,0.0039,307.41,0.7,-0.95
2016-10-08 23:00:00,0.0,370.72,440.368,0.7681,101036,0.0039,307.81,1.0,-0.89
2016-10-09 00:00:00,0.0,337.27,232.464,0.7681,101044,0.0038,308.21,1.31,-0.83
2016-10-09 01:00:00,0.0,337.28,84.838,0.0973,100994,0.0037,305.41,1.77,-0.82
2016-10-09 02:00:00,0.0,337.29,0.0,0.0973,100945,0.0035,302.61,2.23,-0.82
2016-10-09 03:00:00,0.0,308.39,0.0,0.0973,100895,0.0033,299.81,2.7,-0.81
2016-10-09 04:00:00,0.0,308.4,0.0,0.0419,100984,0.0034,297.53,2.86,-0.76
2016-10-09 05:00:00,0.0,308.41,0.0,0.0419,101072,0.0035,295.24,3.02,-0.7
2016-10-09 06:00:00,0.0,299.15,0.0,0.0419,101160,0.0036,292.96,3.18,-0.64
2016-10-09 07:00:00,0.0,299.15,0.0,0.0264,101145,0.0037,292.24,2.57,-0.43
2016-10-09 08:00:00,0.0,299.15,0.0,0.0264,101130,0.0037,291.52,1.95,-0.21
2016-10-09 09:00:00,0.0,288.47,0.0,0.0264,101115,0.0038,290.81,1.34,0.0
2016-10-09 10:00:00,0.0,288.47,0.0,0.0151,101154,0.0039,289.79,1.3,0.03
2016-10-09 11:00:00,0.0,288.47,0.0,0.0151,101194,0.0039,288.78,1.25,0.06
2016-10-09 12:00:00,0.0,282.11,0.0,0.0151,101233,0.004,287.77,1.21,0.09
2016-10-09 13:00:00,0.0,282.11,0.0,0.0135,101241,0.004,287.27,1.1,0.14
2016-10-09 14:00:00,0.0,282.11,0.0,0.0135,101248,0.004,286.77,1.0,0.19
2016-10-09 15:00:00,0.0,308.91,144.936,0.0135,101256,0.0041,286.28,0.89,0.24
2016-10-09 16:00:00,0.0,308.9,314.608,0.4016,101315,0.0042,290.69,0.78,0.38
2016-10-09 17:00:00,0.0,308.89,480.921,0.4016,101375,0.0043,295.09,0.67,0.52
2016-10-09 18:00:00,0.0,352.38,610.13,0.4016,101435,0.0045,299.5,0.55,0.66
2016-10-09 19:00:00,0.0,352.38,692.672,0.8484,101369,0.0044,301.87,0.83,0.56
2016-10-09 20:00:00,0.0,352.37,726.131,0.8484,101303,0.0043,304.23,1.11,0.46
2016-10-09 21:00:00,0.0,366.7,688.333,0.8484,101237,0.0043,306.6,1.38,0.36
2016-10-09 22:00:00,0.0,366.7,584.432,0.7623,101181,0.0042,306.87,2.03,0.25
2016-10-09 23:00:00,0.0,366.7,428.576,0.7623,101127,0.0041,307.15,2.67,0.13
2016-10-10 00:00:00,0.0,336.36,244.888,0.7623,101072,0.004,307.43,3.32,0.02
2016-10-10 01:00:00,0.0,336.37,86.728,0.1568,101051,0.0038,303.75,3.53,-0.26
2016-10-10 02:00:00,0.0,336.38,0.0,0.1568,101029,0.0037,300.07,3.75,-0.54
2016-10-10 03:00:00,0.0,319.03,0.0,0.1568,101008,0.0036,296.39,3.97,-0.82
2016-10-10 04:00:00,0.0,319.03,0.0,0.0617,101066,0.0037,294.94,3.74,-0.8
2016-10-10 05:00:00,0.0,319.03,0.0,0.0617,101124,0.0039,293.49,3.52,-0.78
2016-10-10 06:00:00,0.0,320.47,0.0,0.0617,101182,0.004,292.04,3.29,-0.75
2016-10-10 07:00:00,0.0,320.47,0.0,0.0397,101194,0.0041,291.27,2.91,-0.28
2016-10-10 08:00:00,0.0,320.47,0.0,0.0397,101207,0.0043,290.5,2.53,0.19
2016-10-10 09:00:00,0.0,314.34,0.0,0.0397,101219,0.0044,289.73,2.14,0.66
2016-10-10 10:00:00,0.0,314.34,0.0,0.0294,101243,0.0044,288.93,2.12,0.66
2016-10-10 11:00:00,0.0,314.34,0.0,0.0294,101267,0.0045,288.13,2.1,0.67
2016-10-10 12:00:00,0.0,289.69,0.0,0.0294,101291,0.0046,287.33,2.07,0.67
2016-10-10 13:00:00,0.0,289.69,0.0,0.0164,101294,0.0046,287.1,1.95,0.45
2016-10-10 14:00:00,0.0,289.69,0.0,0.0164,101296,0.0046,286.87,1.84,0.22
2016-10-10 15:00:00,0.0,334.51,133.492,0.0164,101299,0.0046,286.63,1.72,0.0
2016-10-10 16:00:00,0.0,334.5,292.936,0.4056,101376,0.0048,290.3,1.59,0.19
2016-10-10 17:00:00,0.0,334.49,449.052,0.4056,101452,0.0051,293.97,1.46,0.37
2016-10-10 18:00:00,0.0,369.47,528.262,0.4056,101529,0.0053,297.64,1.33,0.56
2016-10-10 19:00:00,0.0,369.46,599.903,0.7498,101409,0.0052,299.35,1.63,0.53
2016-10-10 20:00:00,0.0,369.46,628.784,0.7498,101289,0.0052,301.06,1.93,0.51
2016-10-10 21:00:00,0.0,383.41,598.945,0.7498,101169,0.0051,302.78,2.23,0.48
2016-10-10 22:00:00,0.0,383.41,507.904,0.6984,101179,0.0051,302.94,2.76,0.63
2016-10-10 23:00:00,0.0,383.41,371.512,0.6984,101190,0.005,303.09,3.28,0.78
2016-10-11 00:00:00,0.0,326.73,210.288,0.6984,101200,0.005,303.25,3.81,0.92
2016-10-11 01:00:00,0.0,326.74,72.146,0.1592,101212,0.005,299.76,3.75,0.36
2016-10-11 02:00:00,0.0,326.75,0.0,0.1592,101224,0.0051,296.27,3.69,-0.2
2016-10-11 03:00:00,0.0,296.98,0.0,0.1592,101235,0.0051,292.78,3.63,-0.76
2016-10-11 04:00:00,0.0,296.98,0.0,0.0419,101285,0.0053,291.14,3.53,-0.62
2016-10-11 05:00:00,0.0,296.99,0.0,0.0419,101336,0.0055,289.51,3.44,-0.47
2016-10-11 06:00:00,0.0,290.51,0.0,0.0419,101386,0.0056,287.87,3.34,-0.32
2016-10-11 07:00:00,0.0,290.51,0.0,0.014,101477,0.0057,287.22,2.88,-0.04
2016-10-11 08:00:00,0.0,290.52,0.0,0.014,101568,0.0059,286.57,2.41,0.24
2016-10-11 09:00:00,0.0,285.65,0.0,0.014,101660,0.006,285.91,1.95,0.52
2016-10-11 10:00:00,0.0,285.65,0.0,0.0,101643,0.006,285.46,1.45,0.48
2016-10-11 11:00:00,0.0,285.65,0.0,0.0,101627,0.006,285.01,0.96,0.45
2016-10-11 12:00:00,0.0,280.14,0.0,0.0,101611,0.0061,284.56,0.46,0.42
2016-10-11 13:00:00,0.0,280.14,0.0,-0.0033,101652,0.0061,284.25,0.67,0.41
2016-10-11 14:00:00,0.0,280.14,0.0,-0.0033,101693,0.0061,283.94,0.88,0.4
2016-10-11 15:00:00,0.0,305.62,137.221,-0.0033,101733,0.0061,283.63,1.09,0.38
2016-10-11 16:00:00,0.0,305.61,304.558,0.3165,101761,0.0064,287.25,1.49,0.06
2016-10-11 17:00:00,0.0,305.6,468.207,0.3165,101789,0.0066,290.86,1.9,-0.27
2016-10-11 18:00:00,0.0,343.08,598.516,0.3165,101817,0.0069,294.48,2.3,-0.6
2016-10-11 19:00:00,0.0,343.08,679.898,0.7083,101778,0.0068,296.33,2.38,-0.56
2016-10-11 20:00:00,0.0,343.07,712.509,0.7083,101739,0.0067,298.18,2.46,-0.53
2016-10-11 21:00:00,0.0,355.12,679.148,0.7083,101700,0.0066,300.04,2.55,-0.5
2016-10-11 22:00:00,0.0,355.12,575.168,0.6506,101655,0.0065,300.4,2.62,-0.74
2016-10-11 23:00:00,0.0,355.12,419.64,0.6506,101609,0.0064,300.77,2.7,-0.98
2016-10-12 00:00:00,0.0,325.24,217.96,0.6506,101564,0.0063,301.13,2.78,-1.22
2016-10-12 01:00:00,0.0,325.25,72.306,0.1354,101545,0.0061,298.12,3.05,-0.83
2016-10-12 02:00:00,0.0,325.26,0.0,0.1354,101527,0.0059,295.11,3.32,-0.45
2016-10-12 03:00:00,0.0,302.49,0.0,0.1354,101509,0.0056,292.1,3.6,-0.06
2016-10-12 04:00:00,0.0,302.49,0.0,0.0339,101539,0.0058,290.66,3.48,-0.08
2016-10-12 05:00:00,0.0,302.5,0.0,0.0339,101570,0.0059,289.23,3.36,-0.11
2016-10-12 06:00:00,0.0,299.06,0.0,0.0339,101600,0.006,287.79,3.25,-0.13
2016-10-12 07:00:00,0.0,299.06,0.0,0.0147,101637,0.006,286.88,3.15,0.06
2016-10-12 08:00:00,0.0,299.06,0.0,0.0147,101674,0.0061,285.96,3.05,0.24
2016-10-12 09:00:00,0.0,295.16,0.0,0.0147,101710,0.0062,285.05,2.95,0.42
2016-10-12 10:00:00,0.0,295.16,0.0,0.0016,101708,0.0062,284.65,2.63,0.38
2016-10-12 11:00:00,0.0,295.16,0.0,0.0016,101705,0.0063,284.26,2.32,0.34
2016-10-12 12:00:00,0.0,281.41,0.0,0.0016,101703,0.0063,283.87,2.01,0.3
2016-10-12 13:00:00,0.0,281.41,0.0,-0.0045,101681,0.0063,283.68,1.78,0.37
2016-10-12 14:00:00,0.0,281.41,0.0,-0.0045,101660,0.0063,283.49,1.54,0.45
2016-10-12 15:00:00,0.0,303.91,134.082,-0.0045,101638,0.0063,283.31,1.31,0.52
2016-10-12 16:00:00,0.0,303.9,301.174,0.2953,101683,0.0065,286.73,1.49,0.44
2016-10-12 17:00:00,0.0,303.89,464.344,0.2953,101728,0.0066,290.15,1.68,0.35
2016-10-12 18:00:00,0.0,339.56,595.379,0.2953,101774,0.0068,293.58,1.86,0.27
2016-10-12 19:00:00,0.0,339.55,676.561,0.6893,101716,0.0066,295.54,1.91,0.29
2016-10-12 20:00:00,0.0,339.55,708.913,0.6893,101658,0.0064,297.5,1.96,0.31
2016-10-12 21:00:00,0.0,351.49,677.701,0.6893,101599,0.0063,299.45,2.01,0.32
2016-10-12 22:00:00,0.0,351.49,573.216,0.658,101576,0.0062,299.82,2.69,0.2
2016-10-12 23:00:00,0.0,351.49,417.136,0.658,101553,0.006,300.19,3.38,0.08
2016-10-13 00:00:00,0.0,332.06,205.136,0.658,101531,0.0059,300.56,4.06,-0.05
2016-10-13 01:00:00,0.0,332.07,65.668,0.1447,101477,0.006,297.67,3.84,-0.22
2016-10-13 02:00:00,0.0,332.07,0.0,0.1447,101423,0.0061,294.78,3.62,-0.39
2016-10-13 03:00:00,0.0,307.98,0.0,0.1447,101369,0.0062,291.89,3.4,-0.55
2016-10-13 04:00:00,0.0,307.99,0.0,0.0358,101451,0.0063,290.48,3.43,-0.26
2016-10-13 05:00:00,0.0,307.99,0.0,0.0358,101532,0.0065,289.06,3.45,0.03
2016-10-13 06:00:00,0.0,318.61,0.0,0.0358,101614,0.0066,287.65,3.48,0.33
2016-10-13 07:00:00,0.0,318.61,0.0,0.0166,101631,0.0066,287.18,2.96,0.49
2016-10-13 08:00:00,0.0,318.61,0.0,0.0166,101649,0.0067,286.7,2.44,0.66
2016-10-13 09:00:00,0.0,309.01,0.0,0.0166,101667,0.0068,286.23,1.93,0.82
2016-10-13 10:00:00,0.0,309.02,0.0,0.0028,101636,0.0068,285.74,1.51,0.99
2016-10-13 11:00:00,0.0,309.02,0.0,0.0028,101605,0.0068,285.25,1.08,1.16
2016-10-13 12:00:00,0.0,297.32,0.0,0.0028,101574,0.0069,284.76,0.66,1.33
2016-10-13 13:00:00,0.0,297.32,0.0,0.0002,101524,0.0068,284.8,0.49,1.14
2016-10-13 14:00:00,0.0,297.32,0.0,0.0002,101474,0.0067,284.84,0.32,0.95
2016-10-13 15:00:00,0.0,353.69,103.104,0.0002,101424,0.0066,284.87,0.15,0.76
2016-10-13 16:00:00,0.0,353.68,234.428,0.2814,101504,0.0067,288.03,0.85,0.47
2016-10-13 17:00:00,0.0,353.67,362.542,0.2814,101584,0.0067,291.19,1.55,0.18
2016-10-13 18:00:00,0.0,394.63,380.247,0.2814,101664,0.0068,294.35,2.24,-0.11
2016-10-13 19:00:00,0.0,394.63,432.237,0.5464,101613,0.0068,295.61,1.15,0.21
2016-10-13 20:00:00,0.0,394.63,452.847,0.5464,101562,0.0068,296.86,0.07,0.53
2016-10-13 21:00:00,0.0,415.66,299.63,0.5464,101512,0.0067,298.12,-1.02,0.85
2016-10-13 22:00:00,0.0,415.66,253.12,0.3987,101468,0.0067,298.14,-0.72,0.88
2016-10-13 23:00:00,0.0,415.66,183.712,0.3987,101426,0.0068,298.16,-0.42,0.92
2016-10-14 00:00:00,0.0,364.72,172.264,0.3987,101382,0.0068,298.18,-0.12,0.95
2016-10-14 01:00:00,0.0,364.72,53.094,0.1049,101297,0.0067,296.85,-0.05,0.66
2016-10-14 02:00:00,0.0,364.73,0.0,0.1049,101213,0.0066,295.52,0.01,0.37
2016-10-14 03:00:00,0.0,353.38,0.0,0.1049,101128,0.0065,294.18,0.08,0.08
2016-10-14 04:00:00,0.0,353.38,0.0,0.0313,101232,0.0066,293.36,0.38,0.51
2016-10-14 05:00:00,0.0,353.38,0.0,0.0313,101336,0.0067,292.54,0.68,0.93
2016-10-14 06:00:00,0.0,376.17,0.0,0.0313,101439,0.0068,291.72,0.99,1.35
2016-10-14 07:00:00,0.0,376.17,0.0,0.049,101378,0.007,291.57,0.18,1.56
2016-10-14 08:00:00,0.0,376.17,0.0,0.049,101316,0.0072,291.42,-0.63,1.78
2016-10-14 09:00:00,0.0,387.97,0.0,0.049,101254,0.0074,291.27,-1.44,1.99
2016-10-14 10:00:00,0.0,387.97,0.0,0.0672,101241,0.0082,291.26,-1.34,2.23
2016-10-14 11:00:00,0.0,387.97,0.0,0.0672,101227,0.009,291.24,-1.25,2.47
2016-10-14 12:00:00,0.0,395.7,0.0,0.0672,101214,0.0098,291.23,-1.16,2.72
2016-10-14 13:00:00,0.0,395.7,0.0,0.0901,101184,0.01,291.26,-1.36,2.64
2016-10-14 14:00:00,0.0,395.7,0.0,0.0901,101155,0.0101,291.28,-1.55,2.56
2016-10-14 15:00:00,0.0,403.75,28.839,0.0901,101125,0.0103,291.31,-1.74,2.48
2016-10-14 16:00:00,0.0,403.74,66.418,0.1298,101191,0.0109,291.96,-2.13,3.15
2016-10-14 17:00:00,0.0,403.74,103.049,0.1298,101257,0.0114,292.6,-2.51,3.83
2016-10-14 18:00:00,0.002,407.28,126.199,0.1298,101323,0.012,293.24,-2.9,4.5
2016-10-14 19:00:00,0.1336,407.28,143.512,0.1506,101352,0.0123,293.27,-2.99,4.5
2016-10-14 20:00:00,1.3284,407.28,150.334,0.1506,101383,0.0126,293.29,-3.09,4.49
2016-10-14 21:00:00,1.2224,407.11,187.785,0.1506,101412,0.0129,293.31,-3.19,4.49
2016-10-14 22:00:00,1.532,407.11,158.432,0.1475,101382,0.0126,293.29,-3.09,4.34
2016-10-14 23:00:00,1.624,407.11,114.696,0.1475,101353,0.0123,293.28,-3.0,4.19
2016-10-15 00:00:00,2.1684,384.57,80.428,0.1475,101323,0.012,293.26,-2.9,4.04
2016-10-15 01:00:00,2.106,384.58,23.808,0.0609,101290,0.0111,291.37,-2.41,2.66
2016-10-15 02:00:00,1.4692,384.59,0.0,0.0609,101258,0.0103,289.48,-1.91,1.28
2016-10-15 03:00:00,0.2292,387.58,0.0,0.0609,101224,0.0095,287.59,-1.42,-0.1
2016-10-15 04:00:00,0.5108,387.58,0.0,0.026,101281,0.0099,288.21,-1.29,0.36
2016-10-15 05:00:00,0.1846,387.57,0.0,0.026,101337,0.0102,288.83,-1.16,0.81
2016-10-15 06:00:00,0.0,372.95,0.0,0.026,101392,0.0106,289.45,-1.03,1.26
2016-10-15 07:00:00,0.024,372.95,0.0,0.0073,101376,0.0106,289.12,-0.83,1.56
2016-10-15 08:00:00,0.4156,372.95,0.0,0.0073,101360,0.0106,288.8,-0.63,1.86
2016-10-15 09:00:00,0.0,369.53,0.0,0.0073,101343,0.0106,288.47,-0.43,2.16
2016-10-15 10:00:00,0.0,369.53,0.0,0.0019,101323,0.0106,288.56,-0.91,1.94
2016-10-15 11:00:00,0.0,369.53,0.0,0.0019,101303,0.0105,288.65,-1.39,1.72
2016-10-15 12:00:00,0.0,348.14,0.0,0.0019,101283,0.0105,288.74,-1.88,1.5
2016-10-15 13:00:00,0.01,348.14,0.0,-0.0041,101261,0.0104,288.58,-1.77,1.85
2016-10-15 14:00:00,0.0,348.14,0.0,-0.0041,101240,0.0103,288.42,-1.67,2.2
2016-10-15 15:00:00,0.0,354.84,64.505,-0.0041,101218,0.0102,288.25,-1.56,2.56
2016-10-15 16:00:00,0.0,354.83,150.544,0.1466,101138,0.0104,289.91,-1.88,3.11
2016-10-15 17:00:00,0.0,354.83,234.286,0.1466,101056,0.0107,291.56,-2.21,3.66
2016-10-15 18:00:00,0.0,392.45,224.202,0.1466,100975,0.0109,293.21,-2.53,4.22
2016-10-15 19:00:00,0.0,392.45,255.068,0.2837,100971,0.0113,293.64,-2.3,4.6
2016-10-15 20:00:00,0.32,392.45,267.161,0.2837,100967,0.0116,294.07,-2.08,4.98
2016-10-15 21:00:00,0.0,416.22,128.615,0.2837,100963,0.0119,294.5,-1.85,5.37
2016-10-15 22:00:00,0.0,416.22,108.384,0.2031,100900,0.0118,294.9,-1.96,5.94
2016-10-15 23:00:00,0.0,416.22,78.248,0.2031,100837,0.0116,295.31,-2.08,6.52
2016-10-16 00:00:00,0.0192,403.26,54.66,0.2031,100773,0.0114,295.71,-2.19,7.09
2016-10-16 01:00:00,0.2368,403.26,15.498,0.137,100764,0.0112,294.81,-0.77,6.15
2016-10-16 02:00:00,1.3216,403.26,0.0,0.137,100754,0.0111,293.92,0.66,5.21
2016-10-16 03:00:00,1.848,386.1,0.0,0.137,100744,0.0109,293.02,2.08,4.27
2016-10-16 04:00:00,0.672,386.1,0.0,0.0521,100804,0.0107,292.29,2.03,3.66
2016-10-16 05:00:00,0.542,386.11,0.0,0.0521,100865,0.0105,291.57,1.99,3.05
2016-10-16 06:00:00,0.2796,363.58,0.0,0.0521,100925,0.0104,290.85,1.94,2.44
2016-10-16 07:00:00,0.5036,363.58,0.0,0.0239,100991,0.0102,290.53,1.36,2.66
2016-10-16 08:00:00,0.3696,363.58,0.0,0.0239,101056,0.0101,290.22,0.79,2.88
2016-10-16 09:00:00,0.7672,377.7,0.0,0.0239,101122,0.01,289.91,0.21,3.1
2016-10-16 10:00:00,0.6416,377.7,0.0,0.0424,101052,0.01,289.73,0.06,3.11
2016-10-16 11:00:00,0.3016,377.7,0.0,0.0424,100982,0.01,289.54,-0.08,3.11
2016-10-16 12:00:00,0.21,364.83,0.0,0.0424,100911,0.01,289.36,-0.23,3.11
2016-10-16 13:00:00,0.1348,364.83,0.0,0.0196,100911,0.0101,289.25,-0.48,2.86
2016-10-16 14:00:00,0.1236,364.83,0.0,0.0196,100911,0.0102,289.15,-0.74,2.61
2016-10-16 15:00:00,0.6274,383.58,41.268,0.0196,100912,0.0104,289.04,-0.99,2.36
2016-10-16 16:00:00,1.4192,383.58,97.67,0.1141,100918,0.0105,289.23,-0.75,2.89
2016-10-16 17:00:00,3.3276,383.58,152.476,0.1141,100924,0.0107,289.41,-0.51,3.41
2016-10-16 18:00:00,2.7452,388.53,108.035,0.1141,100930,0.0108,289.6,-0.27,3.94
2016-10-16 19:00:00,3.4816,388.53,122.962,0.1034,100888,0.0109,289.71,-0.19,3.35
2016-10-16 20:00:00,4.6296,388.53,128.782,0.1034,100844,0.0109,289.83,-0.1,2.75
2016-10-16 21:00:00,4.1064,389.1,129.051,0.1034,100802,0.011,289.95,-0.02,2.15
2016-10-16 22:00:00,4.718,389.1,108.608,0.0962,100802,0.0107,290.04,0.21,2.68
2016-10-16 23:00:00,2.3292,389.1,78.208,0.0962,100803,0.0103,290.13,0.44,3.21
2016-10-17 00:00:00,0.586,367.77,92.588,0.0962,100803,0.01,290.22,0.67,3.74
2016-10-17 01:00:00,0.066,367.78,25.069,0.0734,100791,0.0097,289.48,1.18,3.36
2016-10-17 02:00:00,0.0836,367.78,0.0,0.0734,100779,0.0095,288.74,1.68,2.98
2016-10-17 03:00:00,0.1184,342.18,0.0,0.0734,100767,0.0092,288.0,2.18,2.6
2016-10-17 04:00:00,0.4332,342.19,0.0,0.0089,100873,0.0091,287.36,1.72,1.95
2016-10-17 05:00:00,0.2136,342.19,0.0,0.0089,100980,0.0089,286.72,1.25,1.3
2016-10-17 06:00:00,0.0364,330.16,0.0,0.0089,101086,0.0087,286.07,0.79,0.65
2016-10-17 07:00:00,0.004,330.17,0.0,-0.0021,101116,0.0086,285.9,0.47,1.12
2016-10-17 08:00:00,0.0,330.17,0.0,-0.0021,101147,0.0085,285.73,0.15,1.59
2016-10-17 09:00:00,0.0,328.63,0.0,-0.0021,101177,0.0084,285.57,-0.17,2.06
2016-10-17 10:00:00,0.0,328.63,0.0,-0.0043,101227,0.0084,285.64,-0.15,1.78
2016-10-17 11:00:00,0.0,328.63,0.0,-0.0043,101276,0.0084,285.72,-0.13,1.5
2016-10-17 12:00:00,0.1156,331.16,0.0,-0.0043,101326,0.0084,285.8,-0.11,1.22
2016-10-17 13:00:00,0.0,331.16,0.0,-0.0028,101391,0.0084,285.96,0.16,0.81
2016-10-17 14:00:00,0.0,331.16,0.0,-0.0028,101455,0.0085,286.12,0.43,0.39
2016-10-17 15:00:00,0.1068,357.25,79.876,-0.0028,101520,0.0085,286.28,0.69,-0.02
2016-10-17 16:00:00,0.0,357.24,191.851,0.1651,101584,0.0086,288.09,1.1,-0.1
2016-10-17 17:00:00,0.0,357.24,300.549,0.1651,101649,0.0087,289.9,1.5,-0.18
2016-10-17 18:00:00,0.0,349.41,503.825,0.1651,101713,0.0088,291.71,1.9,-0.26
2016-10-17 19:00:00,0.0,349.41,573.644,0.5015,101679,0.0085,292.66,2.03,-0.71
2016-10-17 20:00:00,0.0,349.41,600.731,0.5015,101645,0.0082,293.6,2.15,-1.16
2016-10-17 21:00:00,0.0,370.28,456.024,0.5015,101610,0.0079,294.55,2.27,-1.62
2016-10-17 22:00:00,0.0,370.28,383.28,0.3899,101610,0.0078,294.54,2.76,-1.43
2016-10-17 23:00:00,0.0,370.28,275.272,0.3899,101610,0.0077,294.52,3.26,-1.25
2016-10-18 00:00:00,0.0,362.72,167.504,0.3899,101610,0.0075,294.51,3.75,-1.07
2016-10-18 01:00:00,0.0,362.73,43.164,0.1221,101593,0.0076,293.18,3.42,-1.12
2016-10-18 02:00:00,0.0,362.73,0.0,0.1221,101577,0.0076,291.85,3.08,-1.18
2016-10-18 03:00:00,0.0,361.9,0.0,0.1221,101561,0.0077,290.52,2.74,-1.23
2016-10-18 04:00:00,0.0,361.9,0.0,0.0586,101615,0.0077,290.01,2.81,-1.0
2016-10-18 05:00:00,0.0,361.91,0.0,0.0586,101671,0.0077,289.5,2.88,-0.77
2016-10-18 06:00:00,0.0,335.68,0.0,0.0586,101726,0.0078,288.99,2.95,-0.53
2016-10-18 07:00:00,0.0,335.68,0.0,0.0194,101761,0.0078,288.09,2.93,-0.54
2016-10-18 08:00:00,0.0,335.69,0.0,0.0194,101797,0.0077,287.19,2.91,-0.55
2016-10-18 09:00:00,0.0,300.57,0.0,0.0194,101833,0.0077,286.29,2.89,-0.55
2016-10-18 10:00:00,0.0,300.58,0.0,0.0,101853,0.0075,285.61,2.65,-0.39
2016-10-18 11:00:00,0.0,300.58,0.0,0.0,101873,0.0073,284.94,2.41,-0.23
2016-10-18 12:00:00,0.0,282.07,0.0,0.0,101893,0.0072,284.26,2.16,-0.08
2016-10-18 13:00:00,0.0,282.08,0.0,-0.0062,101974,0.0071,284.02,2.21,-0.21
2016-10-18 14:00:00,0.0,282.08,0.0,-0.0062,102056,0.0071,283.77,2.26,-0.34
2016-10-18 15:00:00,0.0,294.04,114.626,-0.0062,102138,0.0071,283.52,2.31,-0.47
2016-10-18 16:00:00,0.0,294.03,279.537,0.2306,102188,0.0072,286.17,2.82,-1.33
2016-10-18 17:00:00,0.0,294.02,439.446,0.2306,102239,0.0073,288.82,3.33,-2.18
2016-10-18 18:00:00,0.0,321.57,535.919,0.2306,102290,0.0074,291.46,3.84,-3.03
2016-10-18 19:00:00,0.0,321.57,610.458,0.5898,102253,0.007,292.48,3.51,-3.4
2016-10-18 20:00:00,0.0,321.57,639.229,0.5898,102216,0.0066,293.5,3.18,-3.78
2016-10-18 21:00:00,0.0,328.65,613.516,0.5898,102179,0.0062,294.51,2.86,-4.15
2016-10-18 22:00:00,0.0,328.65,514.992,0.5416,102136,0.006,294.63,2.85,-3.87
2016-10-18 23:00:00,0.0,328.65,368.888,0.5416,102092,0.0059,294.74,2.85,-3.59
2016-10-19 00:00:00,0.0,306.95,187.908,0.5416,102049,0.0058,294.85,2.84,-3.32
2016-10-19 01:00:00,0.0,306.95,45.908,0.0854,102026,0.0061,292.79,2.78,-2.96
2016-10-19 02:00:00,0.0,306.96,0.0,0.0854,102003,0.0063,290.73,2.72,-2.61
2016-10-19 03:00:00,0.0,288.94,0.0,0.0854,101979,0.0066,288.67,2.66,-2.26
2016-10-19 04:00:00,0.0,288.94,0.0,0.0191,101979,0.0066,287.58,2.78,-1.88
2016-10-19 05:00:00,0.0,288.95,0.0,0.0191,101979,0.0066,286.49,2.9,-1.5
2016-10-19 06:00:00,0.0,283.98,0.0,0.0191,101980,0.0066,285.4,3.02,-1.12
2016-10-19 07:00:00,0.0,283.99,0.0,0.006,101995,0.0065,284.66,2.85,-1.15
2016-10-19 08:00:00,0.0,283.99,0.0,0.006,102010,0.0064,283.91,2.67,-1.18
2016-10-19 09:00:00,0.0,276.8,0.0,0.006,102025,0.0063,283.17,2.49,-1.2
2016-10-19 10:00:00,0.0,276.8,0.0,-0.0016,102062,0.0062,282.55,2.57,-0.99
2016-10-19 11:00:00,0.0,276.8,0.0,-0.0016,102098,0.006,281.92,2.65,-0.78
2016-10-19 12:00:00,0.0,266.16,0.0,-0.0016,102134,0.0059,281.29,2.73,-0.58
2016-10-19 13:00:00,0.0,266.16,0.0,-0.0051,102148,0.0058,281.11,2.44,-0.6
2016-10-19 14:00:00,0.0,266.16,0.0,-0.0051,102162,0.0058,280.93,2.15,-0.63
2016-10-19 15:00:00,0.0,282.94,111.879,-0.0051,102175,0.0057,280.75,1.86,-0.66
2016-10-19 16:00:00,0.0,282.93,277.211,0.2281,102194,0.0059,284.04,2.23,-1.08
2016-10-19 17:00:00,0.0,282.92,437.329,0.2281,102213,0.006,287.32,2.6,-1.5
2016-10-19 18:00:00,0.0,313.15,563.297,0.2281,102232,0.0061,290.6,2.96,-1.92
2016-10-19 19:00:00,0.0,313.15,641.931,0.6071,102182,0.0059,292.41,2.65,-2.35
2016-10-19 20:00:00,0.0,313.14,672.15,0.6071,102131,0.0058,294.22,2.33,-2.78
2016-10-19 21:00:00,0.0,325.17,634.961,0.6071,102080,0.0056,296.03,2.02,-3.21
2016-10-19 22:00:00,0.0,325.17,532.32,0.5555,102034,0.0055,296.41,2.16,-3.12
2016-10-19 23:00:00,0.0,325.17,380.28,0.5555,101988,0.0054,296.8,2.29,-3.02
2016-10-20 00:00:00,0.0,304.5,179.652,0.5555,101942,0.0053,297.19,2.43,-2.92
2016-10-20 01:00:00,0.0,304.51,41.434,0.0729,101908,0.0054,294.89,2.52,-2.29
2016-10-20 02:00:00,0.0,304.51,0.0,0.0729,101875,0.0056,292.59,2.62,-1.65
2016-10-20 03:00:00,0.0,290.22,0.0,0.0729,101841,0.0057,290.29,2.71,-1.01
2016-10-20 04:00:00,0.0,290.22,0.0,0.0204,101870,0.0057,289.3,2.58,-0.65
2016-10-20 05:00:00,0.0,290.23,0.0,0.0204,101898,0.0057,288.32,2.46,-0.28
2016-10-20 06:00:00,0.0,285.2,0.0,0.0204,101926,0.0056,287.33,2.33,0.09
2016-10-20 07:00:00,0.0,285.2,0.0,0.0105,101962,0.0056,286.88,1.92,0.28
2016-10-20 08:00:00,0.0,285.2,0.0,0.0105,101997,0.0055,286.43,1.51,0.46
2016-10-20 09:00:00,0.0,281.47,0.0,0.0105,102033,0.0055,285.98,1.1,0.64
2016-10-20 10:00:00,0.0,281.47,0.0,0.0035,102004,0.0054,285.4,0.72,0.55
2016-10-20 11:00:00,0.0,281.48,0.0,0.0035,101975,0.0054,284.81,0.35,0.46
2016-10-20 12:00:00,0.0,275.73,0.0,0.0035,101946,0.0054,284.23,-0.03,0.37
2016-10-20 13:00:00,0.0,275.73,0.0,0.0006,101968,0.0054,283.66,0.08,0.39
2016-10-20 14:00:00,0.0,275.73,0.0,0.0006,101989,0.0054,283.08,0.19,0.42
2016-10-20 15:00:00,0.0,292.7,108.176,0.0006,102010,0.0054,282.51,0.3,0.45
2016-10-20 16:00:00,0.0,292.69,272.533,0.2183,102004,0.0056,285.82,0.32,0.26
2016-10-20 17:00:00,0.0,292.68,431.529,0.2183,101997,0.0059,289.12,0.35,0.07
2016-10-20 18:00:00,0.0,329.02,561.571,0.2183,101991,0.0062,292.43,0.37,-0.12
2016-10-20 19:00:00,0.0,329.01,640.275,0.5823,101980,0.0061,294.45,0.38,-0.22
2016-10-20 20:00:00,0.0,329.0,670.385,0.5823,101967,0.0061,296.47,0.39,-0.32
2016-10-20 21:00:00,0.0,343.2,633.952,0.5823,101956,0.0061,298.49,0.4,-0.42
2016-10-20 22:00:00,0.0,343.2,530.816,0.5046,101836,0.0061,298.94,0.77,-0.65
2016-10-20 23:00:00,0.0,343.19,378.192,0.5046,101715,0.0062,299.39,1.13,-0.89
2016-10-21 00:00:00,0.0,314.96,173.568,0.5046,101595,0.0063,299.84,1.5,-1.12
2016-10-21 01:00:00,0.0,314.96,37.602,0.0418,101586,0.0063,298.08,1.58,-0.97
2016-10-21 02:00:00,0.0,314.97,0.0,0.0418,101578,0.0064,296.32,1.67,-0.82
2016-10-21 03:00:00,0.0,297.53,0.0,0.0418,101569,0.0064,294.56,1.75,-0.67
2016-10-21 04:00:00,0.0,297.54,0.0,0.0107,101549,0.0064,293.29,1.63,-0.37
2016-10-21 05:00:00,0.0,297.54,0.0,0.0107,101529,0.0065,292.01,1.51,-0.07
2016-10-21 06:00:00,0.0,291.81,0.0,0.0107,101509,0.0065,290.74,1.39,0.23
2016-10-21 07:00:00,0.0,291.81,0.0,0.004,101501,0.0065,289.84,1.0,0.34
2016-10-21 08:00:00,0.0,291.81,0.0,0.004,101494,0.0065,288.95,0.62,0.44
2016-10-21 09:00:00,0.0,286.09,0.0,0.004,101487,0.0065,288.05,0.23,0.55
2016-10-21 10:00:00,0.0,286.09,0.0,-0.0015,101463,0.0064,287.31,0.33,0.58
2016-10-21 11:00:00,0.0,286.09,0.0,-0.0015,101438,0.0064,286.57,0.42,0.62
2016-10-21 12:00:00,0.0,279.49,0.0,-0.0015,101414,0.0063,285.84,0.52,0.65
2016-10-21 13:00:00,0.0,279.49,0.0,-0.0044,101412,0.0063,285.29,0.46,0.43
2016-10-21 14:00:00,0.0,279.49,0.0,-0.0044,101411,0.0063,284.74,0.41,0.22
2016-10-21 15:00:00,0.0,294.94,105.68,-0.0044,101409,0.0063,284.19,0.36,0.01
2016-10-21 16:00:00,0.0,294.94,270.939,0.2109,101380,0.0067,287.29,0.48,0.15
2016-10-21 17:00:00,0.0,294.93,430.634,0.2109,101350,0.0071,290.39,0.59,0.3
2016-10-21 18:00:00,0.0,332.43,556.683,0.2109,101321,0.0074,293.49,0.71,0.45
2016-10-21 19:00:00,0.0,332.42,635.034,0.5601,101314,0.0075,295.37,0.87,0.31
2016-10-21 20:00:00,0.0,332.42,664.879,0.5601,101308,0.0076,297.25,1.04,0.18
2016-10-21 21:00:00,0.0,347.2,619.927,0.5601,101301,0.0077,299.13,1.2,0.04
2016-10-21 22:00:00,0.0,347.2,518.432,0.5031,101204,0.0077,299.38,1.99,-0.18
2016-10-21 23:00:00,0.0,347.2,368.376,0.5031,101107,0.0077,299.64,2.78,-0.4
2016-10-22 00:00:00,0.0,325.92,164.176,0.5031,101010,0.0078,299.89,3.57,-0.62
2016-10-22 01:00:00,0.0,325.92,33.222,0.0621,100976,0.0079,297.35,3.48,-0.37
2016-10-22 02:00:00,0.0,325.93,0.0,0.0621,100942,0.0079,294.82,3.39,-0.13
2016-10-22 03:00:00,0.0,312.77,0.0,0.0621,100907,0.008,292.28,3.3,0.12
2016-10-22 04:00:00,0.0,312.77,0.0,0.0216,100976,0.008,291.12,3.19,0.26
2016-10-22 05:00:00,0.0,312.78,0.0,0.0216,101044,0.008,289.96,3.08,0.39
2016-10-22 06:00:00,0.0,310.32,0.0,0.0216,101112,0.008,288.8,2.97,0.52
2016-10-22 07:00:00,0.0,310.32,0.0,0.0067,101090,0.008,288.32,2.69,0.53
2016-10-22 08:00:00,0.0,310.32,0.0,0.0067,101067,0.0079,287.84,2.42,0.55
2016-10-22 09:00:00,0.0,305.38,0.0,0.0067,101045,0.0079,287.36,2.14,0.56
2016-10-22 10:00:00,0.0,305.38,0.0,-0.0015,101091,0.0077,286.95,1.81,0.66
2016-10-22 11:00:00,0.0,305.38,0.0,-0.0015,101138,0.0076,286.54,1.49,0.75
2016-10-22 12:00:00,0.0,296.85,0.0,-0.0015,101183,0.0075,286.13,1.16,0.85
2016-10-22 13:00:00,0.0,296.85,0.0,-0.004,101143,0.0075,285.82,1.22,0.72
2016-10-22 14:00:00,0.0,296.85,0.0,-0.004,101101,0.0074,285.52,1.28,0.6
2016-10-22 15:00:00,0.0,318.86,93.984,-0.004,101060,0.0074,285.21,1.34,0.47
2016-10-22 16:00:00,0.0,318.85,245.416,0.2178,101094,0.0074,287.96,1.42,0.51
2016-10-22 17:00:00,0.0,318.84,391.557,0.2178,101128,0.0075,290.7,1.5,0.54
2016-10-22 18:00:00,0.0,346.96,489.32,0.2178,101163,0.0075,293.45,1.57,0.58
2016-10-22 19:00:00,0.0,346.96,558.477,0.5446,101111,0.0073,294.84,2.08,0.37
2016-10-22 20:00:00,0.0,346.95,584.713,0.5446,101060,0.0071,296.23,2.58,0.17
2016-10-22 21:00:00,0.0,356.46,559.679,0.5446,101008,0.0069,297.63,3.09,-0.03
2016-10-22 22:00:00,0.0,356.46,467.472,0.5098,100982,0.0067,297.78,3.37,0.1
2016-10-22 23:00:00,0.0,356.46,331.272,0.5098,100956,0.0065,297.94,3.65,0.23
2016-10-23 00:00:00,0.0,301.23,173.376,0.5098,100931,0.0063,298.1,3.93,0.36
2016-10-23 01:00:00,0.0,301.23,32.552,0.0711,100900,0.0062,295.31,3.73,0.11
2016-10-23 02:00:00,0.0,301.24,0.0,0.0711,100869,0.0062,292.53,3.53,-0.15
2016-10-23 03:00:00,0.0,304.01,0.0,0.0711,100839,0.0062,289.74,3.33,-0.4
2016-10-23 04:00:00,0.0,304.01,0.0,0.0317,100916,0.0062,288.86,3.01,0.04
2016-10-23 05:00:00,0.0,304.02,0.0,0.0317,100991,0.0063,287.97,2.7,0.48
2016-10-23 06:00:00,0.0,311.2,0.0,0.0317,101067,0.0063,287.09,2.38,0.92
2016-10-23 07:00:00,0.0,311.2,0.0,0.0185,101069,0.0063,286.63,2.11,0.85
2016-10-23 08:00:00,0.0,311.2,0.0,0.0185,101071,0.0063,286.17,1.84,0.78
2016-10-23 09:00:00,0.0,311.31,0.0,0.0185,101073,0.0063,285.71,1.58,0.71
2016-10-23 10:00:00,0.0,311.31,0.0,0.0106,101141,0.0062,285.3,1.31,0.9
2016-10-23 11:00:00,0.0,311.31,0.0,0.0106,101210,0.0062,284.88,1.04,1.08
2016-10-23 12:00:00,0.0,281.69,0.0,0.0106,101279,0.0062,284.46,0.77,1.27
2016-10-23 13:00:00,0.0,281.69,0.0,0.0015,101235,0.0061,284.14,0.44,1.11
2016-10-23 14:00:00,0.0,281.69,0.0,0.0015,101192,0.006,283.82,0.12,0.94
2016-10-23 15:00:00,0.0,313.61,87.392,0.0015,101149,0.0059,283.51,-0.21,0.78
2016-10-23 16:00:00,0.0,313.6,232.632,0.2146,101235,0.0061,286.48,-0.12,0.63
2016-10-23 17:00:00,0.0,313.59,372.657,0.2146,101321,0.0062,289.44,-0.03,0.49
2016-10-23 18:00:00,0.0,375.13,400.815,0.2146,101408,0.0063,292.41,0.06,0.35
2016-10-23 19:00:00,0.0,375.12,457.731,0.4896,101349,0.0062,293.99,0.43,0.53
2016-10-23 20:00:00,0.0,375.12,479.241,0.4896,101291,0.0061,295.56,0.81,0.72
2016-10-23 21:00:00,0.0,383.75,462.25,0.4896,101232,0.006,297.13,1.19,0.9
2016-10-23 22:00:00,0.0,383.75,385.632,0.4384,101156,0.006,297.6,1.42,0.95
2016-10-23 23:00:00,0.0,383.74,272.536,0.4384,101080,0.006,298.06,1.66,1.0
2016-10-24 00:00:00,0.0,316.39,162.036,0.4384,101004,0.006,298.52,1.89,1.05
2016-10-24 01:00:00,0.0,316.4,28.009,0.0416,100976,0.0061,296.31,2.1,0.49
2016-10-24 02:00:00,0.0,316.4,0.0,0.0416,100949,0.0062,294.09,2.3,-0.06
2016-10-24 03:00:00,0.0,327.01,0.0,0.0416,100921,0.0063,291.88,2.5,-0.61
2016-10-24 04:00:00,0.0,327.01,0.0,0.0336,101018,0.0065,291.02,2.5,-0.52
2016-10-24 05:00:00,0.0,327.01,0.0,0.0336,101114,0.0067,290.17,2.49,-0.43
2016-10-24 06:00:00,0.0,367.9,0.0,0.0336,101211,0.0069,289.32,2.49,-0.34
2016-10-24 07:00:00,0.0,367.9,0.0,0.0312,101253,0.007,289.54,1.47,0.5
2016-10-24 08:00:00,0.0,367.89,0.0,0.0312,101294,0.007,289.77,0.46,1.35
2016-10-24 09:00:00,0.0,364.06,0.0,0.0312,101336,0.0071,289.99,-0.56,2.19
2016-10-24 10:00:00,0.0,364.06,0.0,0.0292,101343,0.0081,289.46,-1.2,2.34
2016-10-24 11:00:00,0.0,364.06,0.0,0.0292,101349,0.009,288.93,-1.84,2.48
2016-10-24 12:00:00,0.0,346.45,0.0,0.0292,101356,0.0099,288.4,-2.47,2.63
2016-10-24 13:00:00,0.0002,346.45,0.0,0.0096,101327,0.0097,288.06,-2.48,2.9
2016-10-24 14:00:00,0.002,346.45,0.0,0.0096,101297,0.0096,287.71,-2.49,3.17
2016-10-24 15:00:00,0.0,327.18,89.392,0.0096,101268,0.0094,287.37,-2.49,3.43
2016-10-24 16:00:00,0.0,327.18,242.834,0.2426,101309,0.0094,289.84,-2.4,3.91
2016-10-24 17:00:00,0.0,327.17,390.583,0.2426,101350,0.0094,292.31,-2.31,4.38
2016-10-24 18:00:00,0.0,363.29,473.187,0.2426,101391,0.0094,294.79,-2.22,4.85
2016-10-24 19:00:00,0.0,363.29,540.692,0.6247,101338,0.009,295.88,-1.73,5.48
2016-10-24 20:00:00,0.0,363.29,566.102,0.6247,101285,0.0086,296.97,-1.25,6.1
2016-10-24 21:00:00,0.0,383.0,494.538,0.6247,101232,0.0081,298.07,-0.76,6.72
2016-10-24 22:00:00,0.0,383.01,412.064,0.5569,101187,0.0081,297.95,-0.37,6.75
2016-10-24 23:00:00,0.0,383.01,290.432,0.5569,101142,0.0081,297.84,0.01,6.79
2016-10-25 00:00:00,0.0,361.41,130.368,0.5569,101096,0.0081,297.72,0.4,6.82
2016-10-25 01:00:00,0.0028,361.41,20.552,0.1713,101161,0.0082,295.85,0.68,5.45
2016-10-25 02:00:00,0.0,361.42,0.0,0.1713,101227,0.0083,293.98,0.95,4.09
2016-10-25 03:00:00,0.1582,377.99,0.0,0.1713,101292,0.0084,292.11,1.23,2.73
2016-10-25 04:00:00,0.1898,377.99,0.0,0.0625,101355,0.0085,291.89,0.95,2.34
2016-10-25 05:00:00,0.2702,377.99,0.0,0.0625,101417,0.0086,291.67,0.66,1.95
2016-10-25 06:00:00,0.283,382.97,0.0,0.0625,101478,0.0088,291.45,0.38,1.56
2016-10-25 07:00:00,0.2246,382.97,0.0,0.0281,101541,0.0089,291.34,0.54,1.19
2016-10-25 08:00:00,0.001,382.97,0.0,0.0281,101604,0.009,291.22,0.69,0.82
2016-10-25 09:00:00,0.0296,376.86,0.0,0.0281,101667,0.0091,291.11,0.85,0.45
2016-10-25 10:00:00,0.0006,376.86,0.0,0.016,101629,0.0093,290.7,0.82,0.52
2016-10-25 11:00:00,0.0558,376.87,0.0,0.016,101591,0.0096,290.28,0.8,0.59
2016-10-25 12:00:00,0.2894,387.85,0.0,0.016,101554,0.0099,289.87,0.77,0.66
2016-10-25 13:00:00,0.1328,387.85,0.0,0.0258,101597,0.0098,289.6,-0.29,0.79
2016-10-25 14:00:00,0.0692,387.85,0.0,0.0258,101639,0.0098,289.34,-1.36,0.93
2016-10-25 15:00:00,0.3094,390.42,26.432,0.0258,101682,0.0098,289.07,-2.42,1.06
2016-10-25 16:00:00,0.0486,390.42,73.345,0.1096,101710,0.0098,289.9,-2.39,1.53
2016-10-25 17:00:00,0.0036,390.41,118.467,0.1096,101738,0.0098,290.73,-2.35,2.0
2016-10-25 18:00:00,0.0416,398.46,113.119,0.1096,101767,0.0098,291.56,-2.31,2.48
2016-10-25 19:00:00,0.2168,398.46,129.328,0.182,101752,0.0099,292.33,-2.28,2.92
2016-10-25 20:00:00,0.104,398.46,135.423,0.182,101739,0.01,293.09,-2.25,3.37
2016-10-25 21:00:00,0.0392,399.51,146.442,0.182,101725,0.0102,293.86,-2.22,3.81
2016-10-25 22:00:00,0.0,399.51,121.872,0.1671,101740,0.0103,293.6,-1.77,3.4
2016-10-25 23:00:00,0.0,399.51,85.664,0.1671,101755,0.0105,293.35,-1.32,2.98
2016-10-26 00:00:00,0.0,349.04,138.328,0.1671,101770,0.0106,293.09,-0.88,2.56
2016-10-26 01:00:00,0.0,349.04,19.662,0.0343,101681,0.0105,292.39,-0.69,1.83
2016-10-26 02:00:00,0.0,349.04,0.0,0.0343,101592,0.0103,291.69,-0.51,1.09
2016-10-26 03:00:00,0.0,336.62,0.0,0.0343,101504,0.0101,291.0,-0.33,0.35
2016-10-26 04:00:00,0.0,336.62,0.0,-0.0046,101545,0.01,290.41,-0.2,0.15
2016-10-26 05:00:00,0.0,336.63,0.0,-0.0046,101586,0.0099,289.83,-0.08,-0.05
2016-10-26 06:00:00,0.0,329.79,0.0,-0.0046,101628,0.0097,289.25,0.05,-0.25
2016-10-26 07:00:00,0.0,329.79,0.0,-0.0087,101625,0.0096,288.79,0.11,-0.2
2016-10-26 08:00:00,0.0,329.79,0.0,-0.0087,101624,0.0094,288.33,0.17,-0.15
2016-10-26 09:00:00,0.0,320.58,0.0,-0.0087,101622,0.0093,287.88,0.22,-0.11
2016-10-26 10:00:00,0.0,320.58,0.0,-0.0118,101608,0.0091,287.48,0.55,-0.02
2016-10-26 11:00:00,0.0,320.58,0.0,-0.0118,101594,0.0089,287.08,0.87,0.07
2016-10-26 12:00:00,0.0,300.29,0.0,-0.0118,101580,0.0087,286.68,1.2,0.16
2016-10-26 13:00:00,0.0,300.29,0.0,-0.0131,101584,0.0085,286.22,0.61,0.28
2016-10-26 14:00:00,0.0,300.3,0.0,-0.0131,101587,0.0083,285.77,0.03,0.39
2016-10-26 15:00:00,0.0,317.03,85.632,-0.0131,101591,0.008,285.32,-0.56,0.51
2016-10-26 16:00:00,0.0,317.02,243.014,0.1869,101656,0.0084,288.34,-0.49,0.72
2016-10-26 17:00:00,0.0,317.01,394.238,0.1869,101722,0.0088,291.37,-0.41,0.93
2016-10-26 18:00:00,0.0,354.34,509.029,0.1869,101788,0.0092,294.39,-0.34,1.13
2016-10-26 19:00:00,0.0,354.34,582.368,0.5633,101701,0.0089,296.04,-0.25,1.51
2016-10-26 20:00:00,0.0,354.33,609.793,0.5633,101615,0.0085,297.68,-0.16,1.89
2016-10-26 21:00:00,0.0,368.45,566.458,0.5633,101529,0.0082,299.32,-0.07,2.27
2016-10-26 22:00:00,0.0,368.45,470.864,0.4885,101485,0.0082,299.6,0.13,2.33
2016-10-26 23:00:00,0.0,368.45,330.104,0.4885,101440,0.0082,299.88,0.34,2.39
2016-10-27 00:00:00,0.0,323.81,156.612,0.4885,101396,0.0081,300.16,0.54,2.45
2016-10-27 01:00:00,0.0,323.82,19.785,0.0497,101356,0.008,297.49,1.43,1.25
2016-10-27 02:00:00,0.0,323.82,0.0,0.0497,101316,0.0079,294.83,2.32,0.04
2016-10-27 03:00:00,0.0,317.99,0.0,0.0497,101276,0.0078,292.17,3.21,-1.17
2016-10-27 04:00:00,0.0,318.0,0.0,0.023,101330,0.0079,291.2,3.01,-1.05
2016-10-27 05:00:00,0.0,318.0,0.0,0.023,101384,0.0081,290.23,2.82,-0.93
2016-10-27 06:00:00,0.0,355.06,0.0,0.023,101438,0.0082,289.26,2.63,-0.82
2016-10-27 07:00:00,0.0,355.06,0.0,0.0233,101455,0.0083,289.28,2.0,-0.71
2016-10-27 08:00:00,0.0,355.06,0.0,0.0233,101472,0.0085,289.31,1.37,-0.6
2016-10-27 09:00:00,0.0,382.8,0.0,0.0233,101489,0.0086,289.33,0.75,-0.49
2016-10-27 10:00:00,0.0,382.8,0.0,0.0201,101444,0.0089,289.27,0.3,-0.47
2016-10-27 11:00:00,0.0002,382.8,0.0,0.0201,101400,0.0091,289.21,-0.14,-0.44
2016-10-27 12:00:00,0.0004,370.87,0.0,0.0201,101356,0.0094,289.16,-0.59,-0.41
2016-10-27 13:00:00,0.0,370.87,0.0,0.0125,101367,0.0093,289.13,-0.36,-0.55
2016-10-27 14:00:00,0.0,370.87,0.0,0.0125,101378,0.0092,289.1,-0.13,-0.7
2016-10-27 15:00:00,0.001,387.44,22.32,0.0125,101390,0.0092,289.07,0.09,-0.85
2016-10-27 16:00:00,0.3658,387.44,64.874,0.0902,101505,0.0088,288.24,-0.56,-0.33
2016-10-27 17:00:00,0.2036,387.45,105.706,0.0902,101622,0.0085,287.42,-1.22,0.2
2016-10-27 18:00:00,0.7218,386.64,122.968,0.0902,101738,0.0082,286.59,-1.87,0.72
2016-10-27 19:00:00,0.0516,386.64,140.767,0.143,101670,0.0087,287.28,-2.1,1.17
2016-10-27 20:00:00,0.0248,386.64,147.414,0.143,101602,0.0092,287.97,-2.33,1.63
2016-10-27 21:00:00,0.5088,374.92,231.12,0.143,101533,0.0096,288.66,-2.56,2.09
2016-10-27 22:00:00,0.481,374.92,191.888,0.1411,101502,0.0096,288.72,-2.42,2.1
2016-10-27 23:00:00,0.6452,374.92,134.168,0.1411,101471,0.0097,288.78,-2.29,2.11
2016-10-28 00:00:00,0.2306,386.85,42.344,0.1411,101439,0.0097,288.84,-2.16,2.13
2016-10-28 01:00:00,0.1272,386.85,4.668,0.0361,101361,0.0098,288.69,-1.47,1.45
2016-10-28 02:00:00,0.0138,386.85,0.0,0.0361,101283,0.0099,288.54,-0.79,0.77
2016-10-28 03:00:00,0.1336,388.86,0.0,0.0361,101205,0.01,288.39,-0.1,0.09
2016-10-28 04:00:00,1.1506,388.86,0.0,0.0166,101186,0.0102,288.53,-0.67,0.68
2016-10-28 05:00:00,0.7716,388.86,0.0,0.0166,101166,0.0104,288.68,-1.24,1.26
2016-10-28 06:00:00,1.059,390.64,0.0,0.0166,101147,0.0106,288.83,-1.81,1.84
2016-10-28 07:00:00,1.6434,390.64,0.0,0.0097,101145,0.0107,288.99,-1.42,1.34
2016-10-28 08:00:00,1.3452,390.64,0.0,0.0097,101142,0.0109,289.15,-1.04,0.84
2016-10-28 09:00:00,1.8153,391.65,0.0,0.0097,101140,0.0111,289.32,-0.65,0.34
2016-10-28 10:00:00,2.142,391.65,0.0,0.0037,101086,0.0112,289.45,-0.3,-0.18
2016-10-28 11:00:00,0.7596,391.65,0.0,0.0037,101033,0.0113,289.58,0.05,-0.69
2016-10-28 12:00:00,0.563,390.2,0.0,0.0037,100979,0.0114,289.72,0.39,-1.21
2016-10-28 13:00:00,1.7166,390.2,0.0,0.0035,100991,0.0112,289.67,0.43,-1.27
2016-10-28 14:00:00,0.4974,390.2,0.0,0.0035,101003,0.0111,289.62,0.46,-1.33
2016-10-28 15:00:00,0.8054,384.08,46.992,0.0035,101016,0.011,289.57,0.49,-1.39
2016-10-28 16:00:00,2.408,384.07,140.052,0.1101,101050,0.0111,290.1,1.01,-1.19
2016-10-28 17:00:00,3.6272,384.07,229.259,0.1101,101084,0.0112,290.64,1.53,-0.99
2016-10-28 18:00:00,2.6052,381.56,292.028,0.1101,101117,0.0113,291.17,2.05,-0.8
2016-10-28 19:00:00,0.2564,381.55,334.534,0.2448,101141,0.0111,291.75,1.34,-0.07
2016-10-28 20:00:00,0.0092,381.55,350.348,0.2448,101164,0.0108,292.33,0.63,0.66
2016-10-28 21:00:00,0.0,376.68,323.488,0.2448,101188,0.0106,292.91,-0.08,1.39
2016-10-28 22:00:00,0.0,376.68,268.272,0.22,101227,0.0105,292.67,-0.23,1.62
2016-10-28 23:00:00,0.0,376.68,187.072,0.22,101266,0.0104,292.43,-0.38,1.85
2016-10-29 00:00:00,0.0,369.33,79.336,0.22,101305,0.0104,292.19,-0.54,2.08
2016-10-29 01:00:00,0.0166,369.33,7.445,0.0334,101301,0.0104,291.55,-0.45,1.45
2016-10-29 02:00:00,0.1404,369.33,0.0,0.0334,101296,0.0104,290.9,-0.37,0.81
2016-10-29 03:00:00,0.009,341.14,0.0,0.0334,101290,0.0104,290.26,-0.29,0.18
2016-10-29 04:00:00,0.0024,341.14,0.0,0.0007,101313,0.0102,289.38,0.3,-0.4
2016-10-29 05:00:00,0.0,341.14,0.0,0.0007,101335,0.0099,288.5,0.9,-0.99
2016-10-29 06:00:00,0.0692,318.13,0.0,0.0007,101357,0.0096,287.62,1.5,-1.57
2016-10-29 07:00:00,0.0188,318.13,0.0,-0.0109,101317,0.0095,287.24,1.57,-1.6
2016-10-29 08:00:00,0.0562,318.14,0.0,-0.0109,101277,0.0093,286.87,1.63,-1.62
2016-10-29 09:00:00,0.0,317.29,0.0,-0.0109,101237,0.0092,286.49,1.7,-1.65
2016-10-29 10:00:00,0.0,317.29,0.0,-0.012,101236,0.0091,286.36,1.64,-1.22
2016-10-29 11:00:00,0.0,317.29,0.0,-0.012,101235,0.009,286.22,1.57,-0.8
2016-10-29 12:00:00,0.0,355.51,0.0,-0.012,101234,0.0089,286.08,1.51,-0.37
2016-10-29 13:00:00,0.0008,355.51,0.0,-0.0029,101234,0.0091,286.44,1.43,-0.17
2016-10-29 14:00:00,0.0,355.51,0.0,-0.0029,101234,0.0093,286.79,1.35,0.03
2016-10-29 15:00:00,0.0,371.49,40.384,-0.0029,101234,0.0096,287.15,1.28,0.23
2016-10-29 16:00:00,0.0,371.49,123.569,0.0955,101297,0.0099,288.55,1.24,0.54
2016-10-29 17:00:00,0.0,371.48,203.238,0.0955,101359,0.0103,289.94,1.2,0.86
2016-10-29 18:00:00,0.0,379.84,345.104,0.0955,101422,0.0106,291.34,1.16,1.17
2016-10-29 19:00:00,0.0,379.83,395.62,0.3192,101385,0.0106,292.81,1.22,1.14
2016-10-29 20:00:00,0.0,379.83,414.361,0.3192,101350,0.0105,294.27,1.29,1.11
2016-10-29 21:00:00,0.0,382.36,479.776,0.3192,101314,0.0104,295.74,1.35,1.08
2016-10-29 22:00:00,0.0,382.36,397.424,0.3549,101329,0.0102,295.98,1.77,1.18
2016-10-29 23:00:00,0.0,382.36,276.4,0.3549,101344,0.01,296.22,2.19,1.27
2016-10-30 00:00:00,0.0,377.44,105.24,0.3549,101360,0.0098,296.46,2.61,1.36
2016-10-30 01:00:00,0.0,377.44,8.122,0.0506,101302,0.0099,294.95,2.68,0.66
2016-10-30 02:00:00,0.0,377.44,0.0,0.0506,101244,0.01,293.44,2.75,-0.05
2016-10-30 03:00:00,0.0004,338.32,0.0,0.0506,101186,0.0101,291.93,2.82,-0.75
2016-10-30 04:00:00,0.0,338.32,0.0,0.0097,101172,0.0099,291.12,2.59,-0.68
2016-10-30 05:00:00,0.0,338.32,0.0,0.0097,101158,0.0098,290.3,2.36,-0.61
2016-10-30 06:00:00,0.0,322.71,0.0,0.0097,101143,0.0097,289.48,2.13,-0.54
2016-10-30 07:00:00,0.0,322.71,0.0,-0.003,101124,0.0095,289.02,1.93,-0.36
2016-10-30 08:00:00,0.0,322.71,0.0,-0.003,101105,0.0094,288.55,1.73,-0.19
2016-10-30 09:00:00,0.0,361.13,0.0,-0.003,101087,0.0092,288.09,1.54,-0.01
2016-10-30 10:00:00,0.0,361.13,0.0,0.0046,101070,0.0093,288.07,1.49,-0.08
2016-10-30 11:00:00,0.0,361.13,0.0,0.0046,101055,0.0094,288.06,1.45,-0.15
2016-10-30 12:00:00,0.0,302.07,0.0,0.0046,101039,0.0095,288.04,1.41,-0.21
2016-10-30 13:00:00,0.0,302.07,0.0,-0.0149,100989,0.0093,287.32,0.84,0.56
2016-10-30 14:00:00,0.0,302.07,0.0,-0.0149,100938,0.009,286.61,0.26,1.34
2016-10-30 15:00:00,0.003,341.4,48.016,-0.0149,100887,0.0087,285.89,-0.31,2.11
2016-10-30 16:00:00,0.0008,341.4,151.118,0.1896,100962,0.0088,288.24,-1.51,3.78
2016-10-30 17:00:00,0.0024,341.39,249.766,0.1896,101037,0.0088,290.58,-2.71,5.44
2016-10-30 18:00:00,0.5114,380.73,231.507,0.1896,101112,0.0089,292.93,-3.91,7.11
2016-10-30 19:00:00,1.7924,380.74,265.581,0.3182,101096,0.0088,292.69,-2.61,7.09
2016-10-30 20:00:00,1.319,380.74,278.21,0.3182,101079,0.0087,292.44,-1.3,7.08
2016-10-30 21:00:00,0.0666,359.45,374.432,0.3182,101063,0.0086,292.2,0.01,7.06
2016-10-30 22:00:00,0.1628,359.45,309.824,0.352,101140,0.0084,292.32,0.34,6.49
2016-10-30 23:00:00,0.022,359.45,214.904,0.352,101216,0.0082,292.44,0.68,5.91
2016-10-31 00:00:00,0.0,351.66,92.316,0.352,101292,0.008,292.55,1.01,5.33
2016-10-31 01:00:00,0.0,351.66,5.561,0.0873,101346,0.0081,291.36,1.17,4.37
2016-10-31 02:00:00,0.1,351.67,0.0,0.0873,101400,0.0082,290.17,1.33,3.4
2016-10-31 03:00:00,0.042,345.81,0.0,0.0873,101453,0.0083,288.98,1.49,2.44
2016-10-31 04:00:00,0.074,345.81,0.0,0.0216,101568,0.0083,288.62,1.18,1.92
2016-10-31 05:00:00,0.1012,345.81,0.0,0.0216,101684,0.0083,288.26,0.87,1.4
2016-10-31 06:00:00,0.021,338.45,0.0,0.0216,101799,0.0083,287.9,0.56,0.88
2016-10-31 07:00:00,0.0,338.45,0.0,0.0063,101805,0.0082,287.52,0.45,0.73
2016-10-31 08:00:00,0.0,338.45,0.0,0.0063,101811,0.0081,287.14,0.33,0.57
2016-10-31 09:00:00,0.0,312.52,0.0,0.0063,101817,0.008,286.76,0.21,0.42
2016-10-31 10:00:00,0.0136,312.52,0.0,-0.0029,101791,0.0078,286.15,0.18,0.32
2016-10-31 11:00:00,0.0,312.53,0.0,-0.0029,101765,0.0076,285.53,0.16,0.22
2016-10-31 12:00:00,0.0,285.96,0.0,-0.0029,101739,0.0075,284.92,0.13,0.12
2016-10-31 13:00:00,0.0,285.96,0.0,-0.01,101770,0.0073,284.35,0.17,0.21
2016-10-31 14:00:00,0.0,285.97,0.0,-0.01,101800,0.0072,283.78,0.21,0.3
2016-10-31 15:00:00,0.0,294.43,70.736,-0.01,101830,0.0071,283.21,0.25,0.39
2016-10-31 16:00:00,0.0,294.43,229.328,0.1462,101880,0.0075,285.45,0.14,0.3
2016-10-31 17:00:00,0.0,294.42,380.926,0.1462,101931,0.0079,287.7,0.03,0.2
2016-10-31 18:00:00,0.0,326.38,472.336,0.1462,101982,0.0083,289.95,-0.08,0.11
2016-10-31 19:00:00,0.0,326.38,542.28,0.4169,101860,0.008,290.92,0.36,0.53
2016-10-31 20:00:00,0.0,326.37,568.126,0.4169,101738,0.0077,291.89,0.8,0.96
2016-10-31 21:00:00,0.0,357.52,410.336,0.4169,101616,0.0075,292.86,1.24,1.39
2016-10-31 22:00:00,0.0,357.52,339.168,0.318,101514,0.0074,292.69,1.13,1.81
2016-10-31 23:00:00,0.0,357.53,234.64,0.318,101412,0.0074,292.52,1.01,2.23
2016-11-01 00:00:00,0.0,313.69,114.372,0.318,101310,0.0073,292.34,0.9,2.65
2016-11-01 01:00:00,0.0,313.7,4.923,0.0329,101270,0.0073,290.73,0.51,2.68
2016-11-01 02:00:00,0.0,313.7,0.0,0.0329,101230,0.0072,289.12,0.12,2.72
2016-11-01 03:00:00,0.0014,309.74,0.0,0.0329,101189,0.0072,287.51,-0.28,2.75
2016-11-01 04:00:00,0.0027,309.74,0.0,0.0156,101287,0.0073,287.16,-0.26,2.6
2016-11-01 05:00:00,0.002,309.74,0.0,0.0156,101385,0.0074,286.82,-0.25,2.46
2016-11-01 06:00:00,0.0086,354.43,0.0,0.0156,101482,0.0075,286.48,-0.24,2.31
2016-11-01 07:00:00,0.0,354.43,0.0,0.0228,101493,0.0075,286.57,-0.26,2.42
